filename,R1_Mid_Lower_Ratio,R2_Cheek_Jaw_Ratio,R3_Face_Compactness,E4_Canthal_Tilt,E5_Eye_Aspect_Ratio,E6_Interocular_Ratio,B7_Eyebrow_Height,B8_Eyebrow_Arch,B9_Eyebrow_Thickness,N10_Nose_Width_Ratio,N11_Nose_Length_Ratio,N12_Nose_Bridge_Ratio,L13_Lip_Fullness,L14_Upper_Lower_Ratio,L15_Mouth_Nose_Ratio,J16_Chin_Compactness,S17_Skin_Homogeneity,S18_Skin_Lightness,S19_Skin_Contrast,A20_Philtrum_Ratio,A21_Nasolabial_Fold,A22_Crows_Feet,A23_Periorbital_Aging,SYM_Symmetry_Index,score
AF10.jpg,0.963905274085868,1.3303139344434431,0.8508791665188978,7.408628396911982,0.38320512931733597,1.3365003958896478,0.8482060327974726,140.12978067814493,1.8376651247359337,1.0709038135421944,0.7503508581846788,0.297662711321119,0.3157675515685935,0.59332172503924,1.2228451570448338,0.5045832322176221,5.570755742948181,221.10898721740517,36.75397366726966,0.5002014636938253,0.0,14.837869623655912,10.78327092678046,0.0042670987987891845,3.433333
AF100.jpg,1.0377833545376431,1.3103706915452853,0.91586708368364,9.25568168803903,0.37702752698255393,1.3269319635818493,0.7707602394416833,145.49452712714714,1.8594500477165987,1.0867862041080376,0.7728633427831432,0.3015817135488509,0.27500402911579747,0.6354331984730914,1.2441952235504388,0.5026148832047562,4.009236134327447,188.81866187351667,44.37655661035876,0.5193905899142492,1.9245283018867925,15.336784550953931,11.177611311845894,0.01239030417068199,2.9
AF1000.jpg,0.8715925689548965,1.267244229041814,0.846622186628414,3.341755789854549,0.35887950007098957,1.348992424188876,0.8820777944898223,142.70960377546248,2.038345546883557,1.0901285763326463,0.7334381025457974,0.3081527417152052,0.5271503148287964,0.7462108473088985,1.0988465384971493,0.44797921269606517,8.704057190103685,211.74946185500897,58.718268093761225,0.48206605817817716,0.0,17.79107945500515,25.9125155339014,0.06742349271690898,3.966667
AF1003.jpg,1.0086454913391874,1.3417153426058115,0.8423670824651474,8.520775310279383,0.3883860159409345,1.314140693310224,0.8344504111838845,143.54568460700693,1.8391807963543878,1.0980834289182313,0.7661475786999994,0.3061635408532348,0.3003479031914748,0.646304212363728,1.222899795465951,0.4707970840026973,2.9021593681363873,197.70992832530646,63.38156044965879,0.6133377975063516,0.0,7.606053910737959,17.350362156157274,0.020322563886080742,2.866667
AF1005.jpg,0.8813180511296476,1.259428063384519,0.888156203392111,6.7760144184425455,0.3301412654628184,1.2955054551716267,0.7784643686974758,146.71484708531761,2.162613657739439,1.1763030674419221,0.7753716451406701,0.31344418682201286,0.3579292149698025,0.803113833842956,1.2127146589000368,0.512157864121489,4.701309385671063,197.26389419010218,50.81670509299826,0.4227049521823054,0.0,10.16214953271028,16.254860387304646,0.03166026371418904,2.216667
AF1008.jpg,1.0985943471183666,1.3642200209490127,0.814531006908176,6.525626238967153,0.41974269627451927,1.314803488743981,0.817478540731745,140.75559909424265,1.7178913921760388,1.0620518141975863,0.7647927337467719,0.30551830165549076,0.45082111277951176,0.6637186833073231,1.1673042262249909,0.3786377051953396,16.857865538369218,181.08170140856487,37.6238799507434,0.7107782115778664,3.337506843204445,24.38970175329132,3.714383968654701,0.060801307494650694,2.783333
AF1010.jpg,0.9338035464169697,1.286135859197952,0.8679408392596681,6.203714698240489,0.3460356456014954,1.4076862157066798,0.8965593849906429,140.0016946097292,2.1089583841030493,1.0581783064028647,0.7519186337628004,0.29225568519069284,0.3771566715759145,0.6241822492859661,1.1670775022469702,0.4577173192615693,5.545754547592503,202.47086409157717,73.30046822238612,0.6017785959780214,1.0039370078740157,11.373335005930116,10.000740703430637,0.012533908979364137,2.583333
AF1025.jpg,0.8767089059301059,1.238722299663104,0.8159275111763241,7.065456243906009,0.3604771513675822,1.3451050416469403,0.8590054945635188,141.8526401164376,1.9848050586621329,1.2022038453364428,0.7740027378954596,0.3105970314347646,0.3213165950588018,0.693449969839573,1.2955550802497549,0.5214311864271282,4.281496942481882,194.26587847891625,44.32121127763318,0.42439789242700454,7.383884150675195,14.708999926048268,16.474106321274164,0.03254824047301407,1.866667
AF1028.jpg,0.9034037325780072,1.2987438652769574,0.9355549543641883,3.2895343427932664,0.2845153648645363,1.4177844400959911,0.9134627706329635,142.4173767845906,2.4989094893607326,1.0289891570626513,0.7150014196702015,0.29503156507694833,0.36272762830296,0.7827442463064745,1.1900691276172333,0.48836356695489697,3.7934455652978856,190.7265525952389,59.98997711398255,0.4827730802198432,2.659203852327448,18.057399928104715,16.45731580447513,0.04017338822014459,2.133333
AF1030.jpg,1.0969638850608916,1.2887313400850449,0.8701682456700469,8.720893704932504,0.32260242111891835,1.3280248730137987,0.8666560920312155,146.60485303380977,2.280708026171736,1.1990916685411606,0.7980169677375606,0.304795404124464,0.2891359047185772,0.5282482274210581,1.2066187948381621,0.5397940742420709,7.062536178083096,195.14749596984788,76.82422010777891,0.35313044081742295,4.460541474654378,17.94137051372273,24.315964673480337,0.16868991043626813,2.316667
AF1032.jpg,1.097850477194751,1.3257311745102105,0.8488625754848018,8.84059824149232,0.3717004904409679,1.4184831451669981,0.8925961983602189,142.0459789672343,2.049049412076165,1.030944356393418,0.7778876882759939,0.2870056561846496,0.38078106747897855,0.7108918290255772,1.1182677379939345,0.4576181215376995,3.494147810914428,198.1236388436633,85.62255188714154,0.5604314257647082,0.0,14.086622495020528,13.237033275413111,0.0532463192652313,3.316667
AF1040.jpg,0.8948681450186995,1.2998817224533517,0.8410729686808321,5.604669957168342,0.314262055097872,1.3319866892801129,0.8561613994545237,143.03331751769502,2.2249807150464314,1.1294196998951265,0.763606727411899,0.3038939438451576,0.4035538289384763,0.6851666039642347,1.140992476600645,0.49867698943539024,5.619239107057563,184.0950728018663,47.43106006301281,0.4403949986786754,5.29609156250902,8.251429199648197,9.58761803046579,0.0357172123261499,2.233333
AF1041.jpg,0.8565591623336338,1.2339950792348262,0.8627115189654094,6.297656112979055,0.3784195880776735,1.2511893089745336,0.825858848461764,142.25913260832957,1.791555461917093,1.2507341594848722,0.762025217113921,0.32453106452660185,0.32815918636310065,0.7209674725609678,1.1712431674074701,0.4897468436756117,12.015858697140983,181.30791448063835,49.614261307225064,0.5418621797484484,4.458521892163688,13.33943833943834,17.316626372534273,0.023055182423578294,2.383333
AF1043.jpg,0.9220376583253148,1.303244428656563,0.8447886733976782,5.801017239107633,0.3163957280487931,1.315498391734847,0.8209463319396169,142.37384065441998,2.111455766559866,1.0952619320724297,0.7554643486437681,0.29888515014418765,0.39237295583907755,0.6804800820482729,1.204038513896589,0.459862550833077,3.94247381175831,188.21085147174492,61.454636555947005,0.5523371748861663,0.0,10.099167755022647,14.675043110636167,0.014172927529038032,2.516667
AF1044.jpg,1.2246473404531666,1.3514005239239764,0.8107275598330702,7.752962280889976,0.4083873020847417,1.3589801359089468,0.8966182493923711,143.08178003044858,1.8730836540335134,1.103886697270289,0.7817996114473965,0.30226972847518535,0.291539404450025,0.6184017638681175,1.122688351908379,0.48495431401695993,5.713277013980727,168.90090037311944,58.13734288938842,0.5512560003732104,0.0,2.2556125396156306,22.80096136697837,0.02339705884930244,2.983333
AF1046.jpg,0.9634341754049117,1.2753061586255356,0.8303221378687878,9.979593654124749,0.3677851231297927,1.4653946259631796,0.8243402502019984,141.10662690446338,1.9056686101635236,1.0771300063452065,0.7606411731057694,0.28984662922264615,0.3209182200597398,0.6233050682420429,1.2021481815811805,0.45763078053050743,3.8334008251798295,173.0429194516745,50.437608096363135,0.6290988715027528,0.0,7.966403967660846,13.294927117156774,0.02836858877505489,2.283333
AF1051.jpg,0.999482119584411,1.3165511635300469,0.8164643022971466,6.57568106295197,0.35608490185926017,1.365012363310577,0.8816878955766906,142.17382070217576,2.0717581864064747,1.0899521375861807,0.7564724856081931,0.3018526984836169,0.49494173157790033,0.8348664370208583,1.0883936934105312,0.43414710504893383,2.290380634228987,212.91403653657972,70.62376903515684,0.5070342925157695,0.5431309904153355,11.097222222222221,8.65911334690486,0.024926005531198742,2.7
AF1057.jpg,1.0106345435209783,1.2361972944765691,0.8040646454376255,8.972201248718548,0.3606309160120934,1.2905363871821598,0.7521280018040681,143.37027400255224,1.8276466539306493,1.1253580717551404,0.7830534310873272,0.30257984817575956,0.42876336507615187,0.6267214616024733,1.1750513080893215,0.4705763989868745,7.039806740410656,191.89398694835813,49.374965209227696,0.4207970269139213,0.30722891566265065,42.6268115942029,11.932045844847892,0.06308254484358232,3.15
AF1060.jpg,0.9428862203861724,1.2881520804147193,0.9224156888300722,8.789327710748138,0.37343302271488377,1.4161360669340681,0.7506411544836787,145.24807891250953,1.8181273381739895,1.0157611630166687,0.7721175023822663,0.29003818297100714,0.3528439617578842,0.671172730557574,1.128755696909828,0.5123815516389176,4.898333262126708,194.46686896411506,42.786403246133176,0.44384635184875193,0.9224571995780564,12.936312119957977,21.204344413962843,0.035310917350232514,2.433333
AF1062.jpg,1.0672616068462388,1.2780208559776438,0.8288326081282152,9.467532706847393,0.3937564463854203,1.2691304779132917,0.7985445524916763,142.5336667620057,1.7390931717174514,1.1429292888397362,0.788494046547556,0.30716588022110664,0.3095217892476226,0.65264328412399,1.246675188304196,0.504305137375704,7.304313086589243,205.6129121395037,73.88953830104765,0.4434350992108075,0.29894490035169985,21.238030888030888,11.743957870767588,0.1011118423784956,4.183333
AF1067.jpg,0.9068135710130942,1.2751892487470071,0.828586162868011,8.136688880842431,0.3675140778093604,1.2535743568379567,0.7677496438118682,143.13070906237903,1.8736488524907737,1.1607655727525417,0.7698312281301396,0.3079598703329472,0.3506631373984272,0.7434298224215651,1.1758644123131632,0.5298003415836328,4.550458495224788,195.82008885227572,54.27801152096413,0.4213012986401474,0.0,14.920825568168066,21.27088828415752,0.03924689819667295,2.583333
AF1070.jpg,1.1225916978752384,1.2649366217805442,0.8432627401844621,7.871841283182627,0.3928254165724652,1.2627343689354122,0.8426939111301653,138.15238687995418,1.721442193841013,1.1033135779793546,0.7645808236802452,0.2998311554034573,0.3023054314812304,0.6192934768193014,1.2655450586799455,0.5162695376343965,3.0829134502451394,198.98046376862982,61.900831303086164,0.40329775340703566,3.1025492468134415,16.3530232704008,22.878669496536787,0.077808731935832,2.5
AF1074.jpg,0.9748068776943135,1.2669491147926708,0.8274091584646048,6.856039409867234,0.33327632676008206,1.409177619948121,0.8802136389058286,139.07267610224858,2.036632317579662,1.0593472806729947,0.7599085677502178,0.28837059634903384,0.2803684270829629,0.5559048731454227,1.1544754158050152,0.5563726589692961,5.356314358054169,225.67202250090094,61.753834042171945,0.4117067304568055,0.0,14.440248363735908,7.223573559229052,0.07177032210340997,3.116667
AF1087.jpg,1.215062655506185,1.3140609845588764,0.8212411520548054,8.797173304670977,0.3779683948833955,1.318628243071447,0.9273391741506877,141.31356006576823,2.055373606564894,1.130700812192346,0.798027623668314,0.315033034120787,0.35190172455279184,0.6039506196475123,1.2245671405920249,0.454866307158547,6.581952921029221,193.0057283523904,50.03359720484943,0.5219514787703693,2.3351648351648353,9.196337235735394,13.047959588135782,0.04820347280721127,2.766667
AF1089.jpg,0.8171135003619399,1.2434594909445786,0.9026918850282148,7.387116311085878,0.36771380597808756,1.3333056842571434,0.7571379999565996,146.07744823853437,1.8418442160027118,1.1165506862401708,0.762603333585471,0.29917742041719386,0.3866672569387581,0.7789358872128562,1.1488269122333246,0.4949753444648385,5.604093235318548,154.4412496734835,43.953655905451186,0.4859942129311673,1.1927034611786718,5.089360351432358,11.442068004089052,0.026307920379274485,2.033333
AF109.jpg,0.9261892136697768,1.2689927402062637,0.9031008822810263,5.7190582042770295,0.3303629548695831,1.4294125603246208,0.8837156520895365,145.43389214967976,2.206398019870247,1.118485798132046,0.7553563255710734,0.29408298876455846,0.2661335131663893,0.7697249318004944,1.2044880019584308,0.5751920120942987,4.109008002038911,212.99407422380145,46.724843454570674,0.37386829512755426,3.996268656716418,9.43426724137931,9.718551636125625,0.066582461659909,2.333333
AF1093.jpg,0.998457465169658,1.3183685894011303,0.8159072600930706,8.38558886318658,0.4014058532144964,1.309653590139247,0.8889743547978375,139.1303593209872,1.8135623534052367,1.0819650503751055,0.7526200773163266,0.3012412794900091,0.40343906947640984,0.6078479086321622,1.2399760106527022,0.4587359829685337,8.066142101903624,205.642653743047,56.17478919570766,0.5102219868380337,0.0,10.023628337756595,5.782044150946504,0.024255816488889755,3.633333
AF1097.jpg,1.0646622829501493,1.3033815273081268,0.8152245493058337,8.072109775317138,0.3497305989033045,1.369557464331275,0.7558483917140979,144.31244955971917,1.848224061771992,1.0864957759287668,0.7856120168513965,0.3063163095659432,0.32210754336361735,0.5968740937251847,1.0817644669669535,0.41642228039743057,6.581460872030848,175.4409380937712,37.42126935671115,0.7948501111736045,0.0,8.111834521064766,12.556874162126334,0.033985756520770835,2.466667
AF1098.jpg,1.1465835967454754,1.3144849774227212,0.8086691453867602,5.950764444296046,0.29665172770294757,1.3245101963710124,0.8650584655828167,142.69640131458095,2.4998761616174665,1.2072697100395053,0.7906561983584692,0.32006265352315627,0.4201366161158622,0.6650301926785375,1.1632797547673948,0.3454972706293302,6.053539484564936,181.51780032460601,36.989035942414915,0.8164254101333259,0.0,20.480186220258425,23.043952686506643,0.04969214179575786,1.55
AF11.jpg,1.0110663195376846,1.2858556018042395,0.8948194517565924,6.620683211141415,0.32964103106670706,1.288844564747837,0.77688130135017,148.3735244285685,2.2050405757588303,1.1935028163574466,0.7744849870748546,0.32172514570489147,0.2915565280485041,0.5870829433898032,1.1628663186918127,0.5225365731524533,2.8328156606505015,112.94896577309389,34.46699855997913,0.45442620477559864,0.0,6.137086513994911,9.945099269227391,0.04162932750740665,2.316667
AF1108.jpg,0.9158830470984727,1.3013461939371134,0.8985659143243111,4.970131345137634,0.29694037608816326,1.2389170309465463,0.8244800780851774,148.21006579570928,2.3294892422436755,1.197334399561079,0.7596799820943332,0.3237970672215883,0.41718685266192207,0.773909192985599,1.1920821488388034,0.47427529978811583,4.970510593793209,234.36389634458078,52.64765962227426,0.42958121043129854,4.464934777394417,10.126737720111215,11.523486257147667,0.008763800614020736,1.866667
AF1111.jpg,0.936648575440474,1.2639271094399624,0.883825893004189,7.886203309122133,0.3380519567784348,1.3186002153829472,0.7933985222831113,143.4703328746612,1.9427804125051666,1.1169528963713966,0.7554341127493821,0.29929467282324446,0.28277689188854244,0.5660276059061905,1.2492211771507225,0.5188588716590761,7.703193666997169,200.10598133820423,52.759326255667304,0.46895123684509515,0.8638211382113821,14.770038450162673,8.682752629676827,0.010654775241537915,2.383333
AF1112.jpg,1.391872144537025,1.3583462976430987,0.8053179523973255,10.05478248042618,0.446371034568986,1.2911963589255524,0.7694308614571855,149.5532984768027,1.617283497422304,1.0716365698104542,0.7926688965703218,0.3057914847334782,0.32137973968176825,0.41815232486024995,1.0691750399571502,0.4123909763443782,6.052448416932792,204.41924899593522,39.470531047217264,0.7419470872949172,0.0,25.51355301621047,16.302349099182564,0.21200068276498368,4.233333
AF1121.jpg,0.9090955930750113,1.26259890207413,0.8999586650476563,3.215429860729155,0.3302334741039695,1.4903146243918906,0.9110641564160104,140.0729448906573,2.107475782083511,1.0915290124982504,0.728696096426074,0.29365589407204484,0.3890854858210885,0.642862675940108,1.2381792721681437,0.4399034432659066,3.1964596526113054,190.64350101356868,59.87768674708147,0.5229741792021395,0.0,29.969419729609683,23.772269285090104,0.07593302232166974,1.966667
AF1123.jpg,1.0261747974761473,1.2812293476420538,0.8531127928425812,8.562887824809351,0.4331011920204133,1.403240819992675,0.8018871381748592,144.18951386924525,1.6685971279072485,1.0698503791875669,0.7779501892965826,0.29117061670504,0.3410882124056437,0.7731598260030023,1.2679339294902452,0.5090597969308396,2.5746270682611554,208.472720542491,48.803151118204596,0.3853430631546165,0.0,13.112481658107118,9.602519208274828,0.02818801763328744,2.516667
AF1128.jpg,1.1511591050007144,1.28632641987423,0.856155285883055,5.554771974609098,0.3207973782955993,1.3280272853150819,0.9384459401130562,142.43766024540406,2.3129470660107554,1.0968966519283614,0.7878842866009863,0.3060698691312713,0.2904893744259469,0.552678443599504,1.1591825736643406,0.5043095096478203,6.204474181671736,230.7294362851247,58.330956371986815,0.513718224184048,0.321969696969697,14.652329546443049,10.245553136241952,0.015860746641916418,2.533333
AF113.jpg,1.1570451992677178,1.2911521734698599,0.8023521652134241,9.300950545444403,0.3857392418087715,1.2894846287419603,0.9140228576161191,137.10633418589964,1.8142406192464473,1.1157400145350027,0.7691796336876028,0.3020974371248583,0.3646287279582809,0.5959303082900271,1.2169407976615256,0.4945167934465603,7.641771956593465,204.3702074251886,50.71204415988245,0.3852878747209105,0.0,51.238644944282996,16.161008435101607,0.021591820188504536,3.366667
AF1133.jpg,0.9971592620653353,1.34828354015435,0.86080913928357,6.270838122216289,0.3761495040486415,1.2355809238592188,0.7399950851479838,149.41170276014125,1.8369354821950625,1.1978115611927458,0.8008101671380311,0.3230845268053997,0.3570746625910299,0.6942347398203844,1.17998267025714,0.5371930316499212,4.068003839601807,200.71394087775633,61.413181864473586,0.32912432832808425,2.573394495412844,15.554409843954081,18.908474457102002,0.031958584806516185,3.233333
AF1134.jpg,1.228577446112102,1.35855237874715,0.8007709569965178,10.106337004318902,0.4774231330801272,1.2976813188768601,0.8248885348035462,145.8196942404364,1.577292014289437,1.0459499638538,0.7752835948212204,0.302945587213718,0.3519166391315344,0.4438656504156835,1.1374430710937689,0.398796016013089,9.717945004344006,167.5944807347098,42.53579347602255,0.7918226425386623,0.0,3.9326298701298703,29.104836167519053,0.12516883472931908,3.333333
AF1138.jpg,0.8771300590503757,1.2791426537032449,0.8906295580153244,8.1109773822534,0.38137183318082934,1.3535800125301964,0.6718484389620102,146.340076472539,1.667403155352046,1.084533072867485,0.7914786883577312,0.29492953426573487,0.3314787522048521,0.6838922196283023,1.1755846697039136,0.5059992589858492,5.502836395395931,210.80760535922659,38.764698178841286,0.4724307307494911,1.2440268761436346,13.371167854777767,15.659754374797302,0.012580938898760708,2.333333
AF114.jpg,1.024734231118057,1.2746280457126142,0.893125206063168,8.477238401621424,0.3321321237777423,1.3453852094494407,0.8509731256012447,145.5274747135655,2.169423455362254,1.1525433319246337,0.7955322898978431,0.30945678975098456,0.3051156304337366,0.46298066144647304,1.2054559505277678,0.4925604397946459,5.606520409417796,208.4496751114606,55.16128928468896,0.5096018937326926,0.9402654867256637,14.944316894269187,7.560661803393941,0.03316028210465077,2.516667
AF1143.jpg,1.0800445900390396,1.3300854038602596,0.8272766390257011,7.515455473861024,0.40162903807634037,1.4591143540560136,0.8603008933970091,141.78758658640726,1.7444806884668154,1.0460081241778385,0.7534410844396927,0.2864801112515859,0.4194018081168303,0.7504615166351314,1.0746613121515582,0.41494808563523417,7.5653911540055745,156.13963342678568,62.69857933524615,0.6118674501101189,1.7312316677857416,9.658018867924527,17.276135849267973,0.07268512403110292,1.983333
AF1144.jpg,1.1003078702964537,1.2879391557879274,0.8505604641571912,10.4569390521879,0.40811698681114594,1.3892501086504847,0.8597140881509288,142.7032172545533,1.7259883293250615,1.0624865552872174,0.7791499451752587,0.2842498636435653,0.3045738047457357,0.544993589608713,1.2662142047487133,0.5085082373855522,5.823788541062016,203.2790853513114,50.748964869383684,0.4243380235958872,0.7697450680744651,14.457648374960103,14.497904853234232,0.04223816748296509,2.716667
AF1147.jpg,0.9655397828529709,1.2917762217604314,0.8678169239134365,6.929037033084207,0.3622595025470278,1.2154239372432751,0.7462458250447804,146.22274223589176,1.8709433938879227,1.1508602588749406,0.779780678365353,0.3170495866268816,0.35691205728290165,0.7766015931168252,1.1522686646847768,0.5056950402198381,3.2120170234098797,185.3029029856334,63.8486301220652,0.4529749996068955,0.0,5.274674196502247,15.20824463090905,0.0690622328542336,3.55
AF1148.jpg,0.9701525927198019,1.336877205813427,0.8441605012560056,7.443871187240175,0.3159398036099361,1.2992979138263943,0.84022056668551,142.52966053925795,2.3340871761779636,1.1476820866225057,0.7646242806957704,0.31285129353619096,0.3761196675554022,0.7837306162276806,1.1944552196713976,0.5008567321828165,5.406168693703346,217.09766621248644,63.021849219022414,0.42530652528608587,0.0,17.162174609740244,26.963092035523957,0.08087016602924693,3.816667
AF1151.jpg,1.087382792159785,1.2636845569250565,0.8879486516903459,6.395872993028856,0.3383006834242962,1.3021415406184054,0.8842006155300756,144.32232583219076,2.1336235308109557,1.1976230130348755,0.7688844913552116,0.31764810815964845,0.2503216139927669,0.5254655727946056,1.2714142670590776,0.5339509628124208,5.404908291801254,213.18338717454623,41.03569197228845,0.4401055204836995,2.963441227167035,7.190646829356799,10.274136874111718,0.06399278534515619,2.166667
AF1161.jpg,0.969280409012197,1.2670566709566957,0.8358875079178304,9.325177753838945,0.35842966908382806,1.4317382300362664,0.8060463937827894,140.63525668036107,1.8783411230158051,1.0999199174355572,0.7685090751795918,0.2886833376241284,0.43320240482255357,0.7720253125215153,1.1607819901417358,0.45713419820465023,3.9839701775030685,189.2193146868329,66.49529507898976,0.4537101112479959,0.0,23.238240919879892,10.001006698779719,0.024449848125682627,2.066667
AF1164.jpg,0.8841387291989222,1.3030804266822802,0.8667496929447637,5.348071557358098,0.35518108818484073,1.3018014128162159,0.8632585117984888,141.06737736668532,1.9414469563860626,1.0480212805627362,0.7531180716043453,0.2983666779604563,0.3741101691402913,0.5513386375259588,1.064919675396085,0.5118809612593175,3.5010702411390033,189.96218803651766,59.51693256206511,0.5111755407921841,2.2895313076639194,5.205828133862735,19.779264709586045,0.05668832633155514,2.916667
AF1165.jpg,1.129101173940901,1.3315072540233475,0.8686608452134854,8.963406638024722,0.39076985440259815,1.3054197856486807,0.7975942549698879,145.41350402103893,1.8457621761571164,1.0971239810399642,0.8028056160496968,0.3064018821728659,0.30417573237584994,0.5744721530985988,1.1745648179686552,0.5094893805974701,5.005568144088275,193.79007233621059,50.60469027640991,0.4522857237728034,0.0,8.739442118393317,10.758425088422285,0.027707720147052445,3.066667
AF117.jpg,1.093191317838319,1.3583523131207214,0.8596882481103123,7.877525094575002,0.38880938118848274,1.391066378278657,0.9706299457312821,140.66665457697297,1.9886752358905144,1.0606596293981785,0.7642109023225923,0.29277588119426184,0.3475553201690083,0.7356768547081569,1.275205415454072,0.4725674854883572,5.119410409183029,168.42900589052644,37.790622052142595,0.501583378042788,0.0,7.826039006268864,10.730661933521063,0.03520999075040363,2.4
AF1175.jpg,1.0495450314834456,1.3162409119328244,0.8230817132336905,8.53386716472859,0.41844622929511177,1.292731610662516,0.6906412049559952,144.93106480890958,1.6216614978300188,1.04776734183982,0.7866578273096788,0.2972890463666405,0.3391536950644281,0.5774949509681553,1.2076247434437446,0.5034036858945182,10.967261230671054,194.94041044342595,46.898709025577745,0.4560562984908122,0.15035377358490565,40.41154791154791,28.50966136873666,0.08982766619906117,4.333333
AF1176.jpg,0.9633433443181594,1.264086193002599,0.8879035315262441,7.806690297548604,0.3600205541848833,1.3111235884611123,0.7836441528392794,144.81634151262477,1.906717985792053,1.2147640035614293,0.7705020225703495,0.3103649481557763,0.24737391556513175,0.6408848969146244,1.372369689784679,0.549496088342782,6.009224004577037,202.10626059963658,48.29813302762011,0.38587920527951025,0.0,7.646340477425701,26.17331032949636,0.030823758745285146,2.366667
AF118.jpg,0.9302758714442971,1.2869822469730592,0.8816680420459619,6.431271165566922,0.3602577763082674,1.3256392010531317,0.7412815742875757,145.4742543568263,1.8486342977096462,1.124439108074294,0.7509702756130728,0.3059916991795548,0.36795571852037195,0.7286046472603739,1.1537797213832626,0.49339284988405435,2.7183966425891946,220.14460327996525,33.57753010923352,0.4537909996121797,0.0,21.457732126109228,10.806682656899,0.0353644294443217,2.8
AF1181.jpg,1.1471944888937566,1.2957322717057556,0.8354036816143581,9.048850971304969,0.3791573174031436,1.4211604994153066,0.8620328794443719,139.85731974532644,1.907427997488694,1.0892834679041146,0.7694935820782667,0.2934835568929952,0.3663292534254806,0.6932673408432285,1.1539420279251067,0.4423014105661578,3.965396981837516,179.86992564242757,71.76122999025365,0.5553334620684335,0.0,19.40657673896848,10.507940528337087,0.04596018294794983,2.5
AF1186.jpg,0.8025534513148794,1.2314618839103935,0.900594763939639,5.568687232849131,0.3344977985607047,1.392143264363288,0.8110281830147302,143.7037429838768,1.989447932913555,1.099671715231994,0.7339946849033372,0.296632552163376,0.35622788422865903,0.7811762495962032,1.2256665362363752,0.509671291888143,3.7765822103785753,207.43405492550346,58.31160594591162,0.4478125848859831,3.0023736412787523,8.24529882447724,12.666053128692795,0.018020213299033756,2.2
AF1188.jpg,0.9049744109859871,1.265915150677078,0.8527367690196954,5.444685161545573,0.363387285120658,1.379230698081985,0.8988147683139333,143.61052500036192,2.0307752667315997,1.1327959077726921,0.7427173807101178,0.3017811694001432,0.33556188804020276,0.7655037180100372,1.1810604414570713,0.504037479164872,4.748582335871956,205.3938612507887,44.57460449403192,0.49371473037161007,1.4068965517241379,7.393151132997765,14.99017273827026,0.03746098880469213,2.516667
AF119.jpg,1.0662854479409325,1.3209755627661812,0.8991081449966389,8.626055743882189,0.3574717364170997,1.2956752955609794,0.8497275941794604,142.8817129719215,1.9706233226719505,1.1230135991400132,0.777505340604029,0.3129195078607427,0.3482110013083469,0.7086929241367578,1.139743604226099,0.4747267207781907,4.47777451932458,179.37893290346136,52.666139169779896,0.5169839024689518,0.0,14.94078655014072,1.729319324388456,0.05975578460295594,2.266667
AF12.jpg,0.9196409505991319,1.2409156608274465,0.9383624387211607,8.446729123901248,0.3821293903335554,1.3908109028116489,0.6698267980715108,146.8962285468265,1.7122585080712862,1.1153372253355323,0.7724988386749886,0.2965143753209942,0.2965180417720165,0.6938954905321619,1.122477819871262,0.5237024274014036,5.564874029131616,200.60445072407538,46.04481769655243,0.4633887673580537,2.236842105263158,17.904299596971637,-1.543235114791642,0.026980305932224984,2.083333
AF120.jpg,0.9085168922451184,1.2841484508245742,0.9011639060369341,6.061308495973641,0.37012283322762146,1.2536228197812134,0.8198429651786567,144.7728034943274,1.9153661862136373,1.1617430326850398,0.7661543761876821,0.3090345220330121,0.2777518617683807,0.6251969092570864,1.2421018333193845,0.5216861312096206,4.131998121058896,198.44714721517818,56.429747010469896,0.49772201788428566,4.18921681086556,9.930022738454582,14.047570932292984,0.05124777390880182,2.366667
AF1204.jpg,1.0429356003027075,1.323989220482271,0.8764663869537782,7.4251184870426234,0.352093602077603,1.260937467884842,0.8359128098900025,144.68288111682,2.00150828602733,1.1310449811977645,0.7688290044865854,0.315146641597897,0.32560427150321364,0.6303868391804183,1.2203945949246435,0.46884205480224256,5.820492853175795,199.90078150010356,45.93614904517983,0.5660056245122667,2.407066284657919,23.54744176686623,6.876533000461947,0.011813211135769977,2.8
AF1208.jpg,1.1157718369595493,1.356198414217812,0.839065630328122,6.557942734668807,0.35453377862299523,1.2110801733898717,0.7794734385781763,146.67497738918178,2.0390820125340667,1.128533097781236,0.7991040203382821,0.3191628319797514,0.33783538204034513,0.4173895415069592,1.124941680110045,0.4910529249130887,6.489779963558588,190.06171719214822,44.18198234366338,0.5044262096185298,0.0,20.010015924901516,20.344771363963872,0.12829598802629968,4.316667
AF121.jpg,0.9429674272935937,1.2224158921359694,0.8397252992798987,6.972979040176,0.3260514218784216,1.3061019655943464,0.9510030370975462,139.64047410839814,2.252405345292722,1.2154086956927115,0.7622148640981369,0.3128113422927538,0.30151225416912,0.609792436368526,1.2038340757153476,0.5431355250452242,3.2367280726839107,211.95517300330226,38.2104493852118,0.4033694138791548,0.0,21.693602693602696,12.975658428437882,0.02621903621061162,2.383333
AF1210.jpg,1.0991765146119852,1.3425282839145634,0.8330005923347483,8.63256929563163,0.37450990445759763,1.3745600691699476,0.858746430504327,139.9918473964639,1.874016950593303,1.0556608473487152,0.7753032900082351,0.29161268918245636,0.3906520293558744,0.6115548111262624,1.154146220162721,0.39517024841536574,3.752901373908899,209.46893773271762,59.47862083130917,0.7250033269242073,3.0548723755670797,9.9580978127304,10.340260904247572,0.06304146070993741,2.616667
AF1213.jpg,1.1544451157051472,1.37373237784737,0.9076922227570567,7.569079931655882,0.34111516441932616,1.223767503848593,0.7972524738431286,148.58828260951717,2.068135951081312,1.1088423018600337,0.7964195324436567,0.3200914576803386,0.46956688953519443,0.6557630508214333,1.0905928503550777,0.40364003666005305,4.593967870516387,205.82980664126475,56.074432289893366,0.5617526180724908,0.0,7.491614834555552,12.146522431725856,0.1136376803415414,3.433333
AF1216.jpg,1.2519647035060588,1.3420849723628832,0.7928208374396598,8.80348436569084,0.4236637336721489,1.34674860069545,0.9190112762894755,140.10554180519784,1.7522381952770023,1.0649463135628452,0.7818762547742308,0.29607076507493524,0.3719146662032978,0.4868355424044048,1.1735429873814263,0.3652089575170992,3.908409583237477,149.19415913800174,45.08304802689062,0.8641668327150098,0.0,0.0,15.427037990935276,0.050070097671598715,2.783333
AF1223.jpg,1.0166316778336277,1.2667690495420765,0.8665441575823252,5.759879465805929,0.322084662158058,1.3397051191083416,0.9316703181911027,142.8043238892649,2.3301816198922967,1.1797122452327256,0.775905358972435,0.31218434286027813,0.3326697141985328,0.5765070721302626,1.0875445260709498,0.4815126908032346,7.342506721701071,177.5467951483772,48.93361463261792,0.5700563629778744,0.8233394833948339,10.162946428571429,6.964989054615316,0.1374610033858513,2.133333
AF1226.jpg,0.9434364968525913,1.222000966199127,0.8247712494291245,9.157160439654906,0.38572914427765326,1.391197063840392,0.9005468350322059,139.394586422569,1.8334957635962248,1.1316034807727493,0.7792498524709063,0.28984352241507944,0.3300266275041167,0.5948461256880369,1.2372471817505701,0.5417073526951747,3.924760492094537,151.88559291591656,52.440023295663394,0.3464405147338289,0.0,15.124810565057372,12.797278157389044,0.12279413819806795,2.3
AF1235.jpg,0.9893483183779551,1.2740494657209045,0.90936191656518,7.490719311166579,0.3668312754733566,1.4614624579642663,0.8327351184731352,143.02607995690389,1.9699312774101527,1.030355146714185,0.7609485870753566,0.28452741423717315,0.41315072674643155,0.7547468539386961,1.1952260061105908,0.46617394996890826,4.675895084626199,158.59307983737216,48.58016272219456,0.4333933192347566,5.143458409975873,15.835529872938631,7.064094538742282,0.017152474968086792,2.533333
AF1237.jpg,0.9815504607037483,1.2969936640849722,0.9068010076771458,7.883786537462029,0.3246142504955303,1.3291392099036594,0.6972799059472905,150.68369695297582,2.0908282247657635,1.1128908206537225,0.8005549812313455,0.3067909791149169,0.3109110809295785,0.6979704062928924,1.2159126582512922,0.5233396370119177,4.3561028852845,215.6369656125678,57.245931988657446,0.420006128812071,1.221933187294633,15.635162601626018,18.16651112727952,0.08783640774725524,3.366667
AF1240.jpg,1.0083228748828847,1.3040479781517604,0.87364152014144,8.27985867649409,0.4039731837415851,1.2720547147045644,0.9004869086436689,141.27159685597974,1.8271902604353254,1.0810909659942982,0.7649588950579853,0.3100812230889691,0.3420528644979827,0.5569130334310867,1.1164832053814038,0.48601207091153414,5.285923015280149,206.71243511140855,60.05623964893036,0.5743806566329088,0.0,7.351248730964467,18.57269771833097,0.023992024145958628,2.716667
AF1245.jpg,1.0445555092240209,1.248451206734851,0.8297495488631553,6.659015367913883,0.3511892991677835,1.321105218255112,0.8645507981331209,140.32408187437005,2.0038142731322663,1.1240240207252143,0.7686461364475604,0.3031713701168941,0.3565721088988532,0.7262837952824563,1.1292194573233492,0.5018399078539183,6.364583759400979,201.96313041556147,55.12472850739212,0.46197984090374283,2.3453177257525084,15.716910688140558,14.091706649697201,0.08193243998716045,2.833333
AF1249.jpg,1.145485288768845,1.4013974907781244,0.896585788381635,7.310919310391389,0.4011525558249968,1.2022537779466564,0.7381473004043629,151.33371893061184,1.7458496258543288,1.1209472724975096,0.8078064502171981,0.3198184330016218,0.30339786154550713,0.5498111393445854,1.1233581919340108,0.49515462079132694,3.0623579249282358,228.71844650519813,60.48035126710289,0.524232130536055,0.0,6.4163822525597265,12.039977958661993,0.020342493811677784,4.316667
AF125.jpg,1.0467144960390202,1.2928579794511141,0.8550075263057778,10.2548175355548,0.41048135786141643,1.3905690544644969,0.8339836094225623,141.88851733364493,1.7159400165750942,1.0954722947642017,0.7859920330937998,0.28829926604948614,0.3470087730188201,0.5409903835165828,1.210792748349066,0.4720520564603676,2.2483228629819427,206.98853004054672,36.23598421569949,0.48854143077324724,4.798387096774194,14.368784754637334,10.170929033976066,0.06576772811537965,2.85
AF1256.jpg,1.1757890910034092,1.3410324256055166,0.7987034165514055,5.504009640972523,0.2679197822385349,1.3701126409023967,0.9688713862008409,142.17811344254184,2.76117588871679,1.1242541193239128,0.7711775486767984,0.3033574744971937,0.328308348683402,0.5406569508636794,1.1793466325792659,0.44986175838796827,5.170982025492652,137.29318536438197,63.404240640763874,0.5747393681516306,0.0,9.650821960297767,27.95589542099713,0.028541316695998287,2.35
AF127.jpg,1.0354315375363965,1.3356451890503387,0.8390056115553909,8.72915941612108,0.3673484324161969,1.3454669679334539,0.7994807903333715,143.0349087193704,1.9378411863555962,1.1166649018624086,0.7763067484012733,0.29604133205254113,0.24920114857357448,0.5764640889329603,1.2589851336491114,0.5520809313020716,5.131813337437639,183.80568372519144,41.022029879037575,0.43437592088282867,2.6010362404391154,22.216559973045822,16.910556428269672,0.039888416841841315,2.9
AF1273.jpg,1.0905160406023289,1.265946315297518,0.7535194393172747,10.409984758370584,0.42405920708416434,1.3300140271120613,0.9185649336321248,136.78425091654879,1.7483050861432885,1.2118136451638684,0.7834975103282114,0.3076781073176825,0.3265068639331485,0.6732438008056407,1.2149831809176672,0.48097020153868447,3.4255208900297234,169.59445652465257,35.83913006417146,0.5203816896354858,0.0,20.9687304197995,7.394479110850057,0.021815878752838587,1.283333
AF1294.jpg,1.2177565754522706,1.3394689448777906,0.8140967641054657,7.914933587539056,0.3308068986855853,1.382376176480237,0.8698778695617279,141.59076501833636,2.2526686087653403,1.0671331860127364,0.7888445068961258,0.2982497387886105,0.48218050570949583,0.6070207460747831,1.1843324371133492,0.3645716743149678,4.789588321460174,225.53076856722026,86.05731529824263,0.5751026947742226,0.0,24.74320277257188,32.114642252565474,0.024948898756001092,2.266667
AF1295.jpg,1.2545730923066727,1.354729959155196,0.8557325912762193,7.949183164498112,0.3883929443659844,1.263946830951133,0.8449884898112204,145.25868327878652,1.9048504789280722,1.0957448922465063,0.7949679343578611,0.30757816508053876,0.3349111950801981,0.5749806265279769,1.135079330235965,0.47541105002027284,4.984856532895688,211.7670604109104,51.306700650750514,0.5089910239286045,0.7089898053753475,21.094738311972584,24.26976004486683,0.05256474138080351,4.083333
AF130.jpg,1.0319249548030354,1.2257533118841097,0.8689941906788101,8.90660673146391,0.3615172219953869,1.3539475849024916,0.8169987766325914,143.39472143786574,1.8981453114556919,1.1318463336405569,0.7587995250434683,0.29948808843758684,0.2930734892825672,0.5895856977465664,1.3091482265195025,0.49303987779648195,6.8535924002258835,212.5680256030073,43.87539578726191,0.4827782810124188,1.2786532951289398,35.368461784143676,7.5279715800295435,0.02776325994793306,2.516667
AF1302.jpg,1.0503842231650244,1.2986909765624761,0.8292830256123921,7.244345080496409,0.33933386943668564,1.4172045209484212,0.8476431851060743,143.9238138188094,2.115455261091215,1.0792151814883888,0.7853292564022631,0.28836000984614263,0.359014763600833,0.737157720596564,1.2620716592987176,0.4911572275019384,6.60097781784572,190.779315881666,63.2508810552946,0.37441725819744315,1.430976430976431,17.481953366154443,24.491500635395838,0.087117493531821,3.633333
AF1308.jpg,1.0923647281885371,1.3345183486911065,0.8502832127693923,8.768739487572237,0.42113267751542277,1.2361142782835008,0.8154083070813029,143.87043771795084,1.7150620199799933,1.0992236592720066,0.7838442026199526,0.30680975802202975,0.4272524319661611,0.5574770298078786,1.182287622045636,0.45472217243503804,3.7810556756108475,215.08258765650902,52.213199901406966,0.4729644346112994,0.37010159651669083,15.112817837053628,9.478215457690752,0.02759037559043499,3.55
AF1315.jpg,1.214418036516938,1.351341710016726,0.8274825023245681,9.179539998932224,0.38804725059545747,1.201760754830416,0.7285663287617028,142.9052148310714,1.7260249823706257,1.1248297940625478,0.8122010541101357,0.3081180631990261,0.3015694595400068,0.5335152569860181,1.1589956177251304,0.5164051580420627,9.355646960343904,201.1260182874098,89.71202411831361,0.4281596492784456,9.289052069425901,37.799586776859506,56.30277812566854,0.0343132973726486,2.8
AF132.jpg,0.80028500993909,1.2324728056659011,0.9022567364928529,3.332668006832122,0.32881907670361826,1.4993678557652033,0.7723965886082073,143.2949080171946,1.9518454405087962,1.04951118316303,0.721335682189709,0.27988830239874435,0.3461361766350548,0.7585169863424835,1.2462372765821397,0.5031778565376789,2.7413200564856366,191.50769290021194,54.520781905447535,0.44614396594944145,0.0,16.637943504905184,14.258732893532937,0.015391553900084112,2.233333
AF1320.jpg,1.0734748429255676,1.331846865324487,0.8520381518534881,7.560698889589874,0.38426736636867315,1.2731563497239196,0.832008916491507,142.59050375463767,1.878644560444624,1.1370630139860356,0.7765690062551734,0.3099043293767244,0.292218890494061,0.6692534407370083,1.1442164128323615,0.5320003070184283,6.065060861881017,179.07080445378529,35.16923845825957,0.4488663063951829,0.0,9.873937785867087,20.59353746349403,0.054444132524032095,4.166667
AF1321.jpg,1.1180893140030497,1.325545255689567,0.8454724773611904,7.091542839369064,0.3743415889574599,1.2039941952996118,0.9009683557858741,142.76000248954313,2.0058461102557046,1.2035703249825804,0.7878529796801421,0.33642166286916503,0.34774804447098784,0.637680555682927,1.2556675631598668,0.46901583797023383,6.3199222677546105,174.69712994521015,55.325293475385365,0.4932158711788562,1.0175530747279626,12.84659090909091,25.038113428693634,0.029431949998549638,1.816667
AF1322.jpg,0.928732156702131,1.3391601759827312,0.870179357177045,6.576481016840291,0.3786289586701427,1.3361811367611554,0.8410692154711149,143.89020056613367,1.8720065016510388,1.0862203385008722,0.7526876261622426,0.29945869043323714,0.35645834733763243,0.6906296454952459,1.1878684801820119,0.5033421809891694,3.4051953250306486,172.54008049641777,60.83174716308443,0.4711341120106463,0.0,11.61133797546611,13.67736384271791,0.024401789454381918,2.916667
AF133.jpg,0.9838636823224406,1.2704165228551318,0.8633413470449549,8.156863184752945,0.3325629745655787,1.4624252090599783,0.8128080196502688,144.20051510235896,2.1638621810082705,1.0635456240653065,0.7779567581602663,0.28815198564716155,0.36908020367679556,0.6510693690664602,1.1545928206572853,0.46615387627499394,4.326905522049284,216.99321374855293,55.883195859465275,0.5148579425280283,3.990610328638498,13.593244769955977,9.144959285812504,0.032187304229807465,2.833333
AF1336.jpg,1.044735091710223,1.2992065104931154,0.8086037221230623,7.852739499775586,0.4209633459064572,1.252443304735551,0.7205052921246179,143.44650096397777,1.6137624629572163,1.1451825570197163,0.7996666085779516,0.3058025282858973,0.3304312972812256,0.6644175739669227,1.1869728635809325,0.5067740995500993,3.246885586632942,228.72551500433062,66.65020119679926,0.4588683233792902,0.17045454545454544,19.48398058252427,16.898475467204292,0.047734419790144166,3.783333
AF1337.jpg,0.9289836433106141,1.2557875804070031,0.9115421753857114,7.637064226008011,0.36484918030644353,1.3698067243882315,0.6757262786076876,146.62361679606087,1.7467089756693701,1.1012073715774906,0.793774972438131,0.29605049591765165,0.37724726963008726,0.5325155978082391,1.1553074403218728,0.46116306659006107,3.3025273188297666,216.54865424175216,40.87658216968009,0.501815724612885,0.0,10.049261083743843,13.93444872637987,0.02829112793017812,2.466667
AF1349.jpg,1.0313257950685075,1.3125137116664551,0.8293152584548066,10.791434913868907,0.36807712176287544,1.375231613080482,0.9084626321246281,139.80731191527153,2.117149349917516,1.0679797345778999,0.7708460800389404,0.29630057599371995,0.3905644020590036,0.7103448974357665,1.1293070465716564,0.4822849849285481,3.496114086558947,165.92624382232498,44.59101654959771,0.5031643374279668,0.0,8.948351648351647,6.717035571336822,0.06119300263541753,2.383333
AF1354.jpg,1.052702604444159,1.247883856111777,0.8580775170149265,6.674628752133001,0.410803921120511,1.307812991680782,0.8239257242296746,140.51216659900655,1.6213468496467753,1.0671421909144223,0.7481805323730748,0.3055775793560254,0.38713332986104926,0.6427859376177091,1.1173249151464224,0.46126815925384335,8.930947835894088,180.3808080808081,55.92935177012849,0.5388670652313996,0.0,38.51086956521739,10.818664337265247,0.023635510164602528,3.283333
AF1357.jpg,1.170456234496548,1.3546997342835154,0.8493544915740208,9.993826319333248,0.3860322713610742,1.233860101510733,0.7915765123044687,145.00926338287303,1.8877766392816602,1.0864946165417204,0.7907222155066068,0.3104282132518203,0.38921383306004587,0.5122776525433107,1.09015647308577,0.4808103957409023,6.560746290409519,183.66017737882754,47.777589519402625,0.4745766952097162,0.881336405529954,9.674018317717653,20.10934568384863,0.08763348113277097,4.283333
AF136.jpg,0.9362585025424257,1.2795497766678567,0.859982461555572,6.063102173970496,0.31883866860985655,1.508845823231199,0.986652771094218,139.33770022021383,2.3275537831956035,1.057411055953445,0.7475478435953563,0.2805825707566753,0.36774692271594983,0.6164438981673283,1.1989061401002619,0.47490262369573966,7.614278244793301,201.83674070808684,53.95443423099363,0.5307696228714671,0.34646739130434784,12.72203947368421,15.394406298956113,0.05656904189886068,2.316667
AF1378.jpg,0.9206304717448295,1.2956864251830804,0.8535980510344005,9.201786915282401,0.38617997361233347,1.484159647499051,0.7464093716314826,144.996839250886,1.7357049776483484,1.0346000144769516,0.7729289357887515,0.282713048966722,0.3958223283425448,0.8616251776247131,1.2648486749300842,0.49833066671137943,4.63543166370768,176.33231353131805,52.575683933371096,0.3765640234373226,1.769195189639223,9.663569996240131,4.916240688879412,0.010810012503497831,2.7
AF1383.jpg,1.045042547637164,1.3412321306204513,0.8283576056232108,7.6739206534905025,0.3458023259911176,1.2385974994690692,0.9226400534598057,140.35106615735057,2.1794932487101906,1.1622885517019337,0.7719554753879254,0.31930420617818983,0.38071695450202114,0.6655784862653852,1.2120670516959078,0.4505953668517357,4.5976400392027115,171.94649826047498,42.637267491244216,0.5609503988563593,0.0,13.736013252721087,16.53659104050196,0.027782837758478156,2.033333
AF1395.jpg,1.2078758595080026,1.277418519806208,0.8490948862750449,8.915691240429984,0.3677133481196697,1.1624733938401943,0.7324741427652921,145.9412224135035,1.844409738908701,1.2461614870850504,0.7861758600781941,0.3447485987842408,0.299549026316839,0.5754741480045127,1.0831958386298328,0.4680044251263537,18.133124370492062,172.67339628971655,22.172488848700226,0.5926133151002639,1.4655172413793105,50.221069641367805,10.05229943641929,0.05178519705967251,3.816667
AF140.jpg,0.9207584182598554,1.2650228305782678,0.8558221177741453,2.2888783701026703,0.3278439061908917,1.2719182618275346,0.9122998157196046,143.56069196137216,2.1220212572204957,1.1800203842935488,0.7311935935417505,0.32104077942153664,0.4124813342740947,0.7224859927491033,1.2313699577614592,0.4918433248433537,6.129245319873521,157.560491238915,46.673088001758074,0.4109944592564729,5.640622480245122,11.59183429118774,17.536775010737813,0.04403560838405325,2.016667
AF1400.jpg,1.0207786132693946,1.3309216080268418,0.845770475105535,6.162775917985087,0.38405893507683064,1.3203046059089218,0.872213406574743,143.6131084124376,1.976977631054066,1.081394572656928,0.7604237784617232,0.30691243971519716,0.4065686684354087,0.6417160668962358,1.1453351274448178,0.4444819433755293,7.4899433065506,166.48927310888482,47.80206303598885,0.5994642502685795,1.6004184100418408,8.525179856115109,11.890458106223669,0.07801678420465874,3.583333
AF1406.jpg,1.092305448569198,1.3134428896479522,0.8378163573195092,9.33988830630281,0.3685817440019664,1.4295192221080926,0.7874036473316657,144.23638139358332,1.9732489654909537,1.0671709889426426,0.796777647774555,0.29494312620254315,0.32870299111684637,0.5445659062820587,1.1798142063942156,0.4503376840937612,8.216896827578665,197.59906775206804,57.60464544131105,0.6092578293627806,0.0,17.005102040816325,12.156825248808573,0.10302930344865854,3.766667
AF141.jpg,0.9193323168750636,1.2617656186942867,0.8525158654387106,8.128142492141171,0.3775678069174618,1.2591924747786292,0.7422843954626641,145.41144336882633,1.7997434568668733,1.1559080990732353,0.7777751723251338,0.3166814405113041,0.4365674294958945,0.6930250980336059,1.1923049020099734,0.44071045802105213,5.0939741727825405,186.4265388722206,52.26072690640862,0.5271944418511576,2.06645056726094,21.964897323745276,18.946169581647226,0.019057117307898122,2.333333
AF1415.jpg,1.0883534202165444,1.229430261534385,0.8066457964502167,6.519079704888664,0.364164836744871,1.339738513133549,0.9082313466880759,140.93960803137497,1.9710138199147016,1.131885864566724,0.7794601928432742,0.3074408726513209,0.3356513162024862,0.5790328503054981,1.142289929025248,0.44025259780969134,10.030053730180086,175.24920734471033,46.19426228976528,0.6580256140652195,0.13378803777544596,11.409329853737324,2.2575351233168846,0.022694708968732755,1.733333
AF142.jpg,0.8806136691947605,1.2705573889322965,0.8617057842187561,6.831507337922341,0.3585695865086489,1.343987672396726,0.9212827906663328,139.88770317018916,2.055405480696407,1.1623691943570795,0.7654074771941096,0.3063718197351845,0.34746379562909124,0.5683154185381508,1.099016817297839,0.5296347047891016,2.956318337954792,200.58638037424316,42.05248206915843,0.4501241221576073,1.3584474885844748,3.7940212940212943,15.068105380788268,0.03741794335348212,2.166667
AF143.jpg,1.134429508086533,1.3092754860997855,0.85013800983356,9.08925735979534,0.32276207187741524,1.416195549031001,0.8004288337783395,143.9287433613792,2.1330701612231415,1.0674442918152272,0.7937566527540052,0.29134333850508515,0.4395293290344956,0.7527001691344211,1.1518404011648093,0.43613460692065503,4.826127345713873,160.1852641745436,45.00258019185961,0.4238981629169153,1.8370159468093397,22.988832755866305,11.673416329678801,0.04027113538555184,1.783333
AF1430.jpg,1.203193933096517,1.3747505353253642,0.8301470271398671,9.316923845895644,0.3842214020516789,1.2358062663154818,0.8694226768995699,144.68268484394218,2.0142728146539373,1.114337293237795,0.7990278360991447,0.3161556153633394,0.37412776811500664,0.6155327316632605,1.1391159695669582,0.491282488776451,4.950676639185474,225.71793906139004,67.68152698323729,0.4341410117841129,0.0,12.705534140969164,15.709102734348207,0.057259139643570586,3.883333
AF1433.jpg,1.0592158234327913,1.303089142142042,0.7794236802650534,9.227991844064142,0.38018519711348775,1.2566265235928693,0.8543176498993443,141.18290500839942,1.9561034960401107,1.0991048137941362,0.7831571936917262,0.309393812093529,0.4603208746331479,0.610149383892306,1.02059641329759,0.4525987271371205,8.172323834955776,223.32220192514336,53.448437666588234,0.571489252332551,0.0,14.75366201003662,18.271051436906774,0.15827951742084503,3.216667
AF1435.jpg,0.9359777340001247,1.2390838614261357,0.8720927676929073,8.329143490081227,0.3818881395081004,1.3412796807542742,0.7231282183018038,147.03031970524353,1.7935108371880188,1.1542217523849048,0.7999754745241626,0.3034942218905648,0.38195806735104554,0.6699514159547424,1.1424586516181998,0.5417397242812799,6.614262729087564,213.96285496069362,49.90191516627365,0.3167144716850396,0.0,7.171701728636659,15.849885658338337,0.015184928738136389,2.7
AF1443.jpg,1.216153174281436,1.383145694715747,0.8360047128108546,8.922868108936047,0.5117011386270819,1.2334356866857168,0.7671381815758754,145.92521738844374,1.3547150066619282,1.0608023651116818,0.7754052044477284,0.3043927702945688,0.3896987790523009,0.6834870738074296,0.9933925309146048,0.45780006522125893,3.5636171501191143,159.7485674986844,44.749271724036504,0.5643857673429451,0.0,13.961156457007473,23.82849020497256,0.03818711128397342,3.2
AF1447.jpg,1.2743269388941345,1.4063291120988142,0.8436317643420678,8.985923148105716,0.456729270563101,1.2326287104140097,0.6178450334377712,150.85514254300824,1.40657656997599,1.0173836005813757,0.8078285670685955,0.29895891595822,0.3811843914416173,0.40319287421213645,1.070489381181201,0.39874834480281834,5.412239726501407,219.37248215933624,55.543796900372115,0.7214641953883222,0.0,11.068571428571428,15.821470979388934,0.05225170907161212,4.316667
AF1452.jpg,0.9682466354005211,1.2814058182590118,0.8518329366550653,9.213802562899007,0.38553065786291385,1.2902455188458237,0.7787458318102543,144.5729309635355,1.7545215370089295,1.1349334370362245,0.7710884336831099,0.3041658081964121,0.34739307960764276,0.6446998080334039,1.179773969114193,0.49927757849265014,2.6466171832292984,208.65084840243983,44.7863934261365,0.46338336868716135,0.0,16.314989837398375,9.844523371567092,0.009466695708889812,3.016667
AF1461.jpg,1.0734379036008668,1.3551099161814426,0.8880941238121616,8.403899968987366,0.3881509178772534,1.4166582412068511,0.7302635466380717,148.5917580404644,1.8929792513235644,1.0931550576191882,0.8062797060382229,0.2972094836169086,0.342358067573651,0.6236262090552862,1.1043079519077628,0.5204220676408082,2.451372006215429,215.4881464608116,51.449000553338294,0.39149295879428336,3.604240282685512,13.416807024443628,16.611535278566606,0.02254426093857323,3.316667
AF1462.jpg,0.958568979889659,1.2780152991270117,0.857630988740246,6.651339731303749,0.31920153372783977,1.317187209981093,0.8231647399698231,145.70744217117445,2.2261378494956343,1.1880582369213546,0.7617887020423363,0.308691126749006,0.3342677870098136,0.7598395496828163,1.2357537453513918,0.5292228769795935,11.529249557304428,189.23517161140197,61.65074384404737,0.367221446081438,0.0,28.66550935442158,24.607259357241603,0.02563609496696575,3.933333
AF147.jpg,0.9447137205195151,1.2702122983817403,0.8600684963615606,8.010238367429437,0.3611048070598714,1.3790619968839302,0.8698404451339674,141.9111161407931,1.9862302782831947,1.1353687648990174,0.7509988234905859,0.3017070935290956,0.371246185092315,0.7319669300128554,1.1960597436529512,0.47519264236479675,5.283335984442759,144.05437696521932,43.814777581552136,0.4931037180004131,2.0102088545632544,9.230779509228686,16.226293368938812,0.1105157663357236,2.35
AF1475.jpg,0.9641367537378533,1.2829473493872303,0.7957188695806873,6.837692500810675,0.39820235324812714,1.3718545103157598,0.8392178368916591,140.88325950372177,1.6864066890743687,1.0712057143602827,0.7453373335562813,0.2944045852324237,0.5403745966804991,0.7691493990649773,1.1665027956911056,0.40606727936147585,5.86412357039423,164.57663973830418,55.795167054218666,0.485962987672509,0.9467521580937434,6.242885098816653,13.78231592043025,0.05202137664154978,1.683333
AF148.jpg,0.8787987427767983,1.2685486646887696,0.8551040398828659,6.590020072242465,0.3449697000055405,1.4212769587396643,0.8455241568088424,141.28132588382414,1.9433331937180716,1.037033391379028,0.7391941463011457,0.2827423570717,0.3407309054719841,0.805513987750456,1.1805413171442394,0.5063064048363003,4.799304882546065,204.51885723039214,89.22492751793209,0.4828491912495847,3.7296638306702636,20.591502679204492,15.130915625624596,0.03172643234218139,1.916667
AF1484.jpg,1.103366671771511,1.3214758860675628,0.8724727926382252,8.395778943012902,0.40475754253447915,1.1819174297850985,0.7170476897401815,147.2996655047952,1.7379934311105727,1.1012858815048252,0.7991552743903734,0.3178674565262016,0.4844764136880679,0.6719391564430043,1.151627942146465,0.4267562772935964,8.639495045455153,179.26885444796682,57.839135572464826,0.4855862535623608,6.445904954499495,6.059745843397039,16.06845928153905,0.06340013627887518,3.6
AF149.jpg,1.003139795606704,1.2825077249766796,0.8767243072335952,6.893860152144308,0.3299915488023387,1.3676555404845245,0.8501780573480491,141.6023845255237,2.021538497849988,1.092302023338302,0.7397296568509251,0.2940357338548503,0.3261622505456524,0.641927544575161,1.2435423502038663,0.4713130179378982,5.313119743955867,201.17954117733188,40.456265315262925,0.5305548495119311,1.7255639097744362,15.577075649712668,5.011761735181437,0.02654654433494099,2.35
AF1494.jpg,1.018819221679074,1.271273641207391,0.8323165547788046,8.956048988879964,0.3712851351769838,1.2743418155718629,0.7871800888640574,144.04662753276602,1.9285092965660815,1.1448727061501578,0.7865082548060055,0.3064806940359997,0.3125639514538162,0.5818107403246711,1.2410790857060499,0.5184462513583962,7.443022775090532,220.03317460564875,60.69719051022133,0.44648852763276325,0.6483050847457626,35.30241935483871,23.2698385524655,0.09192381669112012,3.7
AF1496.jpg,1.071168350219614,1.3110254589593793,0.8247082379077152,7.828274341834629,0.39336362256439783,1.2671922584794721,0.8929789513718851,142.61276728548182,1.8531374733439347,1.1019202535099124,0.7834068217760695,0.3080358244535407,0.3674733393656224,0.6539640839860574,1.1357610591564196,0.49456182498844725,8.540904948988421,209.1888814080985,58.35300354550307,0.46577990134549907,0.0,15.743345682834905,15.001715476279173,0.09842990398935222,3.683333
AF1498.jpg,0.9247098996434704,1.2880278538973968,0.8362599240841972,5.057095977135815,0.30718044703580194,1.387693966551178,0.7857715085192805,144.91941811288166,2.2759375209274384,1.1242393857842594,0.7693996453350672,0.29813988313080464,0.3546943781993297,0.8200758375524286,1.2187829635499448,0.5249988741041556,7.444994271718209,201.1637744429336,70.50061654819677,0.3687242827411167,2.8263546798029555,12.145096563832455,14.352188689276602,0.03366869338250402,4.066667
AF15.jpg,1.0269040881255878,1.270233485628003,0.8763553208091559,7.908005501412385,0.3733431808124339,1.4455356439980565,0.8589112080408264,143.84457739181687,1.9979367178121448,1.049163409629991,0.7867557346787296,0.28694784410693197,0.37906007580823936,0.8053898199765043,1.2132829610338207,0.5061401244017074,3.2589897806860675,199.2571057253249,49.09027453085304,0.3806101652858368,0.4434782608695652,8.115721997300945,13.30781113811409,0.005091575111877399,2.8
AF150.jpg,0.9442015069395325,1.2547089511072291,0.9135133408611946,7.823653230978164,0.3917547087669321,1.283345173972812,0.8213639672318115,145.0083799006606,1.8349567449565887,1.1629228390537136,0.7634381139335498,0.30961307606848926,0.34865520151768326,0.7026076784365283,1.1686528012460398,0.507999366009777,5.559942272595801,200.979255827879,49.629398821205996,0.44445140780518255,0.0,9.887836546254325,26.648767024466736,0.018152790464004902,2.466667
AF1513.jpg,1.0643122275023167,1.3585090793290606,0.8654149872279652,8.071517795769603,0.4289527875585534,1.2770852802333956,0.733626508087638,146.05361199271027,1.6349117354898857,1.1065413001043538,0.7992921798018782,0.29803323514515584,0.31006952710201696,0.7070333074349473,1.1659560199713643,0.5464484634914633,5.016545431813202,200.3524227266647,54.21743352580077,0.3758978634460358,0.0,17.864010989010993,22.04604175121503,0.022448297705205532,3.716667
AF152.jpg,0.9394599542640383,1.2916932409241055,0.9353890152928546,7.029046371045569,0.37039436987511165,1.3643714617340814,0.742555351913141,146.70694535614848,1.8421817761582104,1.1360871600159488,0.7635186229004953,0.3087623565827289,0.3168542423120449,0.7628951649055516,1.2248748186501697,0.5264245676806466,3.4972874630434436,204.85177227604504,47.20707953861489,0.37921298817966126,0.0,14.527876933537312,9.271754233893503,0.030756587844583617,2.683333
AF1520.jpg,1.061205604923926,1.250687975646599,0.8462114038007078,8.284588647236971,0.40707554865343626,1.2944307050290649,0.8199402315183627,144.3310133957279,1.7261186162957018,1.204682898163493,0.7833963148270219,0.31568705461288865,0.33166988831612576,0.6276256762809479,1.2082121378914943,0.48112718742879773,16.688324208091203,182.74578455406078,13.177105638925156,0.47455683242595065,0.0,33.914055176108214,1.8974072157152762,0.08217541722812574,3.233333
AF1522.jpg,0.9834840375782254,1.2596997874429443,0.8441521228334745,6.661513598822182,0.34948353000148175,1.2003281007791908,0.8456174886959514,144.15170795216557,2.023007686505628,1.1705650835577321,0.7840245281227787,0.32533893673955766,0.36139218390403605,0.6890125512051019,1.1905781239440016,0.48923107986418424,5.554335474140576,162.93320444570378,40.571177092525986,0.4846795624994245,0.0,13.352591264667534,17.315963066393437,0.027495433893128845,2.0
AF1526.jpg,0.949593413056834,1.2748674545151146,0.8369579448858496,9.63889570259877,0.414318968894485,1.3144426267079221,0.637690960664413,146.80452240892993,1.619446947879462,1.1349460327627536,0.7847026142905263,0.303620388617376,0.35564775720371133,0.7252503765976032,1.0756810046738243,0.49972438776978106,2.699901545772443,217.94942364336697,45.00219180945692,0.5035044700336582,0.0,8.803692164921118,7.547114198901497,0.05930011130271341,4.2
AF1534.jpg,1.155930504930857,1.3246863200687933,0.8521565503792733,7.9196639575082735,0.38439783901512714,1.2469538488044398,0.8298302212868895,142.5154843976042,1.9139051958851812,1.1422401532447355,0.7848939688309127,0.31808472386450526,0.3485937133478192,0.4992841419989278,1.1453833027794884,0.4607564712217619,4.121008331805495,214.50817337759176,49.734086998854224,0.5494937485415884,0.0,16.382845549512215,9.350640845059218,0.13231117178308915,4.2
AF1536.jpg,1.0579328332730722,1.2863050523552582,0.7780008600177926,11.04930408989483,0.41916235524906276,1.349598929808165,0.7819745636644021,142.33673141624342,1.7296835138340547,1.057511262594024,0.7764347593619421,0.2947945062472483,0.3818521480453615,0.862456966298049,1.2298998492791737,0.47641838084326316,5.55403716185115,201.17286615035135,74.60297367723307,0.4817200338152316,0.0,5.858535409203638,18.347289334442138,0.12560054114436975,3.7
AF1540.jpg,0.9834791768874739,1.2496920790122776,0.8695388759002934,8.11713176937332,0.37218140742715267,1.2752534654223309,0.7868249777110078,140.31683901979528,1.7646121100586794,1.1413790847919725,0.7652167415147666,0.3089069352052441,0.3821365278046563,0.6335372779357872,1.2166578771757806,0.48698044345136726,4.936533808558021,161.8180584544325,65.18101214654764,0.40041080657410827,3.777677095441986,10.256456690719638,14.806342988690204,0.06887924355062947,1.383333
AF1548.jpg,1.0077802074153002,1.298872202097253,0.8521456135112687,6.893582822426254,0.33199075095080155,1.3408509112915385,0.708868325621561,148.9107411206433,1.990884491979226,1.0954241593286398,0.7881552288725072,0.2933237835941512,0.34836037395076896,0.6061342351339418,1.2757410765336772,0.49495068247204005,16.85969855650128,189.91434538421163,77.34232551666196,0.4046131022641416,0.21573604060913704,33.205470856186665,22.428249695039327,0.04705705088430852,4.066667
AF1549.jpg,1.0817777618880122,1.31282491082507,0.8951208678751148,7.669581165999653,0.3703851081241204,1.3628508853487427,0.7365420694790435,147.99018243034203,1.8908635255694413,1.1214058288672042,0.7865321098120442,0.30828271632217796,0.30295723444238437,0.6985744099444571,1.1760763675319283,0.48323245274942245,2.3149487155093214,192.615987822371,40.48167105218468,0.513381899813297,0.0,9.622792517576162,7.847465864689227,0.04689229288549014,2.85
AF1555.jpg,1.032607309631956,1.2875310565886244,0.8470206419031642,8.833792533162622,0.36102940171002706,1.4016358244221323,0.7722051501414147,144.09341590961603,1.9380172362931214,1.0895031516730755,0.8012262363716716,0.29432678966194115,0.3478879620659145,0.5984420008762241,1.3029931764284464,0.4990112307039636,7.468955240604074,203.72669763746893,62.67996866550632,0.3846750719554551,0.0,13.125915492957747,20.942305026862513,0.055431333898474044,3.166667
AF156.jpg,1.0389940079001199,1.270963499638817,0.8882161519852717,5.802028116160846,0.3406591582172219,1.4026927011918717,0.9270974421011559,142.76894399065566,2.1562017579881902,1.0847915857541959,0.7767709766873173,0.29198821843448186,0.3157609495059691,0.6308378261391834,1.2620865940441,0.5033071312438028,4.571061158441854,207.82810381812317,39.71283004290703,0.45542734921031874,0.0,18.609672729127873,7.839601567001566,0.06794925919287384,2.483333
AF1560.jpg,1.3493938227068685,1.3671191170445212,0.8586600378991083,9.500602082996394,0.395322610440078,1.2013026788155494,0.7160354744482699,147.67868835693486,1.7394532823085427,1.127300743004116,0.8240013554804713,0.31282457772985456,0.38707373283519136,0.43491702737731674,1.1212724580356022,0.45404625802697757,4.235126324788155,205.54447471849156,60.13558582960269,0.42096479672723486,0.0,17.21441068073939,14.142197879168748,0.05235300687030353,3.983333
AF1561.jpg,1.0441052408871951,1.298218886458481,0.8421599223300095,8.346827847755016,0.392629776144214,1.2323499528716082,0.7487684745622416,147.17613780021907,1.787694398824753,1.1510863571112517,0.7853633959086838,0.3238150454172444,0.39499481869455483,0.7205326087538733,1.1501031848809948,0.454026854750356,9.236140990424706,190.58778437556342,56.75393822171725,0.546056451555822,0.4028436018957346,23.11870978386405,25.685469925573642,0.0668158486950837,3.95
AF1564.jpg,1.1465368020341828,1.2992715483259036,0.8843911512440066,9.054317388007352,0.3977539019377301,1.2454635021807487,0.770484102944242,144.50489926251987,1.7324733820668323,1.1991135297892874,0.8012845589510218,0.31920094951826844,0.25945326124527096,0.5186680936545917,1.1888960520469571,0.5492030613699512,5.191918344289469,199.19111037621457,57.13054336590528,0.3981156730400835,0.0,11.937925539620455,13.286285366343833,0.04662858469216881,3.983333
AF1566.jpg,1.2696497964358329,1.4173483550098724,0.8211387579954696,10.667077973467924,0.42393219643750757,1.2529192043851105,0.7113676338326222,145.60237754303432,1.6380345698886298,1.0023457862208696,0.8011070374712745,0.2983359005940911,0.38728027243475144,0.576967726718737,1.1517773022375204,0.44910447298688666,4.469185461933098,206.5656096499015,70.93918595969649,0.5138787066242696,1.403301886792453,18.816532258064516,19.59156027544715,0.08823859834708495,3.75
AF1570.jpg,1.0866764371500683,1.3207651841783627,0.9026544489488751,8.521177204402782,0.36878029285186253,1.321704507828133,0.8266358981347909,143.88966094278484,1.9076866642374757,1.080771786760741,0.7637476739326946,0.29821612591241425,0.34033704261711434,0.7732300632845533,1.259762765162264,0.4656158552143848,3.1483574134127004,189.20703400447735,59.06950735202534,0.5112196075829939,0.0,16.71117620549797,20.202244810550013,0.024902900907144913,2.5
AF1575.jpg,1.0825619699057234,1.2833870661476505,0.8351242001875713,9.822107389566241,0.4061528803492724,1.3929766462753794,0.842811293878958,142.3911104282422,1.789735600694219,1.091237314219816,0.7809175710193073,0.2912407587746786,0.3030750052331871,0.6094516062815553,1.2949177251901065,0.511096438586881,4.945985475365833,210.02070671129403,46.54499481849669,0.4370044304308573,5.3303656766611205,24.274727997787103,9.923294638529839,0.08498864404436517,3.066667
AF159.jpg,0.9647728887135887,1.2718323113764316,0.8879249338458018,7.348260099187728,0.3401680074311737,1.435250408529973,0.8232956965910259,144.20428469510887,2.159253666073329,1.1201573308794226,0.7734592822260721,0.2874551201011018,0.36103720139987217,0.7619066742336805,1.1744400871270446,0.5329735920628393,3.9027099264335328,198.27841802875938,41.148250922338974,0.3356098808511406,5.268595041322314,17.296202488610867,9.516077619740784,0.04661328598260765,2.783333
AF1590.jpg,1.2065333691308895,1.2587986083619478,0.8850642806816057,11.201152068710787,0.3241449736396256,1.320683064537483,1.1085127147952052,137.58253899284313,2.500384322655043,1.0631862743484128,0.7802383249629282,0.30566303166526326,0.3776074559191461,0.5756515897372791,1.0446309014176602,0.44889057670369,9.135652280673895,211.09125803317298,52.412477259433246,0.5977046745984156,1.989596879063719,20.525654154949017,-0.3354902185752877,0.064299798251637,1.066667
AF1599.jpg,0.9503384273982383,1.266737603598034,0.8621676512138746,7.320543572062501,0.3169651106537844,1.3883647871097333,0.8171299337931639,142.8464505722576,2.244095035893135,1.104360780350603,0.7693604759888484,0.29824032214275437,0.34303353519343804,0.646378488890993,1.1848174149732176,0.511591969786223,6.163965766587201,210.5789231116113,71.19403734711219,0.4261067892736108,0.0,17.82512187436282,31.961656059791864,0.13560491756132553,3.466667
AF1600.jpg,1.2389645783560665,1.33679873877576,0.8194433185530714,9.377627193214185,0.4235440320122435,1.323296730506122,0.9343663859739554,142.4992047976107,1.8137487538063588,1.1734880624750914,0.7936210324039951,0.30800522292411225,0.25913493382632874,0.5768361640387298,1.12996221190728,0.5212034178366453,6.784556819614515,181.90957197338267,80.89761245176354,0.47457633583575565,0.0,20.870894376181475,29.374853573089155,0.049587593890274666,3.016667
AF1606.jpg,0.9868876398205593,1.2734627824182854,0.879535897767866,6.161941302719727,0.3293723577735572,1.4195689895950947,0.8317448884802274,144.49134896487746,2.184642173217685,1.1288732174059737,0.7695326468926953,0.28752616118053975,0.31821982671184257,0.6649499501201576,1.3192810743625367,0.4966704871934054,6.270933660601671,157.82799990704495,66.58089910419035,0.4235663878773881,2.843866171003717,18.48942598187311,20.722032207566784,0.02421640242772877,3.166667
AF1607.jpg,1.0259819870265403,1.3186991440304747,0.8814095315693763,6.940709070237204,0.3967371843556217,1.423524465130709,0.7757414526719355,145.40353111347494,1.7593175264191605,1.019868641148951,0.7889115231243209,0.2927589735805492,0.36524125959963466,0.6221185714721367,0.9932489521703999,0.49357043177114146,3.713781788244561,226.43489329686162,29.995913333291497,0.5269946558328117,0.0,15.565316201214982,13.613157999862636,0.040166049950647556,3.433333
AF161.jpg,1.0210959590193323,1.3221860442392968,1.0077139656093876,7.2217888130849595,0.3413839417630799,1.5281293706606351,0.7230600247183067,147.82496743084374,1.9817730064882924,1.0234406474291604,0.7566136134056858,0.29017283948417677,0.29709261606775694,0.7964684865100091,1.1588812658312546,0.45419188935908633,9.887504192129846,164.04630403412492,60.087356665703865,0.596948539972796,8.792126653847038,24.100983606557378,10.570871861440082,0.02647140468305297,1.95
AF1619.jpg,1.1292488252545871,1.333866807798054,0.8311643029020066,6.247629002489653,0.422712339217162,1.2844961462206275,0.7500311856488996,145.1040731969794,1.682889993306458,1.050399799926687,0.7789723192630539,0.307129727375997,0.40747374166044814,0.6011781717401696,1.1985314346308051,0.40187247026155515,10.569675357040438,159.37974875963312,59.81109088531194,0.6567112006603296,2.70357505994476,25.292628356099858,23.424553315720445,0.023126083345057648,1.633333
AF162.jpg,1.0146600829319163,1.2614063224496597,0.8828542414865461,6.2014266053211085,0.2875697573435598,1.3181977218215908,0.9651669033948175,141.62503682965357,2.5670898171975196,1.1927336515422235,0.7625553721671038,0.3074669900671392,0.32088078708360623,0.6087295532231545,1.2659796960012146,0.5453440323099764,5.847409240075162,196.19791995296413,48.7362047921678,0.3064173971741477,4.415875823291052,11.695331695331696,13.300113261269885,0.06403114693185603,2.116667
AF1626.jpg,1.3451652095667985,1.3287137883622815,0.8031698369584884,7.307617784824766,0.39017105199272484,1.2673939677690256,0.9743123197771326,143.1290883421625,1.9956204807524955,1.060172738452308,0.7542933373063648,0.3023408323190585,0.3742798873753498,0.5465052415384892,0.9979099232004317,0.4396910554508606,9.069733034935856,177.39021161069132,68.37907398141526,0.6423210939976012,0.0,38.67531158357772,37.33314886107674,0.14795598758439465,3.066667
AF1630.jpg,1.0628777792574005,1.293642885571177,0.8981667821726501,8.908804281826221,0.37944903773541006,1.1300212912803993,0.6677490125984723,147.7802211929642,1.7513854811414549,1.239400803073362,0.8126828398020147,0.34315653880310343,0.3472272954777912,0.6091043619347516,1.207075727408604,0.4956500492193001,5.758058753311259,195.45183528436127,45.84680835437922,0.39689426447384524,0.0,11.654135338345863,14.86932764917691,0.021538299597916505,2.766667
AF1637.jpg,1.1222282604409235,1.3404132338402879,0.8852895142390974,8.927051366134556,0.4032528431340445,1.2803775739529504,0.7481451446134806,148.771055401124,1.7256574781801506,1.1142025931496031,0.808233350280134,0.3054985927907329,0.33655112955123456,0.5812335162361505,1.1917987649398118,0.5194199933659094,5.273764365565256,215.52509485819465,52.39798244085446,0.36822498034898554,1.4842840512223516,14.456416783707866,16.506456934619806,0.015666238735392118,3.983333
AF164.jpg,0.9906897465407976,1.2456008425817495,0.8174408195980398,7.414584724825616,0.41468765154190834,1.2850071780662973,0.6892200729903373,145.10091801888802,1.527020380665756,1.1267725231166774,0.7818835886534764,0.303314142877275,0.3301258745831287,0.5805603881300724,1.1823127979883834,0.49636810024256267,4.4332296970698515,187.81802364581588,49.58046019403923,0.47189855218567,0.0,23.923265639907317,13.536420634552499,0.028234774194301888,3.083333
AF1641.jpg,0.9259710099960163,1.1933074470453682,0.8333153295353963,9.530494670907675,0.3227705744288549,1.281198136547365,0.8730191810256761,144.10905504820454,2.37713196745738,1.227467656713277,0.7677926532800913,0.32594504912392813,0.5310216154863129,0.8240522666026273,1.1025756047782476,0.4991815090434671,13.929655804151048,139.2167884953569,34.755776183455396,0.23925071338491205,0.2800146412884334,10.374448869293131,9.08641910329959,0.14356077943871767,1.166667
AF1643.jpg,1.0396953991111455,1.3371256583393967,0.8729237008670585,6.915956424473794,0.40363748749135675,1.345565342662258,0.7857994717797017,144.17943547927013,1.7115801752748878,1.0538243024569822,0.7784774373769761,0.2981478465614843,0.37873833493638803,0.6871117928934249,1.1652936033151806,0.4549111485446589,3.098851401736626,181.35376380214726,38.989691945859846,0.5414145288022729,1.408839779005525,22.605353680655448,12.316488879002776,0.08767061831023105,3.616667
AF1648.jpg,0.9950041407534546,1.2993780639916201,0.8144264486065148,7.4315029932616214,0.4294721353105133,1.3729524722630544,0.802388363886354,141.5395628766708,1.626311797009873,1.056770767623677,0.7509491145802925,0.2870160125866404,0.34625554536387865,0.6522367618053868,1.2270955393667209,0.5143056967527646,4.144884293298005,191.1258151537511,52.66210547633173,0.4252394667880893,0.0,12.643591654247391,9.842064379023626,0.029930337332875628,3.2
AF1650.jpg,1.1985069342824144,1.3172874229564056,0.8893111655387671,10.01357922880412,0.4200895855790592,1.2697578327179018,0.7639689693660378,145.39632790995935,1.6251594105090785,1.1202338432243815,0.8046696944038159,0.30681575907049613,0.2908216268607872,0.5380495271421016,1.1727381180141767,0.5069933152057557,4.385990837642609,183.47209861982066,50.21490437521632,0.4488582202529511,0.0,11.217579463547207,20.329420319636796,0.07508330241401326,3.2
AF1653.jpg,0.8946542667244801,1.271876000043999,0.8867492462058186,8.015345534428365,0.36226035630474107,1.2476659066783624,0.6806449837350868,148.46184963511328,1.7748945382964982,1.1660018863270523,0.778423425418394,0.31340144313599555,0.3222118237234675,0.5911320194698875,1.2805223205066196,0.5061368455747061,4.662817691459955,211.85454200596234,38.29909845757524,0.45060810320413214,4.229312525369769,20.151183172655564,11.904817439208216,0.030017361286750706,2.616667
AF1659.jpg,1.3578253701910783,1.3962018671184535,0.8249084023527097,10.178639534901432,0.3869947589063731,1.2657774009528346,0.8465601797296672,143.74005990116464,1.8541123421812733,1.0315252123636713,0.7860412221436853,0.305119728847995,0.3634981638366941,0.3750331349795517,1.1899421198230768,0.4066706709488578,5.926066474225919,191.8847882796597,53.520559459963835,0.6598909515929801,0.0,13.939636752136753,21.93131609299165,0.12947226683131907,3.566667
AF1660.jpg,1.0740008248179427,1.315961757394745,0.8180310758502721,10.344746648231698,0.40961454391387264,1.153353618754015,0.6660365029414669,145.54988021548724,1.6964603345192395,1.088640581646536,0.7900945982982196,0.319716814488907,0.3981208155529199,0.5987797576160532,1.0802107698413435,0.46377332635358515,4.872125075606435,211.62016482249885,50.34238704472108,0.5830889281771939,1.4627151051625238,6.5221053706350824,12.62872389893954,0.17748807843040457,3.7
AF168.jpg,1.07785415118294,1.343354618368518,0.8205672131411267,7.669465213457585,0.38443393071342613,1.337202720207345,0.9341347989587563,141.89365498129376,2.0086962796126753,1.0945691789333154,0.7753662260562874,0.29998138498722443,0.43396308239475084,0.603190609604297,1.2061791790617817,0.41090854363519996,4.495829511049308,231.34686880176213,45.02069842570688,0.6095888722394319,4.410377358490567,9.79924987702902,8.275323263647962,0.09069118820883075,2.55
AF1682.jpg,1.2386005047056876,1.3675308100384238,0.8309407809862595,6.357140548242797,0.42883246594087754,1.320857472501816,0.921813228270516,141.93931288452092,1.8051331355321003,1.0509838664455153,0.7785713734549038,0.29461764466794055,0.5037252759985162,0.5488023678269539,1.0682393359914082,0.41985994953717704,3.4402239502444996,203.1329848809891,37.67067788734698,0.491108481917055,0.0,20.145040335916942,12.01271876619495,0.032136231760377956,3.883333
AF1688.jpg,1.2043564513326006,1.4000909993000075,0.8235404923772045,8.549509710789934,0.40374019250214416,1.3090096620318712,0.8340441320474357,145.33028633388952,1.946244584711869,1.058762161514999,0.792286001082483,0.3029967010138395,0.3451839164173775,0.46003094554910845,1.197588555939619,0.46506956076442124,7.951188155152657,195.58596667431837,65.74062769126752,0.5277002401940871,0.0,17.08279220779221,28.967432594019584,0.11531199095586184,4.266667
AF1691.jpg,1.1515299947841353,1.297672460468312,0.8321494818494228,8.734735933307807,0.39765503673868385,1.1285890431850407,0.6975063075723669,145.64992109841776,1.657051369055171,1.1989255317800482,0.7993576771793424,0.33118551726170864,0.2783990597980843,0.5968039423231077,1.2313713203461756,0.5007207244520027,6.450069917351921,195.53256680349423,44.24594259967256,0.5101838660083278,0.0,22.39942571935416,17.85982681287632,0.15372629021246476,3.3
AF170.jpg,0.9402545492168181,1.2747674162418996,0.8837867365375395,8.357125342481929,0.37156258744802184,1.4927134972870582,0.7867892699852229,142.31180362191975,1.7977120251837126,1.0247909872867569,0.7539123240689827,0.2861284210126659,0.37622187261995704,0.6689160362069928,1.1532400530789149,0.47911894271044225,7.360328457793075,217.07858414733417,40.81154915654227,0.5002687560971414,1.7333836858006042,9.961671860862571,10.192777346607997,0.026719274762903394,2.383333
AF1700.jpg,1.027561143513272,1.3347974761164372,0.7925471985160862,6.734257849818137,0.3857098804627461,1.388735958795451,0.8255395899888234,142.46329111391327,1.8251108329162349,1.068421407571485,0.7784168307327228,0.2953343713735103,0.40933073012334265,0.5141555214743035,1.2063424692015583,0.4279046585624245,4.6247546430221025,224.01772238444835,58.35590420263017,0.5656959732273634,0.0,22.54114959720412,12.127052155636704,0.012833229468839486,3.05
AF1704.jpg,0.8695656569743483,1.2925582352338116,0.8774273853270378,4.436633400996188,0.2950951135538742,1.4202743479742945,0.7931806784491449,147.2224981677315,2.3335164440340668,1.1318974919093807,0.7514184310577862,0.29844829040558557,0.43059905845564994,0.8420931611388539,1.1817595785404897,0.5085430415638503,5.145647601638224,151.1919447371502,54.38152177642513,0.33763942165443844,0.0,18.221886736873113,5.361009143600967,0.05847291148853355,2.166667
AF1711.jpg,1.1146581316396103,1.3440666266444836,0.8228957468940126,9.369231673253147,0.3620840130109807,1.363162470271242,0.7486035183575769,145.1340602478466,1.968873073201499,1.0127399237541177,0.7934469122540306,0.2907682739979872,0.35976368192912217,0.5174540522756534,1.1990475730798447,0.43089135295619696,7.713156022544155,200.3252293825683,74.5491337650384,0.6577454064524748,0.0,19.133935005759486,27.34399559305686,0.07870485083984625,3.866667
AF1712.jpg,0.9859786859925753,1.2955138962965844,0.8835190754424427,7.978506714052182,0.43433292957243474,1.2744800914968906,0.8190047270843313,144.6077300698139,1.646293000777635,1.0920476175299747,0.7554979350002561,0.3068306110792805,0.38594083587897204,0.6252600201290412,1.1338456105407129,0.46158162611662207,3.3067930029300987,194.68435758639887,50.57704809961817,0.5622826739637131,0.0,8.975106033032048,17.672890023389627,0.016076435711418622,3.5
AF1714.jpg,1.1082691781777936,1.3087178710335483,0.8058163465937587,10.042363908853188,0.4765637194376412,1.2779449113213401,0.6592353632717977,144.6866860856648,1.3275860960341397,1.0582584278476466,0.7934425701113473,0.2983042488708731,0.3396004201832974,0.5765178982262527,1.2347732281728272,0.4255678408631984,6.313733500030754,173.71209860734132,48.80404572272593,0.6510976507240266,0.0,14.579681956140725,19.965275662340872,0.03232243320973939,3.8
AF172.jpg,0.9568349190666464,1.263009021249553,0.8288188798279107,7.7307897351363275,0.3465220265896217,1.4477028962099658,0.7805941228690911,142.17722895358276,1.9126365271900845,1.0458804825276151,0.7698439390238658,0.2915129801463521,0.39161720517537957,0.6351180302008089,1.171798869342138,0.44282350594575537,4.7202337225122974,198.67427006021376,59.78517464509605,0.5879112392201811,1.245580404685836,39.647419465094416,8.726203059143643,0.023255368016852664,2.383333
AF1722.jpg,0.9834602436233507,1.3002352803245838,0.8604692462714524,4.286399119036553,0.20541811943921956,1.393550905481082,0.849481870682008,146.71854297994093,3.554186185036406,1.2050293424826302,0.7923991020744553,0.30757871383537894,0.3060412033978672,0.5745375266901516,1.2422212989996497,0.5276174959202063,4.720110839257995,198.644159954075,34.40482093488524,0.3953173438545237,0.7696177062374246,8.751608751608751,7.414329192009859,0.104660442263976,3.4
AF173.jpg,0.920470618781633,1.2364719589144981,0.8726813643234462,11.105531621074157,0.3566146047151172,1.4181073761711165,0.6868272672069263,147.03746625937106,1.8069316374715856,1.1430096451735972,0.7892112442481778,0.29417517030360973,0.29084531068375424,0.5259386056998089,1.3152268194220171,0.5113269845394911,4.731919733256754,219.1577407023263,41.12234247223779,0.4372422544496327,1.6026536312849162,23.660817031070195,6.58498518600976,0.06993131584305483,2.316667
AF1734.jpg,1.1745496509902893,1.3412613074277127,0.8529269131125125,9.349382287038186,0.401788925860257,1.2628444343769027,0.8478417374455615,145.0158875919755,1.815375620569448,1.1050911953736005,0.8000537785740454,0.3068255375307663,0.2914439249224363,0.48631077559911984,1.163438232398718,0.517522010531991,5.79006153336408,188.4671733622514,64.02451097251604,0.46357198110005476,0.0,10.49722143060701,6.008771639122713,0.010694485711671748,3.833333
AF1738.jpg,1.1157606075443147,1.2877188629831884,0.8203126746716685,11.132102791511254,0.32740491995958365,1.4453488954836198,0.846482030944046,145.86229391949067,2.2395747729506876,1.0906357504231798,0.7842419888513248,0.2871637617159317,0.3187705902521309,0.6300762724309866,1.2708812438234995,0.5213635266257216,5.921254765275193,164.31938131014144,70.6187999147926,0.3466556427636216,0.544290288153682,17.00579413769598,24.606742007409864,0.05479372821323286,2.816667
AF1747.jpg,0.9932559869900642,1.3155445170873814,0.8416838972726752,8.04721175855078,0.4137186898234227,1.2113710292155986,0.7536033268614444,146.16074150382488,1.7315025215592887,1.1740333687731594,0.7958722019004273,0.32954297328376575,0.41343514446435253,0.586154889276063,1.1315186139837667,0.45667570516061246,2.8951850323924324,223.06986916289137,70.63074237867642,0.5103751646807921,0.0,31.662817743811267,12.121611905583748,0.15005468896624435,3.6
AF1753.jpg,1.0916551833833261,1.2753908119940776,0.8151136353570916,8.73203496959131,0.3986683180676395,1.2475628123650686,0.8073071108174079,144.90962387125646,1.7814044096281219,1.1821210586094169,0.7814313159685569,0.3172166784186876,0.216466582189476,0.5103376630070956,1.208052708996422,0.5802438606356999,10.415101264853458,158.47480997086183,23.240588371983847,0.4119410542545047,0.0,8.86,7.326266465187189,0.038122775043441234,3.266667
AF1757.jpg,0.9650343447219657,1.261516353499454,0.833278124151021,7.850587928687488,0.33192285991748544,1.3606459064600618,0.885985185436148,141.31986890106668,2.1469650034468883,1.1535892456378927,0.7644095647539345,0.3017453015250004,0.3448181510452107,0.703451178849814,1.2913221756544033,0.5229482207178675,4.9766262093385105,206.43925640987595,72.27060223611105,0.3627212140632292,1.0433715220949265,28.427684360918782,22.695995788156637,0.03292637328659957,2.783333
AF1773.jpg,1.0308178678011584,1.2956917853572283,0.8365309475095076,8.402493294936722,0.3512176234793495,1.2797720454109127,0.853182123916993,141.55214619012037,1.9828048977704589,1.1201489807436993,0.7738888488717313,0.31061597513695033,0.5007828070277003,0.6873117470852103,1.188379001000846,0.40414649137020214,16.053616058300072,162.7129011173492,32.0944800647176,0.4894827884357694,0.0,7.0054945054945055,-0.1556655702562182,0.05119861721022253,2.566667
AF1774.jpg,1.314512836294411,1.3480002197996204,0.8369054571074825,6.014856180796924,0.36013881106337897,1.2651933999061706,0.8080562283184088,144.8621243775895,1.9341333022249447,1.1248075017407542,0.7859768060420461,0.3098991179796927,0.30625450737370175,0.46152005220307185,1.0845646967827105,0.4334411721785354,3.9384879386428215,167.31339702386194,58.06081486423753,0.7004292500782456,0.0,19.184244314013206,19.19126075997555,0.08876293518060034,3.016667
AF1778.jpg,0.8672823607933833,1.2962400952987843,0.8839958023405453,5.933963197872286,0.3358193905177667,1.4608030711453044,0.8405220386794687,144.3890807192583,2.160953305075655,1.0223044318545786,0.750088144121296,0.28600615211776825,0.383451783243132,0.75151481486784,1.1477385358167587,0.5130261041254595,4.253314143120614,224.31279363390456,51.22442573489644,0.4439294798753978,4.228609795296904,12.326593118581052,12.688735738069866,0.03584792152288613,2.083333
AF1787.jpg,1.1035083891551174,1.3492819627611032,0.8743489936677802,7.8846146368803876,0.41079938797457394,1.108111886160742,0.7366530445565374,146.4727309377443,1.6351999611738417,1.1982820444007727,0.7872116093457063,0.3461014311646667,0.37461176965494253,0.4707376772106349,0.9670481557364617,0.49672699308610935,13.467528733674339,171.36109652006516,23.032559349801375,0.4782279161403908,18.95800175017179,22.548396854204476,11.443753650920598,0.1000148931232208,3.966667
AF179.jpg,0.7925525949959756,1.1963498011145046,0.8817610132064504,5.269448622233348,0.2607931405626351,1.4854993115838835,0.7847836702353571,145.57260931454098,2.5502506390322512,1.241033578805206,0.7624481213236765,0.29628549347351124,0.29878247449112155,0.713815824689897,1.4191304761403498,0.547185593734137,5.970015806879818,133.93213348263993,49.29449056267511,0.3048600733351736,0.0,33.07830704664939,25.840894319175817,0.01604061641042096,2.033333
AF1790.jpg,0.8969206239995646,1.2723265645516895,0.8891208915851991,5.579682929987194,0.2731381504273489,1.4154505760763672,0.8028244940893232,143.28084827804156,2.626474425838144,1.1106781498049172,0.7673396295305285,0.29777607870476513,0.3732063751974852,0.7446444222796692,1.0474631934287204,0.5271271803060441,8.61225332852889,189.19840462396277,75.91628171893484,0.419854606811393,7.5376519113623655,14.245328569359277,29.30870889848272,0.038506067448233504,2.033333
AF1793.jpg,1.1005978536840542,1.3653527108260362,0.831987649231062,8.757736307560204,0.4089565092115734,1.256939234489272,0.7639293746270535,143.98962494641495,1.7288479103708614,1.1060208171614128,0.7908762519744249,0.305846073354358,0.4593691942855475,0.6051447117556193,1.1064420661516245,0.4559224844088626,6.651938241088821,194.75819584520008,55.280552126250456,0.42614014309125214,0.0,17.78688918814929,17.0656686852124,0.031536195051077166,4.016667
AF1795.jpg,1.0514056772244966,1.3361733836008578,0.8828708761466348,8.57930068883939,0.36845094603894446,1.381480511544269,0.7972275074965293,145.9574576197603,1.9064974298721278,1.0540577209567885,0.7734608293659355,0.2922366180338865,0.2669394325546981,0.6806259532633934,1.3166437386235312,0.522097462463192,2.4585030782427806,207.50926679517383,46.756849000202834,0.46029876081286025,0.0,12.910922330097087,17.36675703460888,0.03244215726077519,3.3
AF18.jpg,1.0176493532250819,1.2715025571073069,0.8651031311763347,8.771156960899745,0.387710171123438,1.299281819040227,0.6260326183478503,147.51329043025305,1.709575783264689,1.1347948592887687,0.8023456932653461,0.31122538501818536,0.36873327860054583,0.6790500957850657,1.2711916080188768,0.4567816449710441,4.372987067339997,195.0673504569181,55.69143804815897,0.45975909885268174,0.0,20.77312025968351,15.631643047308529,0.057076754891886794,2.566667
AF1805.jpg,1.1495994247125207,1.2581645884409594,0.8434652606639782,7.924086242944874,0.3510527303876826,1.3508711534051139,0.8773357436965156,139.85945781150588,2.0966264893868516,1.108768299889401,0.7845054906458898,0.3089175667422628,0.36743331416124303,0.5919469744224914,1.1868029107120561,0.4528697118571521,3.602284101554064,227.48870873994184,37.37946805226275,0.5024631108915161,0.0,10.33076048015154,10.212623394251409,0.03281571635534036,3.516667
AF1808.jpg,1.0069606516470637,1.322045182457708,0.8451238870536313,7.832255971830193,0.37030298808741224,1.2383387029046975,0.8214384779424364,141.17053374433624,1.9227624456268484,1.0872457917649299,0.7775065108857893,0.3111608415761607,0.39067727214869974,0.6591959691316817,1.1412751097908522,0.4957578209206074,4.293670610957333,218.45545835367392,54.80621720696229,0.453848137805657,0.0,8.27619604417897,16.930946858181557,0.14903977991091388,3.8
AF1817.jpg,1.2214082734784681,1.3141503514460842,0.8534890632380311,8.38520147838499,0.39454002553680934,1.3032502549751397,0.6814457471224512,147.70483301162815,1.6338589784804798,1.0385109063455018,0.7854859410890559,0.301019770745225,0.32779055169918986,0.5380451121618168,1.1561898873768939,0.37149079877887636,7.375850366418653,187.36027228651244,12.698949641221844,0.8741070974863062,0.0,2.839643652561247,9.02795862977446,0.07189216885169095,3.15
AF1820.jpg,1.0172541882723247,1.2198661903419588,0.8963654511097056,4.7198955597893235,0.322189690436526,1.2976557397026007,0.841221980474139,143.38755409715765,2.049825505804731,1.2095089496928129,0.7559989644731748,0.3216503447667332,0.3023451650814537,0.6121159475645737,1.2474837005484591,0.47718163371373856,8.036858587315777,190.94667676819165,30.020452156483174,0.4971281141051235,1.4847010774768687,3.9716494845360826,6.959325515903956,0.03421631321659299,1.416667
AF1824.jpg,0.9764750446716377,1.2700110186616191,0.8563273010623216,5.809702926593184,0.31309530094074933,1.3811930679690316,0.9367356814835431,142.33251760001426,2.338556599978715,1.13897997927151,0.7631505557516702,0.3044144400940656,0.3398662165102265,0.7200172207221478,1.1976413868348639,0.46888315829813154,3.956090499626562,197.4979447570136,51.51247260204994,0.5387955904309993,0.0,17.554599177800615,4.980892879108822,0.024718488365270505,1.983333
AF1828.jpg,1.0738911045074921,1.316697709729153,0.8862291790177202,9.080442208645493,0.4355165831968828,1.3687808173121334,0.8230228177611197,146.61524202922368,1.6870975294443342,1.1097514821405938,0.7888144075698309,0.30265628974665687,0.3102788875726243,0.6264804997982467,1.1643792414581597,0.5170086844038723,5.310133522660833,177.23611111111111,49.788742690058484,0.43604026714249144,1.1434977578475336,16.282094594594597,18.744805306360803,0.011804088582831955,4.083333
AF1829.jpg,0.9784462330691313,1.305902025807379,0.8498204674577978,7.026945232446708,0.4256964780091471,1.3675685702188836,0.7565974182414563,144.69078405517368,1.608216726489733,1.0912220196662603,0.7799278882057028,0.303170394563635,0.3496102207164056,0.49059404349813374,1.1439814479155206,0.4677026596863694,4.106120388285264,209.55196013970786,47.63139939204433,0.5826118044787727,1.8279569892473118,18.035601265822784,8.204225282796145,0.026028048461367616,2.85
AF1832.jpg,0.9976070469484305,1.3005143015257186,0.8802232289785736,9.142116804819858,0.45312743787859094,1.3209046209874906,0.7364459850346229,145.65075596875104,1.4826176728662086,1.1112786700220216,0.7689774363271654,0.3007604454561302,0.3086718443184341,0.6126741822951677,1.2503322536173818,0.5296429071632882,4.541003613755626,210.16867974173556,51.9111391384873,0.40006223691931614,0.0,10.707792207792208,14.986032572832187,0.029005654609055347,4.083333
AF1835.jpg,0.9505163288772757,1.2730959371948236,0.8625450722469288,4.880545630780263,0.41092908243289494,1.3256110386254116,0.8328762687004589,142.69792048886606,1.7688240289593362,1.118926903372661,0.7619972332117824,0.3047856852828113,0.2897396536432081,0.6460281846319665,1.2985209711907149,0.5311308484411946,3.170796412559654,208.62016715405287,49.48078848066916,0.43852517809492014,0.0,5.91313840489747,18.054020518202847,0.026706302388972637,3.033333
AF1836.jpg,0.8843402444473258,1.280519111253961,0.8605435183474528,6.596502139663283,0.33417546370239204,1.2954527219182315,0.7893718295155463,144.6458965809759,2.039513131318661,1.1710756477219901,0.7668638751841267,0.30800401372921826,0.3750828966823446,0.7770956199790798,1.17164664772633,0.5382026683536114,5.830579978624858,220.5982548912786,57.773832925960676,0.3446842746043164,0.8673469387755102,11.303583026629141,18.703830099218152,0.0369029000548681,3.183333
AF1838.jpg,0.9103087544734062,1.2720418185175169,0.8664946996375162,7.78193237250163,0.39398062039374093,1.3817951504087718,0.7159366111102261,146.04257786823692,1.730993624435814,1.09553456065411,0.7731104332265142,0.2972482077798525,0.28330531658373664,0.710689878541218,1.2646504175596467,0.5356475348245477,5.62998084358562,194.6531959954791,28.283883826166942,0.4317210820998538,0.0,20.658762420957544,8.070411010323127,0.08604541321569069,3.516667
AF1844.jpg,1.111973599507379,1.327833895165336,0.836030713337616,10.013919453739312,0.4045610807777469,1.3021327410768064,0.7269632375081635,145.33452300990226,1.6860758825505948,1.0979817968927148,0.7931892113145932,0.30097576934161874,0.4229326844653477,0.6444502949210434,1.1282830390806973,0.43679152931757903,6.245710066494941,221.77520361632867,64.63515193674212,0.508113601335223,0.0,11.067109170004144,14.556155728931458,0.035670811326873955,4.55
AF1850.jpg,1.0896949926723354,1.307057841734444,0.8664611740473681,8.191831095084986,0.3639687711539763,1.3484741936603688,0.8671096027413947,144.02861407599357,2.077393024941189,1.0938043172029124,0.7888631702237591,0.3051617653446528,0.3017123345973622,0.6285243905821698,1.137745762297832,0.5340106240110064,3.6405634821655166,214.24708841418487,59.39996197740328,0.42898197408686906,0.0,9.718547516198704,18.415426111792343,0.02043992403309929,3.8
AF1851.jpg,1.3243716776341092,1.3335398875007864,0.8188593889065608,9.43981800841117,0.4397293096317524,1.1979555920980844,0.8423407087108767,142.0928221369951,1.7102178481102328,1.1605509851019686,0.7952611904026925,0.3198866559737096,0.34301069885405966,0.6839161842075875,1.2218369975187497,0.44426137402531674,4.0987099403812,189.59879538629536,49.20918499668497,0.5562783482370619,0.0,14.560970811535492,13.967453113662032,0.07166158001025622,2.833333
AF1859.jpg,1.1312563187937665,1.294579894714451,0.834887170971229,8.338830543637213,0.4279866024165431,1.2429407978024403,0.9073821098577434,141.26401093232795,1.74831475072011,1.1324479432955323,0.7772098720471968,0.3202599316773046,0.3666213249771355,0.6300687964042172,1.2079920818127825,0.44401370135060103,7.5695720916648135,143.01273578107987,50.02378550483678,0.5726240292926745,4.187854484225452,5.460318416753703,7.811972981078874,0.03938076254874794,1.85
AF186.jpg,1.0802790267696147,1.2656375362347785,0.8717319140975257,7.182159690623331,0.35521723455435383,1.3311770618138286,0.7418094902356608,146.85985742534643,1.8777300076761052,1.145803014530103,0.7905850838580272,0.30836367559679284,0.3074567298277741,0.5569811671886021,1.1705276576283539,0.47094705141334003,5.728757175076213,173.04840041194643,56.257839939970026,0.5726252132740639,14.515865237366004,13.630715339233038,12.902543307194136,0.03760346450128614,2.183333
AF1863.jpg,0.9667689281617563,1.2850885345415322,0.878215773275216,6.794857294170227,0.39778692430995577,1.3189327654380671,0.7715116330447434,142.8072832418735,1.7180666510556666,1.068045778968799,0.7552068456390025,0.299063046200405,0.361359036497936,0.7572112899448068,1.1382614960197535,0.5067775470617496,5.203996962067905,215.19502338817998,64.20389038325388,0.4672660075702956,1.0493827160493827,11.975471898812517,23.60132019175667,0.03301928707433262,3.5
AF1866.jpg,1.0723936998832075,1.3141361782295913,0.7713072729699627,7.952512618784711,0.374611232988473,1.2502133492325433,0.8592835217523674,140.78970574541623,1.8531719371144995,1.1587668390299373,0.7798335541007956,0.31584913308689655,0.3603526712952026,0.6297024745664053,1.195625976243932,0.44981932876413533,6.599639944893615,184.3172352104595,38.508780785096235,0.5928892966960794,0.0,16.46875,20.012874418013837,0.02903185615853044,1.45
AF187.jpg,1.0398331333877613,1.2938029718837842,0.8900537671870619,9.745132422376825,0.4183457283388101,1.3116230387501577,0.7720086436741095,144.32254410743323,1.6664844694264354,1.1127494337787405,0.775643481811417,0.2959617452524009,0.31808446124605666,0.7138025603291723,1.3135325605207937,0.5179628634756497,3.6061816205843273,225.15924511624183,53.39192350300502,0.3861410485826354,0.4586330935251799,15.028195488721806,18.577659019251016,0.017724527830497043,3.116667
AF1873.jpg,0.8571962175427735,1.2467990455483609,0.8708275182562514,6.508063235681824,0.32948535995525985,1.293000805162615,0.8343295425820582,143.45910693451304,2.056359659312207,1.2122223901146505,0.7582817417722801,0.313015293030001,0.36296864787733973,0.6324216317905801,1.2016436805676112,0.4883202807553639,6.95764745210564,192.4289575670681,40.00469230708316,0.4957139407870471,2.95687134502924,16.369306494269765,6.2910537410578655,0.013605328304107656,1.633333
AF1875.jpg,0.9190088173878342,1.275670343723412,0.9225204309104105,7.261637596973023,0.3411065422986045,1.2231907624413039,0.7961378448190143,147.10617832187756,1.9714281009671155,1.199584722750909,0.7625057654005906,0.32458159251118684,0.29270189331573065,0.6007340772941453,1.1339094560976912,0.5325475209365433,5.50542458237644,203.78320126014785,40.52791212051457,0.4678381793585911,2.3654916512059367,13.862916298261126,19.139032151326887,0.020477580971151776,2.233333
AF188.jpg,1.139898031753732,1.3135645704744008,0.8566852972484156,4.752383702498287,0.36826481706136305,1.3149314215025127,0.938324044252358,142.93436786105985,1.9840886798815982,1.1281243290143939,0.770698512520231,0.30444856561889433,0.33113598735026983,0.6742820521574221,1.1813570916264153,0.4866625128379276,4.063851058502471,175.14091712464415,36.86187520847648,0.49581736335719745,0.0,7.561877334993773,15.590465356819095,0.05016828526448498,2.883333
AF1880.jpg,0.9569963389327706,1.2615041306572121,0.9317753557707652,7.020419830134403,0.33202422562427936,1.5049844066366096,0.8052413008970647,144.70820296430327,2.0856514749793194,1.0106145853919803,0.7655904303803821,0.28521290703530827,0.3678996404944986,0.6999186951418346,1.0625626916989326,0.49841270911618374,3.088479446069684,205.630447263107,67.6005071433465,0.4676174139473404,3.079710144927536,9.201979585524281,19.71920918701737,0.040432117834807754,2.466667
AF1885.jpg,0.9354689814926619,1.2367300661257326,0.922991508986439,7.4842508000726,0.3821033681305412,1.301592454801058,0.7138392093535603,147.2324115146378,1.7823014586806887,1.1317622956577462,0.7744562294975076,0.31252284976226463,0.2942728695540341,0.7157507750067403,1.2296033267446422,0.5247868274287488,4.546438029965239,177.99209407068918,54.512994392232585,0.45694584662867826,0.0,9.365178571428572,11.329546601824859,0.04879762628520691,2.716667
AF1886.jpg,1.0964769159586656,1.3176569097594206,0.8491761741995025,5.713106579118776,0.32855543101462004,1.3958453401744324,0.8957194623278584,143.7714545090579,2.3432194520392677,1.1361511307036165,0.7864031904452022,0.29803384405830924,0.28768734780484634,0.6810685497056399,1.218016318154848,0.5038747670797286,3.1561740866547057,186.39296500005383,47.60725071433956,0.4866882308509217,0.6538461538461539,12.585786258330689,10.769352177551724,0.027181667725709503,2.8
AF1897.jpg,1.4790326069249629,1.3907113725485618,0.8146276366133922,12.727801995332229,0.46202294839755176,1.2625605817992227,0.8312882285515422,146.3201417154315,1.650859517632661,0.9855705461592311,0.7867651367441032,0.29299963462186124,0.3862025579450438,0.5487893754380587,1.130043372186438,0.3617434185472159,4.1749938138222955,170.62126293906218,33.216220922255474,0.8003752652223669,0.0,15.003552870090635,19.426713511321438,0.1572156079483652,3.95
AF190.jpg,0.9909462638066682,1.2668327595910078,0.8212990772559426,7.027747373773414,0.34058399262934275,1.2819604727940364,0.8976023712221182,142.4815434939312,2.1295125563324135,1.1315613084712501,0.7756283651098187,0.30610537362246354,0.2952502072899444,0.5435824095546777,1.1717477133171983,0.5374617547466447,6.622915200266929,218.01030941617984,41.48868425235284,0.4649986189763102,0.0,12.287598764871493,7.920457597028786,0.061184079339692256,2.05
AF1906.jpg,0.9289818275781448,1.2894052856061493,0.854459333975172,8.407452162510449,0.42685848571050816,1.407052258637116,0.816373343374585,144.86195039185503,1.6895048356501272,1.0778104599222127,0.7833613885043729,0.292067972396014,0.29340317146330364,0.5331228804572902,1.2835022882884288,0.5422985874537111,4.63801061064306,201.95825773587964,58.716766649980144,0.4125022473370719,1.2911392405063291,10.737820567801698,9.164207546637144,0.049326734455809144,3.133333
AF1907.jpg,1.4210279497415024,1.3436745820152796,0.8633560935429893,10.198753716235698,0.4313135740534442,1.3304676362794652,0.7745679822103924,145.76199460041425,1.6428684341240958,1.0524608731476346,0.7865165004326163,0.3056760353705782,0.3715377071920338,0.5193524500895556,1.1107027613389266,0.32192666658632885,10.197159569296009,139.58625052192065,26.974043949150698,0.9952552018468721,0.0,10.667597765363128,10.172748774687122,0.03801560727972071,2.966667
AF1910.jpg,0.9919911608963017,1.291405323838713,0.8343378189086362,7.382898263580918,0.36595855728010085,1.3611767051829557,0.8223396436251124,143.47476373144787,1.929213071969433,1.0826356012705851,0.7780799751053672,0.29866945255880395,0.4535227346096427,0.7196530173247088,1.174298357401482,0.47790662082832214,8.71785113629934,177.44485219399408,43.65041633618884,0.3634839061014954,0.8443708609271523,13.358047016274863,10.455465333972938,0.06308284957434943,3.65
AF1916.jpg,1.0815166781069492,1.3283265774462263,0.8927841083372107,7.693448708223178,0.3900490578346759,1.2921068355472372,0.8015179772958003,145.02572358865652,1.8181302664309573,1.1154594343759847,0.7861729061521179,0.3078577911230203,0.3662671950937982,0.6287261983427462,1.170173637157043,0.4704279631806019,2.4753626064346133,204.99278218520112,34.32508671195009,0.4892069993989772,1.298811544991511,10.572479452455468,11.34401703136858,0.03863821593935701,3.166667
AF1917.jpg,1.0461992572797623,1.310889523291166,0.8041679809249302,5.218670602891752,0.46284852315576963,1.3202283899604292,0.9424149427781622,138.76982279906252,1.6668106158664933,1.1386247125303128,0.7638813076690059,0.31693932263431657,0.3135896531261601,0.6544852329048193,1.1861138668304931,0.4612680034865396,8.018424749001957,164.3905944430382,45.75233874432661,0.6394925634581882,5.683847725704581,55.59259089239809,18.135222697321396,0.031944516106373666,2.933333
AF192.jpg,0.7942685117936378,1.2472945671447908,0.9430447309455163,5.407861746497472,0.3590613560394855,1.3892716352717602,0.8198294542324766,142.9049569722527,1.9458126628755619,1.082902200889979,0.7258684845042089,0.2980111415861243,0.4282333206639129,0.6304066269730165,1.091667934940904,0.4634931914773403,5.600025920129024,200.3078684959774,39.95796789955594,0.5514656668878674,3.277587933518395,6.66588072730463,10.456649525929706,0.04539992992736193,2.166667
AF1924.jpg,0.9499342991968314,1.3315283141229834,0.8308228139810236,5.788621902040392,0.3630287260927391,1.358521817616876,0.8474512306126436,144.02444884614607,2.049690434825751,1.0587804438327197,0.760527430238685,0.2970645665915787,0.3495061246923723,0.6461382754781175,1.1406269860629177,0.5333914677638886,8.633357829473766,168.39892663752266,59.27657957135537,0.4271449762493745,4.197649640999394,21.96273162861194,34.89468337785365,0.01376581670873615,2.3
AF1925.jpg,1.1617539766382308,1.3384256896654145,0.86482180484079,7.1948037202741615,0.421059815805522,1.2775680097138957,0.6972614291442274,149.95633824950426,1.6948933370634593,1.084561763852087,0.8097563769956722,0.31238214869917047,0.3463161294735909,0.6264669663839584,1.1057165003679643,0.4607674773292136,4.229802301633786,207.4563007556049,45.803732779774094,0.5852566267739453,0.0,13.308210230127626,0.9767375872162773,0.016545220779542145,3.35
AF1932.jpg,1.1041364580090252,1.3034146161148217,0.8719402736950004,8.848123192540942,0.3781481598972346,1.3125659999751071,0.7880735216047124,143.8551066589498,1.8212025293361767,1.0951910384612098,0.7890919887000907,0.30574922308948127,0.23535570357458177,0.4943949050587787,1.2194881932981794,0.5274892178802307,4.20194617065377,219.6574318138081,36.70940313997298,0.49988829681863023,0.0,13.320461006267767,4.425856067289843,0.027866490909167152,2.783333
AF1934.jpg,0.9143667178598278,1.2759907325349436,0.8460181119060664,5.702623952414632,0.34926055851002974,1.3034350496629998,0.8497772494687184,144.098878066696,1.956501451942849,1.1499670379199194,0.7628310941099092,0.30876955350867336,0.31196714888539445,0.7841857570615447,1.2153619775866686,0.5572014041069061,5.202891883671165,210.86185195850723,46.37411544834606,0.3652227218406148,0.2842809364548495,11.26419124531835,14.580466408172882,0.03369550286569445,2.45
AF1946.jpg,1.0645105093735214,1.3022770517457578,0.838548934211478,9.678842098558988,0.3800372307047317,1.3409163965595117,0.7644791165349376,142.18837099652555,1.7567039556787614,1.056936783353523,0.7881882753917867,0.2937972559476799,0.3047548462217271,0.5181706846021826,1.1833811326681007,0.4794574701218679,7.165502745017346,162.91901473363902,51.62254775975269,0.5634958952891285,1.2648809523809523,4.616473149492018,28.621415254286845,0.07936309408156521,1.7
AF1948.jpg,0.9511704997192416,1.2985583242214653,0.8718512482112711,6.194493688892488,0.3616942952059216,1.417249289206811,0.892924135384786,143.48809578245687,1.986611879227537,1.0657603220818062,0.7414661470776538,0.295669758963731,0.37858052709417883,0.7257741144974915,1.1462720547993694,0.48924894622670806,3.191393138020909,190.01379358060808,49.65409489887551,0.49435112448489715,2.381685787441117,8.601958700273308,6.203475969709885,0.058616228951675495,2.766667
AF1949.jpg,1.0739245454858037,1.3077678629321043,0.8632232099063101,8.199545392383891,0.42101250709986493,1.3297067301397307,0.7567939667581458,146.19915374354784,1.668197515454398,1.0814791641682004,0.7746901783924018,0.29764964299828395,0.3742611244516386,0.6057027384235881,1.179009268904336,0.44410934713682015,6.029989323772557,178.2013039179335,74.66873686812508,0.5689347153107913,0.0,25.17261904761905,21.31046333822337,0.03526629994028048,4.016667
AF1951.jpg,1.161497129782206,1.3302737986702364,0.8428135585146789,8.787137722396935,0.3791989691695067,1.2406070407186722,0.8854109351239415,141.93683245318522,1.8409293447150177,1.0597079520321815,0.7702562860740663,0.30312441352953956,0.3912522034709505,0.6330142096766636,1.2051995239501407,0.46837811511375027,7.372076180856315,184.99573455366482,66.06532858846184,0.43904901898462684,1.3709973045822101,11.397727272727273,23.961583217878513,0.023953642727573304,2.9
AF1956.jpg,0.967883077278115,1.2548067061558217,0.8179744826887152,9.90462860643664,0.37381225453025346,1.3602006963683375,0.8026640159775773,144.18273130307142,1.8795663373682905,1.1067424116555178,0.7764009093909063,0.3007704808783901,0.3347851281456385,0.5169542554934123,1.2337451209818922,0.5107501361060452,2.978742454396407,206.6346501944192,33.334085222667795,0.46847194086600924,0.0,24.67445054945055,9.788274168400932,0.14027046697925222,3.516667
AF1968.jpg,0.998686574105038,1.282716125069925,0.8479207908331288,2.9462260082408593,0.2877608518996796,1.1713455577488658,0.7948377594107587,145.79015820404072,2.479816499669185,1.2271283167178784,0.7778272757916652,0.3373663529921055,0.353242083509948,0.8481683430804536,1.1056546079460239,0.4904572992917816,5.4890245081711715,191.86816929310595,79.72217243282337,0.5320229320275254,0.1408839779005525,13.163373860182372,16.379441332327474,0.028010341915027437,1.816667
AF1971.jpg,0.9120789985319006,1.263504375964769,0.8424455861029342,6.9786655242975355,0.3586311998775368,1.302616651599263,0.8376843348499559,145.86868367629677,2.1126332918344226,1.1519030947294668,0.7822881968691413,0.3106471388464191,0.3593974546117531,0.6207721641994642,1.1652412085457715,0.552774946011894,3.1503775826293765,188.35401937217193,64.65739015868878,0.36410197285241147,0.6873315363881402,5.744797925494909,18.042509071808183,0.0432189770039849,1.933333
AF1984.jpg,0.9454761108470283,1.2681790794058663,0.8746144624557808,6.1654546601332845,0.39482728952060997,1.4167505997419203,0.8425984672163378,142.16813904885294,1.7728210335972903,1.05606832150525,0.7514087700374389,0.29380528845644965,0.32350421214683867,0.7306704446230304,1.2129989178103204,0.5349167984010588,4.342889591337142,190.2585280392065,49.19833240339011,0.38571925314528216,0.0,6.776842948717949,13.651537408093546,0.022703156605420726,2.333333
AF1985.jpg,1.172908087148091,1.3339513061025645,0.846904606332499,9.06307106500898,0.4061755285136035,1.2973813181976455,0.7069162259712358,145.77426349505075,1.676032158618504,1.1138175254182556,0.8053251911427532,0.30443374853613814,0.31944985528980957,0.7081343587852861,1.256141382957624,0.5089733012243896,7.319414060014683,215.06535962654473,76.65207549370342,0.35743758495798544,0.6291118421052632,21.462316418134698,24.942918666853885,0.02969014438117139,4.183333
AF1988.jpg,0.979124532507646,1.2570507674283333,0.8932841627206444,5.350273089956893,0.3198416549575084,1.4417388489066523,0.7982409494217929,144.94709295244542,2.1235406474904694,1.080422628400199,0.7505027438481375,0.29453810660557417,0.3887739474741063,0.7253040703375215,1.099164996346364,0.47915187798239905,4.033691367369324,177.86451698583824,54.97306202048027,0.4673832754019127,3.9458413926499034,21.882494004796165,19.600960204319122,0.03624959238376492,1.966667
AF199.jpg,1.0064761495065868,1.2813099009125142,0.8573580018955836,5.784473743723206,0.39755206070758536,1.363302491838418,0.8673175648711741,147.48756427331153,1.9763387899717932,1.1396740782917332,0.7772229239287531,0.3023500585598274,0.3166774520524479,0.7038016279791913,1.2526752598977637,0.5178876808414901,7.697650806578084,217.22565338502255,54.915211240149546,0.4380740358611327,0.3622159090909091,14.77486761162228,19.643141931367524,0.042247256623771025,2.683333
AF1991.jpg,1.165457855491318,1.325725603748313,0.8040672603777383,4.503117870160105,0.3084738957237678,1.3764747464009217,1.0275675423146173,139.86253321436942,2.5111970400937347,1.1215398676753512,0.7775279836327248,0.30374464215218816,0.3517088504959266,0.6976320865847563,1.1449861155884764,0.4647419281581687,3.8083766358634694,176.3650394416541,49.969351795966446,0.534089713081109,1.210826210826211,8.384794030305338,11.564807862706715,0.03919903276592708,2.016667
AF1996.jpg,1.098954207151541,1.3135518082084194,0.7855855800399836,10.14630139745502,0.317329981895563,1.5702721259003827,0.8117698390721859,142.66100902531923,2.253974307637483,0.9961640023634879,0.7797286729987238,0.2775609803353557,0.40887911862283705,0.5588754776507501,1.0972722729350675,0.4159294111368139,5.938146805570481,183.05389418178683,57.98116690905957,0.642255472517735,0.9078187751004017,13.24153743839317,23.697793131670508,0.12521751030549705,1.6
AF200.jpg,0.9299480964279293,1.317243815400596,0.9179547965560945,8.287999639700109,0.3553628418588347,1.2606106696080432,0.7717048412216978,145.96465268888636,1.9220503411180727,1.1278896416265618,0.7660195177378775,0.31568649595352255,0.3379209585215895,0.7559667228101936,1.1478276949300257,0.49698485862454356,3.372506295089673,193.00731684802673,48.981091078357395,0.5038178345716585,1.0456446860380482,14.166666666666668,22.306736433439312,0.02647719061175303,2.333333
AF204.jpg,1.0336698236171185,1.3090323881818027,0.8532977306946913,7.630330051293818,0.35871760708005246,1.3796873832197474,0.7977706607593524,142.84543426743502,1.8897361000162818,1.0847028966548542,0.7842502576152885,0.29547370525288086,0.29886553044144953,0.5426316694444568,1.087183359911269,0.5020518533147634,5.239960362541294,229.734606085966,42.90127275263268,0.5252435338567742,0.0,6.419090861094979,12.938018952169585,0.025767226923173063,2.666667
AF21.jpg,0.9638954077881138,1.2930761116954301,0.8972363696391373,6.889847820200541,0.33352011359304246,1.2467048057167003,0.8462425042238618,144.09780717512862,2.057886304991532,1.167584709815943,0.7725701235111723,0.31026029134147165,0.3104897466186093,0.7922583500274051,1.3295708844574035,0.5142194360130027,6.098711002844636,187.83886918172277,38.20729023435436,0.40757683318310517,0.5032894736842105,15.035036166365279,11.408156361269405,0.024956796314255153,2.516667
AF212.jpg,1.0155119687625644,1.2960281172155537,0.8013515952879879,6.41161451351156,0.34109046914190255,1.3613321063972454,1.005144714702915,136.79574530754238,2.1784560621126814,1.1594270782461815,0.7614167776093065,0.29498729028741283,0.23950605016157686,0.6578660576510719,1.2151286558493597,0.5541241241170496,7.013478998301179,112.19405751410173,32.42762677598242,0.4577211371746051,0.0,4.722222222222222,14.387390550639914,0.045752284224628674,2.8
AF215.jpg,0.9365164226529852,1.2718115537013877,0.9053418821717129,8.381810263169557,0.360682599487242,1.4343979732678063,0.7710227509764541,148.59359788960177,1.9499419732724814,1.0837957568107335,0.788950299597816,0.2981210199425012,0.38369520078661,0.7304864556971604,1.099600517124216,0.5021641753915382,2.478143537716961,203.9903651987404,56.69166390003909,0.42341253638279325,0.0,9.564204089815558,10.971122135193525,0.057635831635996435,2.533333
AF217.jpg,0.9946854379473382,1.283381816902805,0.8774993085740669,5.159610036909051,0.334864162463687,1.3675725118769544,0.9405025461061002,138.82046216069062,2.152248354772791,1.0860262606354147,0.7447791927938844,0.30049009635368623,0.33735786391919775,0.7723445476947599,1.1078240335680525,0.5274439432085888,3.18125310637865,205.27091693418942,61.05366802589248,0.40104138724593075,0.0,12.576891354613128,20.589641826697985,0.03211800139907753,2.283333
AF221.jpg,1.1308432881865296,1.2895534112276992,0.8923217322619011,8.375829422800626,0.4173920831477308,1.3403885315867279,0.786452773979561,145.8096189712192,1.7084727929792576,1.0427778781927095,0.7963454505069308,0.2969677246426765,0.31250546313511274,0.5730452479771342,1.1417812448161346,0.49331516100686534,6.153036206577966,192.92807473556888,44.03482512803356,0.5158087902011617,0.0,11.749295526593873,7.7041540921789675,0.04775596844372866,2.433333
AF223.jpg,0.9025640539811087,1.2587739060452563,0.8421705599931769,4.425222080697324,0.36870577645934927,1.2733738468720757,0.8210426388248174,142.3026002472323,1.8521684448803162,1.1523133306263764,0.7536031528519671,0.3096862382286357,0.4085099739840874,0.8244448170026197,1.2088345939107177,0.48161641633062924,2.918634613964355,193.48108421344446,38.3564157784312,0.44923531225184754,0.0,20.959164646652994,14.4662845911094,0.007598122923426036,2.35
AF224.jpg,0.9531529378768869,1.251519660598225,0.881897077318639,6.7692647150364404,0.3437125593807495,1.280226371708052,0.8264607783762824,145.59325217859237,2.0628669993207716,1.1695090886405606,0.760746978486689,0.31320994244735534,0.2953733252186754,0.6428433571885492,1.2196870442445826,0.5315008835330329,3.5310673402759245,198.69815881832932,53.31344031966981,0.4478712382469726,0.0,37.89469138645786,12.395740391086207,0.03258301189514106,2.683333
AF228.jpg,1.0544425282265089,1.3633174260955296,0.8536843144522875,7.9328413901499,0.3738257745580209,1.330307229038488,0.8167317752354453,146.55345529990734,2.0584572156544487,1.1816911266597256,0.7897414997057576,0.31052651375646906,0.33464088613118087,0.7257268309192032,1.208801970559176,0.47566318180536943,3.973148396676484,216.61985663703513,61.24781141606903,0.5242288118817598,13.422011792031444,9.72817047817048,11.210421317729597,0.025023260843080753,2.433333
AF234.jpg,0.9382139679634429,1.3009381438744354,0.854681212319155,4.1904770851410795,0.31297495353933935,1.3028348890590844,0.8345182334658537,142.52067992197235,2.1924241086187393,1.1552049080412339,0.758660160388004,0.30712601543563156,0.29329846201187953,0.6222033731180215,1.1296520728887531,0.5545453392312419,4.193700192716778,180.50059598457244,50.33005334891351,0.4225300887955529,0.6219512195121951,13.46665608129565,21.543586803781466,0.06641620607390811,2.3
AF24.jpg,0.9295245666516098,1.2730295048686013,0.8827141380863439,7.508789572722897,0.33758983095505357,1.392125460310701,0.7279153484867824,147.4415300016718,2.0222730221843253,1.1065201441986432,0.7871207506302951,0.2983281412989807,0.4210594958610261,0.6974540852524549,1.2481520424796668,0.4445244245744813,5.778526033780013,182.04894434091935,45.52572452667786,0.47055310125273764,3.948692079260114,1.8585166267069737,10.675328289459245,0.05038507422949743,2.433333
AF242.jpg,0.9359382527422558,1.2778328725491555,0.9081291122570228,8.981114372006527,0.3257649069467511,1.3159270340013334,0.7684159432848078,146.898870131004,2.0709453329108607,1.113591103319369,0.7873924201697503,0.2937852631474877,0.32652539103659567,0.7196632634590066,1.191959307453073,0.5403371761674743,3.826996452981856,205.0005311207271,39.159917189204066,0.37939423771444847,0.0,9.293504209071491,3.218859569274514,0.08198081621550794,2.766667
AF243.jpg,0.9242434536835861,1.2841463290481736,0.8661740333469596,5.174475500499407,0.3532168801145411,1.3179805473872594,0.7930345040382589,144.45071517630726,1.982931559360474,1.1076855801598344,0.7647403391379898,0.30059463050432583,0.3444439736659404,0.6548096246487127,1.1752622815222942,0.5344683065667182,4.613690556124773,198.7616769778615,49.324467675535914,0.4071192422368176,0.0,20.041341968281024,18.427994515588367,0.016417063346292362,2.483333
AF246.jpg,1.0054731606471308,1.3109351872721131,0.8566988242008726,6.032753545066262,0.33526806498504513,1.387558544908525,0.9303487518648008,141.50144081712443,2.1998133930647654,1.089793815596194,0.7669645327560977,0.29898511564781133,0.351288770880788,0.7613020199979948,1.1974183402712142,0.49473802587419374,3.370612213910663,221.3343685778,43.658746687252744,0.4521187261889382,0.8018867924528302,12.099937733499377,12.232084379333799,0.045006555025080115,3.2
AF247.jpg,1.0444964120146578,1.299040305283563,0.8161975502455744,8.335739419258232,0.2948252953718027,1.4880073170013493,0.8498305684092913,142.73740827741472,2.403015755500456,1.0582922163462822,0.7836720865751188,0.28241168355830276,0.23451857858825245,0.5533060383735705,1.2382543031328526,0.5677789335113009,4.434309375360184,168.6206049304216,58.61821544416115,0.4019235180270975,0.0,18.480535117056856,22.747837437686428,0.009690457046253584,2.866667
AF248.jpg,0.8759561220803103,1.2253070039743434,0.8285596522571306,8.518842585446434,0.3289095302319619,1.388716433888857,0.7548732499863491,142.62709154885283,2.0288176254701282,1.1130826618164675,0.7853711871923467,0.28792463979557326,0.3616680181010988,0.8069223753085054,1.2367889301470125,0.5116364440987102,6.775020288424406,207.74690512500334,50.675983139187736,0.41495305125644355,1.4883268482490273,6.887555741975364,8.36075985859199,0.008453967611724917,1.833333
AF252.jpg,1.0330105982066775,1.3434061366821208,0.844153600964609,8.207757286492765,0.3560428029680673,1.3857301568560518,0.8897033433876049,143.77505176332056,2.0619707298045755,1.0613449261570023,0.7722806036236081,0.2925162712420942,0.3613268833479677,0.5894612711464526,1.1650586355454062,0.5107999343726348,5.169861045080776,187.53973347184754,39.245179016402005,0.42425439181939884,0.7276846960711237,17.750857632933105,14.391434362299734,0.05200883144672339,2.783333
AF26.jpg,0.8337918328325782,1.269558999391253,0.8669764726316236,6.836646897723112,0.3788155083042881,1.4832693657905485,0.7900914656129042,144.29442215145215,1.7789585408458768,1.0794384957520942,0.7525890946083392,0.2855758119407786,0.38189060899352073,0.7767616028137834,1.2437515608562415,0.46092532855571505,3.8579373987266434,224.30258834144706,61.21339710939867,0.5325956121288941,0.0,20.314367224997554,6.015906821815079,0.025008087729717604,2.25
AF260.jpg,1.0251932215696586,1.2792555022235972,0.9452888062291049,8.447391684717427,0.3944385258206796,1.4063305723867163,0.6985888718384314,147.97865905477744,1.6819311667909305,1.0433965404812162,0.7819750218475372,0.2947396171075003,0.35523894720196386,0.7646850903837029,1.1815116816812494,0.4953869584215445,4.714868150749255,196.6264305987146,58.173621609950544,0.4087754295659263,1.8380956491712708,14.722576438197365,14.433420027279155,0.03589404147792764,2.266667
AF261.jpg,0.9554936455149121,1.2820785968529065,0.88948387806577,8.498676149515104,0.3495393450137564,1.370542341526786,0.8353637440903325,141.6398964156895,1.9334772954161303,1.0839800119996323,0.7516687189498322,0.29530600716107275,0.41065910574772857,0.7451354725446563,1.2538263486405143,0.45776669854543917,4.737057441547087,213.73757666828942,58.15540612565377,0.4288129559436293,1.742289805861076,12.122100122100122,11.238265364084583,0.07214942603814038,2.133333
AF262.jpg,1.0095687091512167,1.276431336809671,0.8738642601174312,8.08131801656511,0.3673218270800601,1.2340691793418421,0.891906122519696,144.92574010249632,1.9404166202890432,1.2040757125330546,0.776975418807896,0.32616012464072947,0.3709933407491865,0.5867091582889533,1.2398942283805388,0.4549367969149259,5.999952965698215,208.15801872355854,39.95127131871425,0.5293318531245157,0.0,13.444670832201396,10.778722348292007,0.022362806334114697,2.4
AF275.jpg,0.8888249060545726,1.2768444070191776,0.8759227529970002,6.597239599651337,0.3967838199986155,1.172877016208292,0.8274443785148415,144.23032375823226,1.7273998430185185,1.2212009394364043,0.7662116417759108,0.3229163129623191,0.37716879271082115,0.7296477699774744,1.2849848004636881,0.4876482710498227,2.942138953868117,208.5454405055272,40.25835499069299,0.4386778057365513,1.5880782918149465,10.587901047499836,13.239822079219152,0.04607243052969097,2.6
AF278.jpg,0.9925036266663355,1.2924364549060956,0.8568863778827962,7.523970778662695,0.34692557825476245,1.3345684122252843,0.9222229306213416,142.33856090072527,2.0967455456981763,1.1150146671500882,0.7799651442597982,0.3018272446730031,0.39509339581374403,0.6223304776452635,1.0723427110436983,0.5257784805646212,5.4940484352187005,229.90477946143108,66.26690963894586,0.37359008275675815,7.48791550367927,12.210679177837354,5.753695280889858,0.013367307117850991,2.866667
AF280.jpg,0.9272834088691913,1.2766713124569573,0.9005905939783467,6.702605297074941,0.3669925200972111,1.3551685054677955,0.8036808510719343,142.0754740715529,1.8529583755250598,1.066330714302774,0.7348986101697987,0.2958699859418123,0.327321804694673,0.7708009032523713,1.231135934541182,0.4964813549778633,5.227435928358563,216.08412120071836,65.53321729967172,0.4943757324270954,3.488924050632911,4.485376827896513,25.20935777136991,0.02802892521786171,2.583333
AF282.jpg,0.9104616128575366,1.2945293979964807,0.8596885423308186,8.315484150792635,0.3701018605613525,1.3137492264586055,0.7615931629117363,144.4404593487999,1.840813407847358,1.0936597934713084,0.7542536480054722,0.30318577165043076,0.39292577624027736,0.7176389231622368,1.0870025357392041,0.4994669342454664,3.6254527551481264,217.46284405640677,47.78411102473254,0.4735323343206266,1.5664469078517251,9.853173691834787,11.556623568310954,0.07836342208222322,2.583333
AF286.jpg,1.0574429482873688,1.270102769788426,0.8573739425962971,8.179657692135649,0.3418137484318674,1.463513960198205,0.7334929144536891,144.01656340964178,1.9933310543128346,1.0503750859572454,0.7748122207717945,0.2847592231228698,0.3107011367357667,0.6141355822752042,1.2086854162326286,0.5026685367783577,3.866863601918274,183.29164895720555,41.33028327885873,0.4481219137536189,2.9789719626168223,22.46762728454293,17.544169123124775,0.09855463666246042,2.816667
AF287.jpg,1.0753354238594501,1.313122905644688,0.8468707435300002,6.238891994482835,0.36644270524282324,1.2597930459931377,0.8804033749965506,141.62164498283371,1.9379000137071336,1.0825018288297203,0.7586523291204312,0.3113589340647059,0.3795800420756518,0.5365748691595803,1.1720410658506435,0.4521111920614227,6.311127962715653,158.38739413707748,39.51906367236147,0.5907139018837851,4.1683573576982,11.931309109009458,22.3927348905206,0.01402767215490156,1.7
AF289.jpg,1.0557338891425705,1.2768465728357314,0.8715615523222592,8.659612542744114,0.3712433354125334,1.2868223871143067,0.8865480227056451,144.61243593164124,1.8966644883510686,1.166798447019491,0.7790413429453222,0.3122358897567145,0.3730247090929625,0.5762879848907381,1.2286431228518704,0.44814080643525006,5.719341176147344,208.27109798034235,40.74372045872852,0.5375829255207543,0.0,16.874600393094795,12.11851040150664,0.013482660185047974,2.266667
AF291.jpg,0.8905178768453212,1.243103819250927,0.8678342631404842,5.687713714267721,0.3371489959453125,1.3521738902969462,0.8203819195805659,145.2894279261364,2.035089083661305,1.174594810647566,0.7514030529596112,0.30918487821282,0.4096965825896262,0.7020630260274416,1.2140278260782538,0.4823943086467302,9.677697792338034,207.16802735695543,38.96026479987782,0.40286659913959855,2.7353763691447215,26.073156048971367,7.4019684759874025,0.04319532525689918,2.266667
AF298.jpg,1.1308197805695233,1.3396718675111092,0.8109572525623151,7.640586711060076,0.37574168223352206,1.3311270409609361,0.9677944224625036,139.2782871665358,1.9984470880475949,1.0894422258065999,0.785931842633746,0.3015999067597228,0.420659502863792,0.5208113732633279,1.2225677085484057,0.40514519680689703,5.677819051389299,162.5530402729964,44.43273375958644,0.6134988244578794,2.1576923076923076,14.654248541345316,9.895647888890451,0.03147511998402151,2.383333
AF302.jpg,0.9217779530958187,1.2767348682963566,0.8456775047449114,4.549366184405128,0.399105040463717,1.337907697764089,0.7783185741586848,142.05566720405784,1.725489428520183,1.1244897766328812,0.7395934875819508,0.3064323361003628,0.39529261509612224,0.8066869103364062,1.134953647180154,0.49164042067351427,5.267063101617144,123.59830878569693,60.193908178716654,0.4528761052174508,0.0,9.280301910225324,23.614806320383316,0.058134406219667575,2.8
AF305.jpg,1.0206493470867968,1.3172043166577336,0.8429140333387446,6.924964111611041,0.33940725457185966,1.3776258079231054,0.822599893290109,142.7680198718488,2.0432278844100655,1.046591622402777,0.7630111846420266,0.29217875264121745,0.3657229484170566,0.6120890950460453,1.268537306486179,0.44434512350668753,5.529083359485416,188.29071605877226,57.656787487343706,0.5545138750502369,0.31835205992509363,11.912984178941626,27.28122828560744,0.0177080393326466,1.833333
AF308.jpg,1.2002127184313216,1.2930410398081214,0.8435472434784508,6.669649447542495,0.3271621360404463,1.3677392715195327,1.0654615022943248,139.72595190394776,2.405172569182137,1.1404748361783403,0.7669792949265201,0.308995805899649,0.25881382903702504,0.5149540932499739,1.248990262695264,0.4785714781544105,5.528859376685573,153.54087434253955,32.69601618651119,0.5578299127231556,0.0,8.589060837724833,13.65551358980077,0.04124276110868787,2.483333
AF309.jpg,0.973668358066601,1.2665564965195535,0.8307629688332175,6.687526934592176,0.32487633823296785,1.4252886156988809,0.8660206161393453,140.64503294441528,2.040874604206676,1.0272350695382495,0.7506378162200287,0.28263585010986286,0.302455659629914,0.5997519659037177,1.1427962752359533,0.5403850400408711,5.166508046216463,226.68798489586797,60.323387802076695,0.43577408320936517,0.0,23.36398524720893,8.855646249674365,0.05120024903311042,3.183333
AF313.jpg,1.0161962077317708,1.2375442498584897,0.8576956481194269,9.989741201530853,0.3969934100971193,1.3345368396604305,0.8048418450567719,143.5889046609876,1.7681911176015443,1.1408517192022292,0.7901189896272776,0.2995336072182371,0.31752442837579237,0.627702221521981,1.3266086959257364,0.5237061800227607,5.504776435373467,169.21789795987252,46.0870280599495,0.37586791893062516,0.0,16.63523693249172,9.506536313331665,0.0328795651473545,2.6
AF316.jpg,1.0280397279741647,1.345715901871332,0.8526631454329755,8.043616720735017,0.36629054173009573,1.4691754739277598,0.8176991372493477,141.94294297361242,1.9343609365677747,1.048400962961604,0.7878683007159974,0.28285724626299313,0.33576876814743223,0.5509534237300462,1.2106150363862427,0.48973558027409275,5.95589448353218,205.89572306158706,83.8967180864627,0.47249172767241326,1.1465827338129497,18.562433011789924,15.899704374492828,0.08784210756612192,2.433333
AF318.jpg,0.8742883824039686,1.2905289758860738,0.8364513902711289,5.321104498182857,0.3171836833657717,1.3927016614891066,0.7842664480948718,145.80511198785115,2.1799702318002505,1.1867900631691344,0.7790811560989942,0.3012407225736098,0.3695952671708523,0.7766473781401767,1.2014129743331916,0.4842825786383335,2.7959248375313708,126.65011351094795,44.53975786241239,0.46221569763836634,0.0,12.8217324105482,17.051566105960447,0.014834692547658063,2.016667
AF320.jpg,0.8671754865239489,1.2711995528749394,0.8900907028002658,5.134424346957935,0.26191859672151985,1.515148663530343,0.9595949465980653,141.0198781393762,2.880586969635183,1.0281251787958863,0.7484144322134374,0.2903560226514249,0.33863337772957197,0.7887854479192377,1.2064850216109786,0.5150395632297682,6.201371743146497,206.38394669898605,64.3251771856711,0.45894643347180314,0.9280756846057787,13.596511468070064,15.684848501150938,0.017354923804566776,2.333333
AF321.jpg,0.96942182705611,1.264251751731065,0.8596862508602366,9.4132892871371,0.3560357196424905,1.325608256017891,0.7915646634224313,145.04526255168037,1.9004542919659988,1.2088401592286584,0.7884102306487272,0.3102027633278766,0.27744041578251444,0.74283454495829,1.2778222474264713,0.5392932189079414,4.1719754539780896,201.40753918478924,44.17706155021759,0.3885683463804563,1.3972602739726028,14.95759334886397,16.053127231578813,0.052904114889329654,2.416667
AF33.jpg,0.9847240721783355,1.2758213481296738,0.8832505201716754,8.052847450175761,0.43689116770188874,1.299575437680455,0.7324444642556072,144.11074019948768,1.5017472066966988,1.0935540806791353,0.7590213721416809,0.2972325778676974,0.3197245860706704,0.736442226738657,1.2335660816163663,0.49169656185455635,5.120274213360467,158.85849222637188,56.93349222637188,0.48977974693513054,1.3985374771480805,13.470652173913043,20.327770444748865,0.04837367231541432,2.7
AF333.jpg,0.8518318592059583,1.2608623677102049,0.8726182725847523,6.945104665925632,0.35857146667089557,1.3809810502508244,0.6940648741576468,145.35840374200149,1.7585843182919783,1.0266864324115585,0.7594922577479136,0.28253957309884364,0.38201946225014055,0.7715594227228787,1.1529258388402672,0.5429765347208103,4.810213631826852,214.33135749218678,60.52966077956748,0.348000268081407,0.0,21.770833333333336,24.11230730775867,0.0328567243817926,2.6
AF335.jpg,0.9877869374667421,1.281219779065654,0.8524239556688564,8.39029117693194,0.3853376713234993,1.3060768896838446,0.8356615170996391,143.82879480381433,1.872796362750339,1.1738750912535802,0.7826667203551404,0.3112412460883097,0.31410897380980524,0.6058287989461612,1.316787510340821,0.50896457757158,4.33097595504037,212.6934173092376,44.086787474983424,0.458587686996893,0.24378585086042065,15.544473299788995,15.272518814538373,0.04500121419325288,2.383333
AF338.jpg,0.9747734322919701,1.2916999720314601,0.8475230888019315,9.98374988533121,0.37433870652061174,1.355506972642603,0.8028261578310638,143.67361001133492,1.920771166710623,1.105840102540905,0.7984025695751125,0.29865085079209636,0.37850817120167196,0.6379680132717681,1.1191457429620941,0.4931427133684425,4.689258597480401,181.43579954286133,45.61595056767257,0.47838422615180354,0.0,7.765988800471559,5.097728877142558,0.027140162073811442,3.1
AF34.jpg,0.9646240874551265,1.3192473395674966,0.8240534010756123,1.5875002511349892,0.3069259632297988,1.3064187578671491,1.0910974310941597,137.4168081230845,2.5429820653039386,1.1876107229372501,0.7453998906418823,0.3208636602687191,0.4757983639196998,0.6018530740462288,1.1876933917603076,0.4061844501285015,3.1507102770326725,185.49873643639302,61.22782599967948,0.5897763014315658,0.0,14.469476744186046,11.74225496092042,0.0387000609031893,2.233333
AF343.jpg,1.0432648969048515,1.2584164183753308,0.8488670501337021,8.139282165667435,0.3710965697170786,1.3375588818794033,0.8728277642824099,142.23381534272744,1.897683633126963,1.1014811027333629,0.7661823058973057,0.2980296681961091,0.28056004201620577,0.6076661995617555,1.2378114885063143,0.5213367705357785,6.538180348495564,155.24365703045743,40.130579351008066,0.4595611392316733,0.16954787234042554,21.117702498922878,14.511685879901108,0.014990616272841251,2.9
AF344.jpg,1.0073623143116375,1.2649557937034406,0.8737317673945612,8.646772667368591,0.4129198148551532,1.371712734610471,0.8006513130759406,141.8868199083299,1.7063072303827878,1.0791380851955432,0.7733586157185538,0.29483669522080547,0.3467627769655739,0.6956930362057273,1.064072594748382,0.48821638377419824,3.782127577713376,216.81778761743948,36.883690196236046,0.5540797069049839,1.5682656826568266,4.161397812713602,6.89162019788651,0.07615664217447268,2.533333
AF345.jpg,0.9716514711793172,1.253394243833048,0.8323821098834806,6.800180853066739,0.3572124584017786,1.3602663039886431,0.9087963286627558,141.19393807297155,2.070279223713493,1.144795357456759,0.7732035997085102,0.3038889571288068,0.32160367058005723,0.47548539123792205,1.1517315734656002,0.45525571697458816,7.629939588436869,196.22509984937835,46.04693892983812,0.6739565655425267,1.6749840730516035,9.706759860314396,5.868743573990741,0.01989827075925346,1.5
AF35.jpg,1.0392349297486534,1.294329905869019,0.9480954259306403,9.724988602385597,0.38514621089681866,1.3633169473096898,0.8173470396604707,145.92700932672142,1.8319968417625414,1.0512708489315485,0.7457358450446059,0.292672393876091,0.3562866496802856,0.6053534710100937,1.2362015906419164,0.4552594684785113,3.6031300085962847,206.16195468398132,48.664754236053,0.5110175985483352,0.5019685039370079,25.67621271714192,17.137730820917056,0.029989150776821894,2.766667
AF351.jpg,1.0053993427476404,1.3046783581473318,0.8466221158132347,5.812269905956852,0.37143259471928963,1.3537687754856293,0.7781803669616596,144.22701247848389,1.8266480325616745,1.100538620308288,0.7641136365219542,0.30005226044533667,0.3268746000700207,0.6540099076103535,1.1903667788187131,0.5089871604314928,3.805039814319818,165.4317202606137,57.801673312256895,0.45832499895368006,1.2916063675832126,14.59187969924812,14.33223695040165,0.037218187517721046,2.533333
AF357.jpg,0.9517119311705299,1.2470891977712677,0.8964239688362304,7.164255018767701,0.34380541314624613,1.3567942075544461,0.8145910445928662,144.44434168757948,1.9361169098123152,1.1536864821600776,0.7649332928826919,0.2989070087420749,0.2878386384159006,0.6443642564081647,1.2066298435736424,0.5504063873284406,2.857766243904257,188.62880071416924,54.76396680809822,0.3797869740676703,1.9318181818181819,10.724095768880801,18.81724256140511,0.01885490532147851,2.533333
AF359.jpg,0.9772453183970583,1.271231681155799,0.8751436825346616,5.592014127714681,0.29782800934331455,1.511362936754261,0.8776459053424643,141.9629343829538,2.3506136456288558,1.0233806208088716,0.7576219211354258,0.27954249733649905,0.3461898865491841,0.7659142284640269,1.1201249186747615,0.4940474420849357,4.41757102904624,179.68905310233757,57.07590834360212,0.49431798379715464,0.6423173803526449,13.523276646570356,13.871418010997075,0.015494616881194186,2.083333
AF36.jpg,1.1049052981871652,1.3125498589048428,0.8219546668914469,4.931781538527193,0.33522009146026877,1.3587042229167092,0.9824419752753064,140.4408685114513,2.1408754692257768,1.013360617119096,0.7523315228625899,0.28624277314727453,0.39242015545654063,0.4333404507084689,1.1049852550864498,0.4316261151551531,6.805237893558859,190.26259721172278,35.00470247488067,0.65822357346956,1.5898236174296811,10.877452507007163,9.942262949884338,0.06739839596873243,2.483333
AF363.jpg,0.7887130330204092,1.2285247864469995,0.8451784794419648,3.3767060800942357,0.3458279456215153,1.4285955408814064,0.9317226120504252,141.24823911554847,2.0752234719872247,1.1315650513161484,0.719265464644688,0.2987400416501024,0.4102380958597621,0.7472446749383763,1.1903984840076245,0.4836259743544964,4.21474796723318,209.60757854675808,30.224987453640665,0.48495456843432466,1.6207627118644068,8.040384875999457,2.9099913610321977,0.02239576171900227,2.033333
AF368.jpg,0.9261117263786692,1.263312432014299,0.8391620663988235,7.058343195491037,0.41052591438554703,1.3682167614571337,0.8445324137779764,143.7893060655203,1.749091984412999,1.0883578624069776,0.7482968518726378,0.30091562832124524,0.3672278753518961,0.6215824919416928,1.1681700413829361,0.5045579235032983,4.144680276255821,213.15853966887306,47.18670868295757,0.46826507489897434,0.0,7.6837512489122375,5.339391350222613,0.03029557294693367,2.6
AF37.jpg,0.9119153396175856,1.2728635497299943,0.8501461516094829,9.173367328144147,0.41124423836815527,1.349018538815999,0.8128192939485611,142.06777776623983,1.686659377926754,1.1406273852627882,0.7792860400190117,0.29627176405498085,0.3408246404919484,0.6042766601486889,1.2919696386373294,0.49344151105405076,9.473928349516722,157.49542561871422,47.766013854008335,0.45652130708628674,0.37610619469026546,9.90437348143006,5.290053080097778,0.14395415689594918,2.166667
AF371.jpg,0.925405248239837,1.261233253822354,0.9036506620268678,6.211138621977533,0.3510337823375171,1.39400902042519,0.8528436631885417,143.56307585500676,2.0073516792534707,1.0818740982670394,0.7502326460763915,0.29886909956511254,0.397304770352719,0.6472207229102236,1.2409103529013426,0.4898504071629547,4.085999885322584,212.41682780463412,49.0954933006833,0.39964350654735725,4.0514018691588785,13.957417582417584,10.448753854704265,0.07347561986094511,2.45
AF372.jpg,0.9419772551837186,1.2545255317879207,0.8584327821760218,5.728906564108328,0.33250793258873457,1.348202612571703,0.7625261476296784,146.0506053031578,2.0066743697191955,1.1342949556796464,0.7631836330273387,0.2999473454572912,0.30970828527033445,0.7427765822553104,1.200009970317963,0.5474042209620605,4.455901190638891,164.75306349667372,49.29552450187303,0.38835616290869324,0.0,11.58983121774306,18.219864889659533,0.013705587326427331,2.633333
AF373.jpg,1.063483305660473,1.2464906765385313,0.8303537928947968,8.042733416513004,0.31590622226403153,1.2149418536343009,0.7606782605695814,145.17258238961432,2.203992085678882,1.220572574864952,0.7925794089349895,0.32590656264836,0.3520887052346973,0.7890665472785886,1.2090664703707725,0.5056626036011418,3.9817199430757437,189.01583694623292,52.58950177127895,0.4039476397524043,0.20901639344262296,25.26019752867709,16.79839413716394,0.06335362404043889,2.55
AF374.jpg,0.945873781136789,1.2671942777775806,0.8553794128822984,6.960048364243091,0.34435472373540266,1.4072121273500506,0.8265946742360332,143.11339034402715,2.0938520157688636,1.147453012535887,0.7632671720094535,0.29937195475610456,0.3443956083769544,0.8541657851927212,1.2032432778191278,0.5122734634103037,4.564886001770956,162.8468252495257,62.22146501897815,0.41338685532775205,2.2636173697297473,9.218397291196387,17.57417759776527,0.035249766769208365,2.283333
AF375.jpg,0.939632503058475,1.2440049745704251,0.8985943362386812,7.716382001317311,0.2726192188145631,1.3547170870283263,0.8662441541836703,143.26546080634705,2.520735095881011,1.124995086974323,0.7605990844463699,0.304335960915532,0.3446213706643443,0.656690267588205,1.1575420553409013,0.47985267976752166,3.5316954123550124,171.30597957779486,63.8924379111282,0.5332308682935797,1.5,15.867863830604504,12.019182225026142,0.025285988610569337,2.283333
AF385.jpg,0.997008397433107,1.2647658634181367,0.8708090357538057,8.785731819646326,0.40174341105440126,1.3775395526259613,0.7973559472777552,144.20478947430695,1.7091951565998642,1.0490247994614117,0.7526781805339321,0.29145692703324644,0.3618116350007931,0.6740633751398237,1.2011449034856794,0.4768644207455058,1.8665424326627909,242.0419808789372,38.80890461501261,0.5078458091766473,0.0,15.010525720106388,4.734874852374901,0.03680742358065188,2.483333
AF389.jpg,1.0122754416401276,1.270996830841441,0.8561759120304048,8.482878945984847,0.39199087586116377,1.3231579813061813,0.700099220951463,145.00892098939266,1.6158570971921171,1.068206363212764,0.7846644221385689,0.29397522568179285,0.3076960761406017,0.6110695802609336,1.2170577594420058,0.48463771223919994,3.646008927542664,205.47818575140425,33.44180598210522,0.5368758950681791,0.0,15.073807937565432,10.77981092967471,0.014555824310915146,2.833333
AF39.jpg,0.8047987574812204,1.2301329176258273,0.8957488282862657,3.7913909153217014,0.3606334267732573,1.4146852682761788,0.8434371545814289,142.95355833681543,1.99262140238002,1.082474702065608,0.7363526207091914,0.2947787404225376,0.3530546590020757,0.9596495868202505,1.1228412498462075,0.5328278110853679,5.683010227970556,168.68015876559156,38.6737416532921,0.4417455099548569,0.0,5.643745472108186,4.009359545111266,0.02536927542871099,1.85
AF390.jpg,0.9651674322252738,1.2686922531995501,0.9115566239901775,6.7807989081237725,0.36067271469117274,1.438200503517374,0.8232533723795985,143.45613026774453,2.0056079552773345,1.0632251008785318,0.7597915978315548,0.2927399892105796,0.4113004850752204,0.7209511863305528,1.1770118694720642,0.4637663959723252,4.613042568689562,158.85074051862347,48.902118031654,0.45503258919069955,4.417184265010352,14.676325861126298,8.183805745039407,0.02819407351699495,2.683333
AF391.jpg,0.7980279484872778,1.2259285212390452,0.8509469517042615,0.7337750911752319,0.2748475674709853,1.2797860359970405,0.9806397388235896,141.2712810429768,2.7327636397073407,1.2301746344269795,0.7392943096253026,0.32146406097002556,0.3472336947984845,0.7522017914259305,1.066703969582604,0.5697525079213036,5.117307261671318,226.52345047225305,60.94495753661724,0.3796062338050236,1.0537190082644627,13.66873163606719,17.170604614751284,0.02190234806754448,1.35
AF394.jpg,0.9331302483833769,1.2666464583464376,0.8860416487378246,7.231466070694626,0.40130945833409704,1.304738791429268,0.7271728969790606,146.58434156475687,1.6029183146951396,1.121586776438621,0.7511749517048323,0.3045713467063583,0.3450203114758691,0.8078656831389908,1.30196939915143,0.460812476061127,3.5420617058883677,186.45654095127315,60.61285357652365,0.5270288225275914,1.3458198254846074,15.357963258065487,15.473484105442594,0.026578886869231592,2.633333
AF395.jpg,1.0618713781281564,1.2683518716464455,0.8960970875665768,7.327130900737776,0.38834141413045975,1.227736597720934,0.7858097085425964,145.92760304183523,1.7639643271357481,1.1580645665948521,0.7858825104240577,0.3210864447151725,0.2767820746352245,0.5626994873265769,1.1670252108304526,0.5208964619180149,4.399031524675319,212.3441875339559,71.8448586748955,0.485309227351393,0.8838821490467937,13.458333333333332,13.785163223301637,0.0266808888657812,4.033333
AF397.jpg,1.0062640412117103,1.2713304968920136,0.8905004491479407,8.292630448350836,0.3976041165392048,1.2969064229959995,0.8083995891761098,143.82996026317625,1.8028475196016485,1.1392758775713474,0.7757736839184199,0.31203037671513556,0.3356517774648632,0.5198887398062003,1.200090924202256,0.504016513439819,5.409216685450524,162.30250916490928,36.179979520640515,0.460458572458326,0.0,8.849914597618636,13.389896000186965,0.03250569093386246,2.666667
AF409.jpg,1.0346936288611779,1.3155623991157674,0.8570936792845113,8.997461183949135,0.39373057453456684,1.2396932700095693,0.662688550720382,148.4757478687965,1.6579061680035427,1.145970386451781,0.7979830682055492,0.31293251645771797,0.32062560676017937,0.66052213431293,1.2180678852908957,0.5523322261869676,7.737620115742169,208.2737305049344,58.12601530833504,0.33725228913756655,0.0,18.68271815839588,9.630791431859663,0.03277088374561836,4.183333
AF415.jpg,0.9759690293003114,1.2899635410201473,0.8792247590594244,8.175516620145324,0.38081690250285316,1.408774240930561,0.7947006001844755,143.1121172408492,1.7629366221188663,1.0450093141093568,0.7677585819429544,0.2964062347362258,0.4043970077958403,0.6636250954977453,1.1911151272180098,0.4468637992809392,4.144318545554161,225.5366292566414,46.567520695299805,0.5174192680957602,0.0,7.1829567003792665,14.843612508753523,0.03353655172925282,2.55
AF416.jpg,0.9023621915442674,1.2739203143183793,0.8250190414034408,8.607122798289225,0.3645406633413347,1.2758462582470431,0.7719351996376344,143.95193557617938,1.907766137898882,1.1544695782696255,0.7688285733248776,0.3058248241698879,0.3583279990590185,0.7021136393116202,1.1839852043470864,0.5244914900164909,4.506774135599418,195.76897507121498,53.40363290785956,0.4267596598731746,0.0,18.60966074741585,21.511205478084634,0.0287479916166384,2.533333
AF422.jpg,1.0022436608168925,1.270935465829136,0.8751062674635488,7.233743038533227,0.3409755553989753,1.446260625325207,0.9386463758426813,144.01103151976733,2.259886425672018,1.160626702992412,0.7719003158116083,0.2903236874002617,0.3157560350364835,0.643730548653749,1.2440706589122612,0.5542771447561918,6.194022399890756,147.28877043128693,46.89049580871324,0.3081884220824885,0.0,17.885564853556485,12.061940219183072,0.06447216657137006,2.366667
AF428.jpg,0.936303110939332,1.3057784483688424,0.8811134801934778,6.7044603955404085,0.385623054563021,1.3737332416960488,0.7802033872175481,147.28233265170178,1.8210141431974445,1.0846499039425583,0.7705674835971983,0.30031236124335153,0.39699305870449286,0.603323840688693,1.268930733862905,0.4293704095273463,4.428004511391791,180.81777619193775,52.04049936596843,0.57683467103614,0.0,13.514192706004401,13.15560740825076,0.011865743617873546,2.766667
AF432.jpg,1.1529270492190842,1.332382031365803,0.8648294321516583,10.175458311800327,0.37418982956918034,1.3266267727109629,0.7802541598630667,143.16639224151982,1.8545005975358995,1.0818693145824914,0.8011625555975279,0.29504797712841285,0.2932500538469598,0.5156241366368128,1.1010794624296867,0.4881729976290797,6.393678264382359,185.35267592448122,59.31259153629557,0.5575640737111498,1.478737113402062,18.99128401360544,13.852202468540142,0.02736315271255211,3.033333
AF433.jpg,1.1007317218876391,1.3121736746861064,0.8821326892611555,8.541695233122557,0.3842081034383418,1.2851845006226625,0.7630444598408362,148.1116447491671,1.836871228239081,1.1525283539853273,0.7989375544198773,0.31108237137647526,0.32736340486108856,0.6431386585271812,1.235109800529062,0.5228918054269794,6.080574763895864,205.08238136869986,47.164543530862005,0.3597964578403476,0.7412790697674418,12.737403100775193,10.785076830539808,0.034711814233392445,3.916667
AF435.jpg,0.9280313834501491,1.2751384363145666,0.8553048977625953,5.090430322725444,0.32577861621271975,1.332362269105448,0.7890263248437686,145.98230384698093,2.133643717887447,1.1655744351490689,0.7886707563716365,0.30909581857684026,0.44705703141676806,0.5455183721892816,1.2244410347357173,0.40540324112129594,3.1573240527036104,208.98900197781978,61.12190830287983,0.5696310422929494,0.0,18.644325971058645,17.816038449297736,0.06681974585927554,1.683333
AF440.jpg,0.9756061659211949,1.2579022417099772,0.8853284747519805,7.512529581512101,0.36218434577753966,1.2698139383519167,0.7743287436644224,146.27666487736545,1.8404035648433381,1.1511445654568953,0.7503865686283124,0.3145020489811008,0.3035734402683918,0.5892337107525341,1.228344568421139,0.5245671466030816,5.497789857674524,188.9618653767098,47.185883852460364,0.4231847525592121,1.5901843390578225,24.587862552161145,13.214024068730126,0.03299673248328727,2.583333
AF442.jpg,0.9742635762543425,1.27012940596093,0.8702410800261927,7.3289837737715295,0.3505778508627636,1.2976454733619442,0.8226765109631531,147.30515860166042,2.0990487014197186,1.1727317756555933,0.7883749501145736,0.31203159556573623,0.3835079924658372,0.6231316077089423,1.2042074601707735,0.49759566719094345,3.7946602667271083,201.92139072489627,48.33215842180556,0.4168480026218411,2.4133895131086143,17.944444444444443,11.279503320614353,0.11715435650610091,2.633333
AF443.jpg,0.6547093357941502,1.1993750240373477,0.8893002671217635,3.3225406485027604,0.33920954543337656,1.4880173011870579,0.7980404933183667,143.35868480732654,1.8915961891709046,1.1149406995468902,0.6952110336587648,0.2883393038115902,0.46000385564019347,0.8025209052103349,1.1239915940534388,0.46909363897517015,4.506528245781806,159.3055484297596,48.889988657463576,0.518648551415991,0.0,22.262437936974365,11.96084363410283,0.030259541359164265,2.0
AF447.jpg,1.1665884253715142,1.313766640402466,0.830236892147167,8.345396061473522,0.42257499583763813,1.1977057553386794,0.7774951114416848,145.4184525137669,1.597176616110735,1.114842080231365,0.7924093689658157,0.3092645297034189,0.3363639528778979,0.46476672940654246,1.1278547728371127,0.49367736025773146,5.653600329783751,215.81610925761953,53.854352883681855,0.4827221876747174,1.2598814229249011,29.768351536703072,21.099213314056897,0.08317433743983818,3.983333
AF448.jpg,0.9394915081625648,1.289834309181731,0.8295732100384813,9.516988001290951,0.40069521190713075,1.348826012496652,0.8953513650072422,137.93078194028135,1.852883646466487,1.0655795812651296,0.7559618935606536,0.29519969359133846,0.40825089440814377,0.8304804506331932,1.1516803036237433,0.4990705215432537,5.819109610089729,195.14173343096206,50.44847500399575,0.46228864183962565,0.4336734693877551,13.924423133851644,8.429246069991379,0.02697394525643069,2.683333
AF450.jpg,1.0343187004631686,1.2861556078288205,0.9038070656630471,8.578260199091353,0.36870118609112335,1.282675963331227,0.7987514505209258,144.33563907310509,1.8958698070889426,1.1651910395941463,0.7770631116739746,0.31080104865299746,0.2776562361993351,0.6393489818135472,1.1877557158630965,0.552718440972989,4.082967683659373,204.42890253172925,62.449357077183805,0.3911525753089683,6.098044003954876,14.761349502487562,22.76410254583959,0.044355489510965955,3.1
AF451.jpg,1.161543696184327,1.2957574630701971,0.8932246622413942,9.572141107577204,0.3167414686052099,1.4606505765780977,0.7685255004805056,145.32320743675712,2.142159530494172,1.154441846980045,0.8009067821523835,0.2914296140501143,0.2314316123520411,0.5397261152158458,1.2852017117271934,0.5606817192169657,11.643976241795185,183.58265526756188,40.95652544011736,0.3181209819540989,7.721830985915493,13.111160179168508,31.742754681232867,0.06404035824472394,3.016667
AF457.jpg,0.9091235337300827,1.2617731111664012,0.876140416651947,7.778163392303137,0.39239011338634544,1.2609376094086786,0.8235624401986286,143.69419442902898,1.8269112572314075,1.1476739840910768,0.7674166831503081,0.3098008466497651,0.32660476201002786,0.6336091866310565,1.2888722066451752,0.5357425652604693,4.095060950256441,200.55611875066626,63.43429671676796,0.39980186194206124,0.23308957952468007,18.153661242603548,25.036690455357174,0.09197933383000993,2.583333
AF458.jpg,0.8657427811064106,1.2360985278848307,0.8455285290424217,4.384749882310658,0.33740572656022705,1.362093963499163,0.8432308988437845,144.32400155228234,2.063263324671522,1.1537477280448911,0.7484231595000367,0.30804227251710586,0.38285143188840676,0.7062178744355174,1.1684262839753319,0.5085587910681942,5.070810147843568,196.15889360340316,38.37143432001554,0.4308681924649747,1.3130842897317019,33.28747662978515,12.233514815524344,0.04107760077117655,2.55
AF459.jpg,0.8979505336036386,1.2364581478587433,0.9388868851172587,5.850645787018126,0.34998436335472904,1.3175307759889565,0.6966913952900163,149.60338739551696,1.8889499285657976,1.1615382299642072,0.7677741470689954,0.3063682929701245,0.29418852619677244,0.6584419396893935,1.2088138475985128,0.5688597423455177,3.1644400386249623,192.7264747132951,40.378997649074904,0.3466300971779637,5.0046728971962615,9.229567146121791,16.71476353118645,0.04274718013493355,2.083333
AF461.jpg,0.7630658161313585,1.2390144455830128,0.9214514258574399,-0.05691801205254887,0.22926659366807922,1.4318645546759,0.902936908466894,147.48600703893976,3.241209923238837,1.157835513827175,0.7162783007562575,0.308683814030458,0.34530348641335146,0.887542203352438,0.9971925900424262,0.550754483423648,3.5939784870983535,160.50115897435035,45.795780001245205,0.44339724484033083,0.0,14.066718926922743,14.720244405271202,0.034557237020800595,2.35
AF466.jpg,1.09706785921894,1.3109202509745237,0.8547998456053344,5.80141791895073,0.308722249405878,1.3685366595967787,0.9469723195068522,140.44707759745614,2.3916938485906645,1.095132526845803,0.7697740962165209,0.29923677957316086,0.30519512114570296,0.5764951728435982,1.248983623776022,0.4918883524245772,3.7291326206086457,220.29105025807903,49.546326639988564,0.4754446237988443,1.836,12.224422370033256,7.896404101885267,0.019411062616529057,2.95
AF47.jpg,1.0307524927900036,1.292113138279048,0.952471576072421,9.363997687753754,0.37570172132636814,1.3644034047422993,0.818753768786954,146.24518791265217,1.8884054353080932,1.070260490958929,0.7442375409145183,0.29798203722631145,0.34398231403668605,0.6119325127961027,1.2346620143333482,0.4669603753187469,3.601194564302675,206.21724387836082,49.345858035888256,0.49755366326419626,0.4271356783919598,24.050533089394992,17.673142300494646,0.012098605205742732,2.883333
AF472.jpg,0.9705211696763693,1.2929174086749435,0.8588543852050536,7.083338068210742,0.34659191542625456,1.2397695453522843,0.8722302994233929,140.98502464934901,2.042755284750251,1.1467348108755038,0.7554216110916339,0.31045640046505496,0.34391141518149243,0.5841356509993367,1.203038931708172,0.5053637913081364,4.135791803777971,212.331019710463,58.64058346885227,0.4615792319370392,0.7044198895027624,6.786906822003949,15.037679259722822,0.03315533371003149,3.016667
AF473.jpg,0.9872660829623694,1.3035933295782478,0.8765135864690278,8.057665720092466,0.33372957327587927,1.4752528561154021,0.8125793325291679,143.28661600162886,2.1044259039494624,1.026346288451331,0.7738305024064107,0.28059877613498496,0.3425447248961903,0.7208816595288224,1.1657224608997034,0.5021377828626762,2.8289068518021363,207.24137225541068,58.0269491784876,0.47024082356625024,0.0,15.651886233458423,7.3114212072820095,0.040570225860180324,2.65
AF474.jpg,0.8857601205634025,1.2607494982201617,0.902131184485861,7.090534245250411,0.3323250226016985,1.4079513835442998,0.8685932878644566,145.58156721667004,2.22536633057983,1.1220230615641789,0.7591582744234399,0.3001899370117042,0.31887706055219184,0.6954177108303637,1.151861921919143,0.5378134101735509,3.3695705784397694,195.02120387519386,53.45760511614526,0.43181510332457995,0.0,8.67133726647001,10.468617889674576,0.021108037756947823,2.183333
AF479.jpg,1.0662575053041605,1.2706894755755593,0.8278510605741516,6.0341458518178355,0.24923841726262613,1.3543254235045377,0.9425616936997959,142.11155258118447,3.056118062419966,1.1869639264576868,0.7814767526059481,0.3032468126124232,0.32940434331974333,0.8448605477583214,1.2332295457553366,0.49959117020911675,6.635298872332585,158.0521670366703,55.82175229012654,0.4378602681437515,0.0,21.540863813554218,23.11050413733338,0.03236920274093053,2.55
AF48.jpg,0.9499752992228091,1.2832535637274889,0.8558219745395557,6.9063464280707505,0.35623393962859984,1.3586472396289602,0.8287842805396339,144.18497433933015,1.937898250284088,1.1790863119890973,0.7717685535450001,0.30526086043730755,0.31037558673687915,0.7346373207195018,1.2386102528473684,0.5279969667256992,5.056013329957078,186.2376752218986,54.36096289313147,0.39813161164193345,4.89363906180739,19.061243749387195,17.01574290665033,0.07602232191980343,2.3
AF483.jpg,1.0249471286058376,1.264772250587337,0.8442720539391879,7.930702531296333,0.3676184188027637,1.289927230190439,0.8154969658228304,144.45925023077268,1.9834794236771744,1.1797321830830207,0.7900151231626487,0.31303745411533745,0.341208526416424,0.766854791314107,1.2789492453691393,0.5150063386005177,3.65776609583469,191.1501727873727,46.76562270248306,0.3837481312925539,0.0,7.7943830363185205,6.1288948584592475,0.04190110660155173,2.766667
AF487.jpg,1.1417688625813562,1.3451016570643684,0.8949981170581823,9.736132094296254,0.49482792017408084,1.238969637210229,0.6768776503167759,146.08119813769943,1.4251687739931824,1.114481783609776,0.788800195651508,0.3147654301340982,0.2852450138067877,0.5169335703998272,1.2583597134987174,0.47441536650838745,4.863572917327197,194.2525621932736,54.728853025728824,0.5629820193339949,1.0866477272727273,9.884159624358308,25.60564371990438,0.05826000928506414,2.583333
AF49.jpg,1.049860792664498,1.3024623125081736,0.8734984509981834,7.511890600913184,0.35329164580926814,1.3345767846981051,0.8032774252043907,145.4752495351903,2.0261984825054014,1.0975147107396634,0.7845782329405837,0.30396009934507634,0.4761261511823949,0.5659082293818136,1.1087070762314142,0.3858832769927725,5.73303668739015,182.21632283707999,58.47844280421228,0.6561967671120567,1.9940610305642634,14.61901306240929,13.366581833917579,0.03388820517001688,2.133333
AF491.jpg,0.9195210683197831,1.2626591563167893,0.8569099016817224,7.781848649109623,0.3635788967292194,1.3259091587622103,0.7718283161418277,144.5850295887189,1.917213365358442,1.1591298952280724,0.7668061445850213,0.30143096261453967,0.2993581293021474,0.7025258946029694,1.313261326306715,0.5364789266806281,7.559144239720691,185.64102781362504,51.68510732961468,0.38398113740362105,0.9629909365558912,17.59132234759315,15.47784458381139,0.04331332816376182,3.716667
AF498.jpg,1.0231985982578542,1.2689622686629003,0.8648852806877616,8.346988927591328,0.3963964568802386,1.336859222323424,0.8041550710243393,142.9000909338004,1.7905330851508885,1.107280972840992,0.7741769322948877,0.3035000042686842,0.34050438816161,0.7072190628184679,1.0744058103594665,0.48531477297611986,3.790402324363642,216.0727652020549,36.69284144093672,0.5634553013360996,0.4015748031496063,7.2913213355434525,7.0300336676051955,0.07484377573505152,2.65
AF503.jpg,1.0941612313217575,1.345915684260127,0.8150137781121466,9.525883696107632,0.40735646661019653,1.3924157670221686,0.7216227796461434,145.3001674318713,1.6897922283462063,1.0365621207307998,0.7959255409948012,0.2844666927654901,0.3770405666334193,0.5673884043098865,1.112079779219949,0.48297623220202435,5.886120664914897,216.14258141378076,58.0616511812226,0.4726242800189354,0.0,11.043574922187638,16.00621286069982,0.04007313602862811,4.35
AF504.jpg,1.015083579624096,1.2692070817111767,0.9302803155963959,8.669695830374621,0.34699228877039795,1.3479757539465518,0.7536759094023868,145.3867060049858,1.8978317118754744,1.0902304168926598,0.7855041835420059,0.29669374928915915,0.32149028039672606,0.49716976022644976,1.2358998967878938,0.468870522411096,5.959039175460398,201.07051625769452,39.09590257116031,0.4998331408553141,4.399560117302053,18.827102803738317,13.758838619075533,0.053356126965023475,2.283333
AF505.jpg,0.9302993693943024,1.2984139788353386,0.8820199667270002,6.1947301399884935,0.38950571921084565,1.389073842675019,0.7810586973636782,147.73462583408855,1.8233444756458452,1.0871358634664716,0.7735720868370103,0.30044809815795764,0.3980416626076978,0.5947622793603745,1.2686665298505932,0.42795131902332756,4.539812557943802,179.92417312716577,51.037873033969134,0.5765549664566624,3.0981308411214954,18.82438248502994,12.9790896381554,0.016811155063036584,2.683333
AF507.jpg,1.091042279281401,1.268131090285508,0.9107810216082077,9.138970632407394,0.365956365681692,1.449991417165734,0.8296463986680835,141.4236822643486,1.9071889079162043,1.0622814320168124,0.766361091593404,0.28900490712540555,0.37431313989664305,0.7073251827702519,1.2124406301308055,0.4230753604126213,2.943428826438669,205.64926603956638,41.483546342596696,0.5507865911946704,0.24709302325581395,14.165247445401723,16.930878731939472,0.07564469749177444,2.566667
AF509.jpg,1.0684841352318195,1.3257039630423253,0.9140719160731374,8.422814064346195,0.40267204422944775,1.2570969759843804,0.7628617480756565,146.0214152535441,1.7736430664523817,1.1596433014030323,0.7935419773298744,0.31328889123011405,0.28246901316499756,0.6098429579569397,1.182828275822519,0.5300698278711365,2.7549851908126266,210.50962669424507,32.20664396269089,0.43505408433944776,0.0,7.430593174431203,21.11729753022837,0.028784635349033853,2.633333
AF511.jpg,0.9873485234175401,1.2814639839851858,0.8723340588795425,8.053452819145535,0.36154527533689124,1.4021968079768576,0.8656668526107378,141.8384059743495,1.9611576977518397,1.1095786825305793,0.7716578333834246,0.29018378638120523,0.3058815398212968,0.5391053370903118,1.2798306136947186,0.5201386846962337,4.694933469832791,208.3580642997402,70.18005382853599,0.41308178064728973,0.0,16.169254658385093,9.1682279910506,0.049727889427178165,2.766667
AF512.jpg,0.8946672437062386,1.2478637623913102,0.8573032993625891,8.729070810854465,0.4318990026972239,1.375352464701722,0.8911706036705791,139.08389908091237,1.6374041658755565,1.0885281831048585,0.750658312545143,0.29245482626478303,0.3025335434576487,0.5350810829485229,1.0770751886937844,0.5290209064459523,4.547799009851671,210.63552966996474,47.97621932513718,0.5095617587895055,4.584760273972602,40.7294201861131,13.95437024967488,0.01551780439877019,2.466667
AF517.jpg,1.1124754541010424,1.2856838703229048,0.8708875710972858,8.862151245410903,0.3421104083145832,1.2386174954386768,0.8805076639413281,140.68177700071223,1.8736295448228801,1.0890713502784264,0.7733830623849054,0.31032851094468034,0.39740556573663266,0.5901722336065071,1.1075584376400576,0.40842377665959406,3.243943564499542,192.78162162162164,20.25896301134975,0.6996177266582246,0.0,11.275199259654505,7.232814408206593,0.018576638077212347,2.283333
AF52.jpg,0.9723847606088053,1.2589994588760922,0.9018444025832918,10.966580287925673,0.3368438115195478,1.5300030874413066,0.7649322572319527,143.10297520265055,1.9810872515514901,1.008232781067954,0.7682824795648953,0.28127516433399946,0.35013419821117,0.6508220972729568,1.1749908381392422,0.469974374254201,4.463187401849832,181.24944083931632,51.6465562239317,0.5405682162079619,0.0,14.278592410865599,8.149640098372672,0.06853427799342147,2.133333
AF521.jpg,1.1298932976262186,1.3076364846409434,0.8879977545268689,10.05872629616978,0.39094999659556495,1.2746882647329558,0.8003040833131948,144.22639609516042,1.8318551624490722,1.1788914598086462,0.7932520925992045,0.3149827962189075,0.24732904209048182,0.5474950506898718,1.1481139256063377,0.5203239087786699,3.424860254694572,222.65040957838042,58.1285295135506,0.5055313964792092,0.0,24.336643759698514,15.660931855318822,0.03092663005091814,2.883333
AF522.jpg,0.9409117051880568,1.2763142461219903,0.8224500385162353,7.880864882648118,0.3852906567336099,1.3607270397312252,0.7906206319237051,144.20180723455445,1.7771363727517508,1.159858029477103,0.7691247946638334,0.3116008768642947,0.3505883868717264,0.6595776116632153,1.2838651117782964,0.4728799519696588,4.67954938955154,219.13240195223264,56.2985650942266,0.49825584730065875,0.391705069124424,9.194598337950138,10.42293760139134,0.02588242398360508,2.3
AF523.jpg,0.9354924977662085,1.2483641155473917,0.9101956432076155,6.050008044472338,0.3484878525358239,1.4799828732923115,0.8419790226267136,145.71993288375282,2.033472351495158,1.0816577047169986,0.7408022506032539,0.29355240168171287,0.3381277728335268,0.6977603159314246,1.2093542687945376,0.49632711477521024,5.777488583976097,158.37187781163237,47.11617438957914,0.4429232269458158,0.4159869494290375,34.48080275575373,10.181220973858089,0.0645325978276482,2.4
AF529.jpg,0.9821197231981436,1.2658703048399775,0.8630822049487583,8.154616892730456,0.3401886845746895,1.2855985403528944,0.804444196113786,145.65975604948304,2.0397775184486564,1.1832879739599802,0.7831669867439047,0.3122944850186094,0.366323938524574,0.6516304912114348,1.2667010978945343,0.48691218418665166,3.519397484526918,203.29726540537976,35.6493062217063,0.4161993225592497,3.0344090357819575,11.676975030699959,17.823959152057057,0.020327622435940777,2.55
AF53.jpg,0.9497209753422399,1.2525645348609837,0.899782101171493,7.374491474285434,0.3350692104666561,1.3495672360493578,0.8317340246460632,143.23482823223455,2.092313760364748,1.1415381786715053,0.7592764639217731,0.3083319793904774,0.3598827664321756,0.7523863337716954,1.2594597735960928,0.4762546441341432,4.0976547675033075,215.3196477009776,43.04904996269005,0.4451173622441782,2.244,20.982105336881915,11.426703383662598,0.02873435413752448,2.166667
AF533.jpg,1.0877289881866117,1.2896221499191225,0.854061197094589,9.685413511772607,0.3979866830078461,1.2963960758459963,0.7123783803093571,144.46059461594308,1.7194343787619653,1.1451158031359447,0.8002908530373796,0.3091545257544034,0.28933511667762335,0.5982150924372401,1.1842683678336479,0.5047043282097147,3.74929220379702,208.3659053663167,43.15519108060241,0.4916102425008219,0.0,8.21649791542585,15.222390902065442,0.04791618112700197,2.8
AF536.jpg,1.0750950637962766,1.2813263885573882,0.8699217456482372,7.1568780639971905,0.28762410287256324,1.3727546822855536,0.7831534411587033,145.79959078622596,2.460631565330985,1.1693336027135195,0.7973351617412714,0.3051432856937663,0.3001208861352512,0.6086123770245895,1.1180966483454713,0.5230064780318633,6.451969044619627,153.1801518531691,65.00878299214506,0.4221294292966932,0.6052215189873418,21.587460784585915,29.63561263060931,0.030578584930697504,1.85
AF537.jpg,1.0601713773902819,1.3072661902436367,0.8672297865333872,5.912981474292832,0.3329326155068214,1.3432758412912709,0.9055236061755456,144.48542945658113,2.3045698694663845,1.1230857185832706,0.7694136937398373,0.3069808519575205,0.348730735342243,0.6999334691002105,1.1133334144319909,0.4645713658296122,4.0563729758249165,168.38401540649272,49.54335606583338,0.5900598201191668,0.0,12.319376498013593,15.896124797263454,0.05218178129162637,2.483333
AF538.jpg,0.8892052341212665,1.296420063652034,0.8558535802923075,6.708398576748298,0.34426265310541027,1.3535032261018576,0.7977724591251634,143.9780925849289,1.934529671045486,1.1759970564689826,0.7734628478704014,0.304254543999078,0.2740536489058463,0.5225115399829854,1.0985058035876598,0.5464092201812264,3.5554617317536295,212.07457215723346,44.617563912239376,0.47298555487867927,0.0,14.552916482545294,8.372432023791447,0.037540955254793125,3.133333
AF54.jpg,0.8492800950062798,1.2712309563500905,0.9089010204237498,4.966941658105706,0.31007817157813977,1.5104611202966955,0.873502138122015,142.76124974146654,2.2794528112211667,1.073935552371473,0.742888769464188,0.28838928223149174,0.3497336466105003,0.6943538115101267,1.2715911483793496,0.49417792370837654,3.7852422358398465,187.89844911189155,46.635249742309185,0.4493274057858226,0.0,7.934165913200723,9.413312236976239,0.04306130574668645,2.216667
AF547.jpg,0.9338510184955912,1.2418052556726356,0.8934927496647004,7.490080085159988,0.3539385801989498,1.37377161025008,0.7736889469551747,145.2638838895383,1.9369984013340193,1.1282122506010528,0.7814115924372371,0.2983919967759617,0.2847295269218138,0.5438202914859979,1.2377851014221368,0.5677123120927147,3.65630964792264,226.4725433248984,50.86672025658933,0.36278771274692007,0.0,14.182208131294294,7.336724331140687,0.07300697961447825,2.666667
AF549.jpg,1.067099311726448,1.2770094788089192,0.8692567297047924,6.26657671384208,0.2648885844293743,1.4102880436845495,0.8504138631773384,143.07297218650177,2.720310412451171,1.121329725760976,0.7815528546646111,0.3024556165799094,0.3532830418099685,0.6084316535854043,1.1694716132929048,0.4546176702074682,8.10295478897065,186.03158734503137,64.08131445236914,0.5381002285202813,1.6927558744714502,19.267162775405343,14.343637747545756,0.06038489103706605,2.183333
AF550.jpg,1.0070628564309392,1.2491232002150594,0.8725422757662286,8.19895974461091,0.35045276695431976,1.3201788994285275,0.8240557434769697,142.08893355144755,1.9838749145591117,1.165961617841218,0.7887305190032211,0.3110302505777281,0.3200832344454989,0.6291755030359966,1.2967816037346522,0.49264715827878025,4.54074427978279,213.47456002270224,57.86306774139862,0.42048239332231285,6.423327346205658,22.88511620781722,9.95110895087231,0.12766853796571942,2.533333
AF556.jpg,0.9966471679476869,1.3163731328851174,0.8428688581319427,7.343207895426358,0.36206784518284896,1.3845247611605334,0.9854663664720281,139.04949783451815,2.0891322410209137,1.1111711888971736,0.7630834265174311,0.29697200837063537,0.34767278569078414,0.6129914528505261,1.1703130302908462,0.4760730121504463,3.9387714460576113,194.3022602510017,42.695295076872355,0.5468017681398379,1.2200956937799043,11.321954834503881,8.320073376792834,0.031607737096950285,2.583333
AF567.jpg,1.2550290180676942,1.3149169482937748,0.8236104842601712,11.527024787661322,0.4657205477325177,1.3925704642740933,0.72173494285338,144.083118498472,1.485868064954623,1.0648640521239374,0.7986278111088032,0.2910441707569656,0.3322383670846924,0.5858510658445365,1.148235475962606,0.4596123309148589,7.7104874061664415,155.47111720759412,35.74264909451061,0.5316016952428599,0.37317073170731707,1.6935483870967742,15.84151582001401,0.046888032349487234,3.5
AF570.jpg,0.9176063186468159,1.2739646732657244,0.8375248122669694,6.28540469562668,0.3637762077028073,1.2756841059505317,0.7685840083041224,144.93916220321174,1.9018281423555805,1.1658042942379412,0.769987143851351,0.30975278517346877,0.3877262279808062,0.77924191896784,1.2992884265159952,0.4751566555637429,3.8377972083512493,188.62490233406706,43.50587335990889,0.46130868047895773,0.0,13.449516868653783,8.781338423877017,0.015767569426861177,2.383333
AF575.jpg,0.9422167728137617,1.3314526151240487,0.8868387360762083,7.167707842620499,0.37357034285942,1.3919895208590105,0.799629599045631,146.1267187569619,1.9113569818045901,1.0593282836739426,0.7677387456780541,0.2972252502890787,0.4272176268270929,0.7104884183160285,1.1337592373727896,0.4426363990123073,3.7617733994619864,210.7997475703989,43.92883687190201,0.5850847341316062,1.4144215530903328,11.79328710180263,14.093837558548287,0.044856297954123124,2.916667
AF578.jpg,0.8056189383833063,1.235531759174333,0.8501034530003679,4.16431302009123,0.29255414367242993,1.4119497282966327,0.7882017408311002,145.01178217965924,2.3974306121260014,1.1709446953910834,0.7661730862002365,0.3064988710419919,0.32456358794632034,0.7312699060628292,1.2127660261874336,0.47441749599367095,3.9483287613386544,169.90793815622476,44.061043081278285,0.6143954058046163,1.4166666666666667,28.163527397260275,14.02813986457096,0.018724638204982737,2.133333
AF581.jpg,0.8987121402349304,1.2622130301692647,0.913986039088844,3.3519202446082983,0.273664763753485,1.4506802612785916,0.845040647551458,146.00736205282203,2.6289105154901637,1.1091414320776156,0.7457880759086697,0.30106860037044564,0.33704686832042474,0.6310625034282293,1.1240570948262394,0.5041193800139853,3.3709017786806275,203.75189397027256,37.75776941093062,0.485839811881921,1.8853974121996302,13.473441330778435,12.332082019716353,0.04568012104705073,2.866667
AF583.jpg,0.9140826000627885,1.2810374134743776,0.8904497831186554,7.016470206050395,0.36801894712627875,1.4293761162956378,0.8597475189860098,143.33544143491187,1.8953044611771304,1.040493690959054,0.7423085749289821,0.28917507179583296,0.35462253503335006,0.5745891666747719,1.2024439608281374,0.48481138719456157,5.311110144599857,158.16005771847017,51.27321319225122,0.5135107824236691,0.0,10.343334381739755,12.819423724903217,0.049308247373611794,2.5
AF584.jpg,0.9910907725719567,1.2657952727211361,0.8632415922379252,7.883655055626976,0.39723092726131665,1.2620815279189228,0.759730492513143,145.4783362245018,1.7675140450707907,1.2046393991280548,0.8086069475614941,0.31231766799359106,0.28767499542700714,0.48175807432712037,1.2081412038693238,0.5589246065523803,5.715044592041535,162.81580299558365,54.653358882319864,0.37749202140382615,2.015810276679842,10.24285043314894,23.89896221267894,0.10699643895168487,2.566667
AF587.jpg,0.9033132797230425,1.255527506166238,0.9200224746494895,5.89080291598134,0.3282935305885747,1.3628540173984751,0.8851849353105528,144.38036517017923,2.162950740099835,1.1157553725632992,0.7269915005855226,0.30714421321497115,0.40357696130847087,0.8036453679266863,1.1462124928623412,0.4308224893736671,7.999620246491502,194.7636844003033,51.176566316075395,0.6283935442809242,1.446808510638298,50.517871017871016,14.164286082112682,0.06194543775257927,1.766667
AF589.jpg,1.1992198888572125,1.3519475659384583,0.8468398538993667,9.269984013492156,0.39069279194830175,1.282405721281318,0.8126436395454719,141.332780918328,1.8265299739380434,1.115928300750656,0.7827263915237174,0.3124099915723723,0.37421406763822684,0.7004621023202646,1.2382318553655356,0.4048555155648845,4.135253754650962,188.09527657216734,56.28375824756,0.6575354890593059,0.0,9.897800645682002,13.85808070173384,0.04316319989549877,2.583333
AF590.jpg,0.9797300797286158,1.2938335570786121,0.8967428065090615,7.649336249950316,0.3902439934897699,1.3329042226995849,0.6826756985906455,147.01446290565934,1.6516089381338828,1.085653034894363,0.7919071646204215,0.2936011690886658,0.27945607535381606,0.5686170278132345,1.2895507247290654,0.5041030685151875,4.516557627263444,203.00203436974743,54.25357441081519,0.485669407870963,0.0,16.576681675535543,17.822458372247695,0.0326819308594883,2.766667
AF596.jpg,1.0251560861727222,1.2914846368709707,0.8724263558436326,5.650530116500165,0.34222287473013613,1.3294809645552585,0.9116190735720712,142.61794385965106,2.157696484739014,1.1406248092449514,0.7685205880110181,0.31224817474633465,0.33755757470940284,0.521011653055489,1.1877938650208126,0.4993131621918937,2.0905059463504845,208.50024813895783,46.10546049417019,0.45775796405356217,0.0,6.951345755693581,12.101537985371195,0.032664407183307896,2.833333
AF6.jpg,0.9010185603091396,1.2681063205730396,0.907161809329796,5.129001849577946,0.3422172100182236,1.366074979822358,0.8462604250854346,143.51149985587546,2.0341158547046287,1.146867245834699,0.719037849181748,0.3108308715917171,0.3731425555645817,0.8828625522959787,1.1634631735393477,0.50444576680968,5.994832478945549,185.93863789087638,51.472222796536755,0.41311526957501854,3.780323450134771,18.729515457525025,8.968678058255435,0.06332105465940906,1.566667
AF603.jpg,1.1039466084402445,1.3304274654038948,0.8498681846328697,10.659823633432593,0.4167898009849844,1.189414911676387,0.7378261964138,144.87647889475937,1.6762305841180694,1.0790213424377502,0.7943762664782855,0.31282327109254704,0.4392868410726494,0.45959281011166925,1.0856838305569347,0.4319344002962492,9.717345450744288,192.3604689127239,50.65049912420426,0.5992722720055215,0.723062381852552,21.18006329113924,23.234504907021815,0.20495173065683173,4.316667
AF605.jpg,1.006350624399602,1.2716181956448225,0.8877863723646091,9.577876993123748,0.4000185314710491,1.276365619669536,0.744359373999049,144.72576911223044,1.6765799598825195,1.1299200425189446,0.776805018569856,0.3056610159066998,0.34573564939187984,0.7074840428808905,1.1800423970257872,0.5209526551056447,6.121117256137654,208.14213196307747,58.855841640496834,0.3854878101409027,1.4219330855018586,16.364156920077974,22.657701004064336,0.118128004407775,2.666667
AF608.jpg,1.0431539503685516,1.2476566472289548,0.8837421255393926,9.351075342065844,0.3606109826342471,1.3839280659569833,0.8006297459052294,144.8991740884717,1.9248775120748476,1.073510372597176,0.7825060935042845,0.289890638405344,0.3657580066754512,0.7267885258157537,1.1435076969857856,0.506523360874189,5.35347930424105,205.63009025240643,56.68337284041783,0.4052214354207171,1.3821138211382114,23.916112314356436,11.883863913777617,0.03737865820432413,2.316667
AF61.jpg,0.9544503955695747,1.2926462109538297,0.8865981829761139,7.100011887082697,0.39048749576873876,1.493173505531479,0.812505537325853,146.59651226802444,1.9602942475226892,1.0916828653784754,0.7765555508235411,0.29080250939589597,0.351128791235488,0.7184049724034954,1.2644090522155447,0.5191757959911654,2.1458717710920667,205.50173410404625,37.47177155722977,0.3717503555042492,0.0,13.221881278252134,9.787794812138216,0.012467049467019448,2.366667
AF613.jpg,0.9352388744254065,1.330585823421456,0.8118526548600781,3.6534251821022803,0.3634271142614697,1.424952462710649,0.8855123473636314,141.99012634846693,2.032184136996114,1.0834736928417117,0.7514318164038748,0.292872045318794,0.3423556301680545,0.7540609716086086,1.2283379474862155,0.5350857701031911,5.573123415663854,206.15174268201432,36.350372819000626,0.39071279464818814,0.0,8.976663443790102,11.20428854619199,0.02397125084429156,2.083333
AF616.jpg,1.0750029679568223,1.2845472049707516,0.8765670771111982,5.843375333545515,0.38380262409130966,1.4487039576197966,0.8798382902002209,141.24009463064343,1.8640113680592172,1.057711877816236,0.7532280112717128,0.2887448342041193,0.3385924317890125,0.7691707168022999,1.131208338217735,0.48126066413440793,5.781244143740484,166.96372112237992,73.77687650846191,0.5108150598944137,0.17068273092369476,19.41711590296496,8.27325275266439,0.042973634296615985,2.016667
AF618.jpg,1.0514605602532456,1.3244361927745751,0.8929776146119346,6.446834258403358,0.3648379923467332,1.389673523430492,0.7703864876309926,146.03000516816292,1.8624953602553713,1.0947146680040283,0.7842439048977405,0.298255540737952,0.34146009201073896,0.6570676630606063,1.2160061498426935,0.4675224962538981,2.588151239805809,200.7239052078757,35.35759766624983,0.5073367212417543,0.0,14.002167345330356,4.627642928680956,0.05424063160958466,3.0
AF62.jpg,1.1029109459828648,1.3281895000939983,0.8559142248948742,7.4402730520506735,0.3558936362918278,1.364753938124278,0.8690575900750639,145.1693607041927,2.050554265427463,1.0891616400839759,0.7855490454938105,0.2977348314174273,0.3991669711642588,0.6638589562272295,1.219931306659679,0.4591770528273325,4.680569518907442,198.7510162477726,42.894777549761756,0.4625921141085229,0.848585690515807,18.871269835371066,11.368637171323456,0.023609553759953918,2.633333
AF620.jpg,1.050413313904976,1.2560128781820104,0.8763551726117115,8.446122539207026,0.3705354619521113,1.4483870551862879,0.8534205246518699,142.46393441079908,1.9516936463327503,1.0695906292311523,0.7634758287795315,0.2861610043263933,0.36097116816624464,0.7427169056182619,1.189652067117937,0.5137060069358823,3.023304251334601,197.23134598646598,43.301815785123694,0.37256666894409,0.6830357142857143,22.711330049261083,6.764382698522596,0.10843416379506329,2.5
AF621.jpg,1.0718226220915665,1.288446575945023,0.8489553037966362,8.292594862293171,0.398409308083745,1.4253284102368189,0.7078000117002751,144.03361421395812,1.6066824141429488,1.0617314278581083,0.7899278155216582,0.28610770307206657,0.37845557754905784,0.6863265905050969,1.1758436660688596,0.4659706319002083,4.003279174465047,163.2788262731513,38.81067077273775,0.44300223804555744,0.0,10.255587748344372,10.636935437229553,0.03400278261273221,2.783333
AF622.jpg,0.8296941403495758,1.2423936006529357,0.924471709072729,4.562349901217606,0.30027750357621363,1.4720894619250182,0.7182629920641787,148.30474808872026,2.2970314151655216,1.0888664746452743,0.7623337632145514,0.29717903885111924,0.3907247534675687,0.874866135920784,1.1535944716118642,0.46315858481313127,2.900962643006605,231.28610245289553,36.63138933814142,0.5334575410176047,0.0,13.618308520747544,7.378413652208977,0.04642769075015122,2.2
AF637.jpg,0.9730532859822821,1.2700399325371392,0.8413101932758027,7.042966334210426,0.36485191321304933,1.3521909425609306,0.7661339985406043,146.11197256220396,1.900709577714617,1.1388002769687893,0.7796056954718078,0.3009156884934239,0.3043321351601685,0.6274733778744453,1.2581360308878813,0.5438660093200662,4.417587559676022,212.7734488683206,59.6396650845368,0.3791923890910789,0.0,13.586972238288027,7.107656775114279,0.011300667942675641,2.7
AF64.jpg,0.9453577800690367,1.2965429834902553,0.8722652421912235,8.004440307294875,0.3916146800544765,1.3870288220650264,0.8696470426590348,142.98079812440886,1.866125815332737,1.0672890641802317,0.7616293097110822,0.3001504818949105,0.39680241902173424,0.5530403556480533,1.214658092131296,0.45455814769602443,5.695099567525114,182.13027931782986,57.18058732604341,0.5434372388172442,1.1630529830279424,19.454741379310345,13.965369944619269,0.026562860359591906,2.3
AF643.jpg,1.222812015868246,1.3112314540779049,0.8712552647530788,7.692173387473613,0.3862565780107815,1.4602156932161752,0.9656884067750845,138.74673658883063,1.979523672355789,1.0238968482354893,0.7679040686286349,0.29044167587226416,0.34238810162378314,0.5869785878538569,1.113140404735695,0.45271001672901995,5.344608692885546,177.82762226384892,52.19260484224614,0.5650553802202476,1.5429042904290429,16.03669664110024,16.398655483714307,0.13337449932398715,2.2
AF645.jpg,0.9429211656762919,1.2863155703117333,0.8691176823992277,5.059557545250099,0.35915937604220766,1.2647095736171705,0.8245683388495393,146.40787661057686,1.9926365613674564,1.1519075477544178,0.7660717876680014,0.31158166386110747,0.3252064234700396,0.6907360132902616,1.2204016380551912,0.5137404833571367,4.860145587432325,201.7940160474099,48.783475862956664,0.45722606107204694,2.769346385077848,17.473730437559887,15.27254196008218,0.010828682729220572,2.783333
AF648.jpg,0.9025110654773016,1.2779836495552737,0.8452855126987802,8.959006024340095,0.36743375125714395,1.3625990859389288,0.757147645888913,142.45459103474735,1.857020861996969,1.1130226553743445,0.7727435886875239,0.3003610468010905,0.34016606158378543,0.5541963479544945,1.2258612034037895,0.496247480784401,2.831317338322362,210.72458297415423,44.85698340472476,0.5248216070778655,4.176724137931035,21.1245983055799,11.243281514573368,0.040452941036922895,2.666667
AF651.jpg,1.0757490049458978,1.279224217390258,0.8480355395226318,8.543831816016578,0.4216853916854967,1.277609434443588,0.83138536197481,144.05219872366234,1.7808464054900401,1.1653373756391632,0.7968196787501899,0.3072580792843566,0.28143052705955623,0.5314958531958371,1.1896756796080055,0.5311448105430868,5.647000187560477,217.53235801494287,54.26895475153961,0.46706198952472106,0.0,9.088169642857142,8.87258391199272,0.03922241293504545,2.65
AF654.jpg,0.9440691133013266,1.2451382185117426,0.8730944994379334,8.957868894981315,0.3960737310120893,1.2646040345110159,0.7016557515842501,144.56863720613228,1.6527758904541838,1.1775430017869943,0.7795598008645053,0.32026024366501515,0.3764314031420044,0.6167127010215429,1.2312438946340167,0.471485376723189,3.6360047289717308,206.30148809523808,46.82471547910117,0.4751797590212695,2.0597738287560583,18.314681628034563,13.72684386655341,0.02441434049098258,2.516667
AF658.jpg,0.9362909085567475,1.2768241053354636,0.8834579820305599,8.274367625749566,0.3687309183555425,1.383330548910582,0.7411824676218215,144.7654784568341,1.7972238301343646,1.0986120316104264,0.7724807705376693,0.29956008696001163,0.36231569669076436,0.6367503172061404,1.2437315709634276,0.4640694572223189,3.7217078914631454,207.8931001648254,43.82749169921692,0.511213426475802,0.0,13.57582778833967,9.83374127927162,0.016459158395756335,2.8
AF660.jpg,0.9294325754018928,1.2510308559501708,0.9222751872523851,7.479288781715863,0.4042892408893106,1.2836645628442969,0.6863614430959082,149.87202962917323,1.6101557750081055,1.1201658797391167,0.7890994969602161,0.29913419663934393,0.32362072464806735,0.6969089822769616,1.3062981711221362,0.5040488394841919,3.5173876674375197,204.24662941195362,32.49848913565182,0.4313643924178029,4.873125,7.1385209713024285,5.322384903940289,0.07053971019285701,2.5
AF662.jpg,0.9138886078317277,1.2514484618266961,0.8816310350298359,7.0819345261998,0.3132972564830254,1.4274572229116604,0.8509462502982575,143.37096425987778,2.190167187648364,1.1209111638546152,0.7528894610181744,0.2970432309916449,0.2897410963167662,0.6601116449278197,1.3205030310369803,0.491921571682185,2.329363173881685,225.7769968742939,35.4012453712879,0.5116428674438254,0.0,16.93974358974359,4.5048269700423305,0.03789527331656889,2.933333
AF665.jpg,0.9956395950173057,1.2703462973371313,1.0679729688122404,5.726863312770728,0.30939360333434424,1.422393325740747,0.6751819283535424,150.98782618003116,2.0222026189882842,1.1067685129089608,0.7698193747915525,0.3021461531692308,0.26728083658738655,0.7174723441682631,1.2073191580747082,0.49900880686114774,6.855201684811685,183.733830842987,53.105685456220925,0.4604373091453877,0.766871373569763,13.905075187969924,18.62154264336354,0.01314147598347112,2.55
AF667.jpg,0.7951989581641447,1.2406728526243627,0.8975936396919693,5.615421124579177,0.29638794539413316,1.393117773617548,0.8089831970247732,144.6643506448169,2.2748670834499127,1.1040626381317682,0.7390721768822135,0.2924260644184104,0.3870687824063718,0.6298602545635315,1.0905812904200693,0.5236976950142606,3.1196313445973547,183.04506648457613,48.224154359993264,0.4373237793343766,7.565811492820715,15.1294498381877,15.995610005136527,0.1153105102144087,2.3
AF671.jpg,0.9543019750459167,1.2569535111742465,0.8401696519346152,6.310402440764115,0.3501952967760409,1.479251573508883,0.9069255606343537,142.13808635798375,2.173314313198557,1.0704631497146493,0.7525081658204661,0.2868731228190727,0.35915843974093714,0.7678767581033148,1.1320653336185031,0.5369668628314228,4.220965424610827,179.2376154859188,52.6872641978626,0.4006967704893531,1.9350758853288363,27.99082062600321,20.725396170462105,0.06157757007630116,2.6
AF681.jpg,0.8367357625475284,1.2869004240550592,0.8928126652548554,7.8067058974524315,0.3847259367416763,1.3001463454562396,0.816058492213911,143.12823780508194,1.8577426674942468,1.0882623517019354,0.7581502145557977,0.30664612988876266,0.41938832725724307,0.6495415193034284,1.129414674506483,0.5158588396006174,3.5777707714889644,203.00837412520556,39.07641786761141,0.41880669986925606,0.0,11.05691056910569,17.419083941046793,0.03974806114206168,2.733333
AF683.jpg,0.9619704852073568,1.2828478696416283,0.877228142477004,5.097968748742218,0.28558135317179467,1.3002844389845054,0.8393258479564876,145.39117584740484,2.514436569581659,1.1484724296207571,0.765567154191219,0.3126942241193627,0.3581582090215057,0.664446322761973,1.1819785708016115,0.4724009106640768,3.2689705062293655,221.74661101988687,51.929600710608526,0.5351622952887086,0.0,8.563272093759899,7.8190651917415295,0.043408233010767114,2.866667
AF686.jpg,0.9767371928428077,1.2752887225408074,0.9159079950310299,5.453041405777077,0.3228069889443621,1.427451161778554,0.7273154125378583,147.36081853718426,2.0665809170331615,1.092039558932515,0.7632482923232347,0.29642450963372735,0.4297256915687649,0.7074118890562211,1.0409955545735359,0.4653444809581283,2.990648115321865,222.08232201424818,39.972441264674075,0.4481185087583795,0.0,15.37363049933445,13.909535965253568,0.03217191655659502,2.6
AF689.jpg,0.9056371792159146,1.3016365935179766,0.889617663240786,5.7654201623426165,0.3038926007155378,1.3661085049423356,0.8752698700776262,143.02161745620168,2.3328695026723056,1.0378346208906157,0.7502904215281253,0.2947539083121427,0.38374275135473707,0.7502516303180422,1.137262714835464,0.48033462856078646,3.3087849330265753,215.17395597464218,61.110518835080484,0.5364992235932348,0.44194107452339687,11.243066420139382,20.81219711904977,0.06526722735104411,2.533333
AF695.jpg,1.0035063972372045,1.285109176866971,0.8277730018213316,7.938869534621497,0.39488907627765624,1.2232145979303626,0.6696607968469519,144.95671335301375,1.6327024508484917,1.08343986864306,0.7815898976567167,0.3043724745446718,0.3272846350626731,0.7174462374115294,1.2666451153717133,0.5093472469125777,7.1403036942556835,215.1858323641801,45.43486262019252,0.441014772489427,0.0,9.758873349306292,12.043855570632616,0.021986793375238466,4.516667
AF696.jpg,0.8872405751646044,1.2486350405390312,0.8404647401948204,4.54022762445409,0.32951878707111437,1.2979785156007722,0.9184421506431996,140.4686401115763,2.193277841637132,1.123184244492517,0.7375475314596841,0.3115018780717938,0.33691369376341296,0.7770043025821209,1.1771775526339692,0.5314839043316127,6.20782011251069,207.58024113626215,42.98618173032156,0.4495101603396623,2.6526069250733233,5.0960354991254775,3.2186783539676753,0.023913429966135373,2.316667
AF7.jpg,0.9485371928414492,1.2786215149369693,0.9076588352068629,7.407912992668098,0.325946581898341,1.3519461522938254,0.8693925629853458,142.53764098047074,2.2105190213070056,1.0984905954993804,0.7518556212371578,0.3047526965424146,0.3502550047129023,0.6157792330156543,1.220728892366564,0.49192666738084834,5.540035273278312,195.624817630608,48.807213274891126,0.46704318481834006,0.0,39.77679695084679,11.56802131107645,0.04583153277491442,2.566667
AF70.jpg,1.000757492071398,1.306880191251595,0.8414783010997252,9.075816860613383,0.4077737019576204,1.274868508532452,0.7568613872721501,143.25421033589004,1.6968532873119204,1.0852131855794696,0.7801783424958476,0.30684633040971626,0.39035301181797105,0.6319664356849702,1.214758898534403,0.4659351616925477,3.1457294483668012,215.88890617056512,46.5046888355069,0.5235019219396284,2.877920582914827,18.43365848803066,13.996435596246798,0.02115685070147757,2.916667
AF704.jpg,1.1353508066256117,1.3344320337407558,0.8757469665959049,7.781319109866644,0.32433857095194607,1.3675638738076452,0.8801390607986147,141.10567583485613,2.2056886280680894,1.1050000200162515,0.7896256626359608,0.3046532634387742,0.40167156134029147,0.6859267878929298,1.1400939237990273,0.4363129064614346,3.9818229703666157,154.20827373565274,43.35517639052,0.5090507733291256,0.0,22.510593220338983,15.293415756609662,0.04513752407746201,2.616667
AF709.jpg,0.9772908398367056,1.2886677097392891,0.8309262228172228,6.324711298551146,0.36518762638092117,1.2263259827407138,0.7996631885457685,143.0216155836315,1.825587605754952,1.134661444521467,0.7737622587448885,0.3097045265909609,0.3439589584464553,0.6546065818643878,1.1849427446305085,0.5277102970994759,5.705002387352316,203.8355390991727,51.22344841907196,0.4181194996939859,1.9990142233488242,24.55216397724093,14.7925211676164,0.07662688482206821,2.816667
AF710.jpg,0.9796882247226699,1.2894289755345323,0.927546615779342,7.049074860167285,0.38335262869718556,1.3370020190124114,0.831303255977616,143.97746789556845,1.789085345659615,1.1227328672982446,0.746854688046648,0.31092199687381433,0.3738824917460229,0.7511950214684492,1.2927981840747778,0.44038394785350204,4.878590424574376,184.44330049815102,42.04221280270576,0.5022939130252487,1.6516085832632594,13.28138426027328,8.163520172094096,0.018021484298619175,1.933333
AF712.jpg,1.010286403353002,1.3160147170890188,0.7925812697008611,10.082328711792975,0.423027235075411,1.445047275334131,0.7258030243223429,140.68755495899433,1.5838594027353838,1.0194530733115565,0.7803889049385427,0.2826526624570448,0.36874711687023615,0.7470533128043065,1.2354649091866006,0.44323879893943857,4.555412355893733,204.41833475536077,53.42530947201291,0.6020393193243762,0.0,13.669914535095161,12.674506033531998,0.03220831932060146,2.616667
AF713.jpg,0.9475511868843676,1.261126653655133,0.8902803265250868,7.4750582714140785,0.3476330456738651,1.3481569676860143,0.7729369502086961,147.97359085134485,2.015074954809195,1.2125026750415702,0.7888228602143854,0.30763061556643284,0.28622237800977973,0.6509072810840012,1.2143345311924285,0.5543966104510712,3.672723953674571,224.2861500915192,36.462375326138584,0.3666154082432201,0.23097826086956522,9.535658307210031,9.811106883223218,0.012879786226136081,2.533333
AF718.jpg,0.8856192159249949,1.268044002760615,0.9002894609403699,8.745857857475762,0.35373329435196044,1.3770435512123413,0.710419557225898,145.05918112918772,1.752095896006858,1.077070019590086,0.7693481692820854,0.2935715479778732,0.2999049350994859,0.7024455088498525,1.201598553656352,0.5164390300254257,4.2393932761311035,204.56385170908592,48.07438330387026,0.46837699819352585,0.6199384218366448,15.410623981276384,14.139088087438438,0.02270071107766347,2.65
AF72.jpg,1.0922138301635613,1.2995774403217195,0.8166212592184808,8.481380609721825,0.3885468660417511,1.376928053302053,0.9677419711573743,137.9053121944799,1.9924600259336807,1.1333916413064533,0.7702589996425993,0.29706215802023045,0.2900221200847918,0.8042636039685022,1.1833075744278434,0.5777002196797065,3.357345364437065,192.03166788652132,42.431667886521325,0.32366641137146607,0.19953051643192488,11.588949665827462,18.573713703890405,0.02563210490231551,2.316667
AF725.jpg,0.9479345928277444,1.2434484306650064,0.8874319751406016,6.802314488649067,0.39155105257552714,1.3531216684687775,0.6907484636985426,147.49201221051916,1.74986450896216,1.1359457565693947,0.7797444156624915,0.30728286057779136,0.4020886689162434,0.7418120036558787,1.2445450112504386,0.46421542540752936,4.300345117884792,203.14162412472635,60.47050387806652,0.4324091611652356,0.529045643153527,22.02052866670746,13.687830085025652,0.03909452292070192,2.533333
AF728.jpg,0.9249927706235697,1.281611756451282,0.8790641546017933,5.839006110008333,0.30086528200782914,1.3789340492309579,0.8284623537768498,143.37854859086167,2.366167784577894,1.1147828160370208,0.7741924264511223,0.30005328382091684,0.4689843705798149,0.6837421840017464,1.0941577518381094,0.4233566334757929,5.1768007318976785,180.5960077517597,69.04600775175972,0.593375164624532,0.14929742388758782,13.325668896321071,19.107228496776486,0.07592806417455267,1.616667
AF729.jpg,0.8667496505508534,1.2204487372477302,0.9131750320705038,5.637166846330926,0.32325042684886235,1.3572374584001177,0.7737838198069646,148.84395108104724,2.0732110471226917,1.163025054746283,0.7587225319818447,0.3016613711220274,0.2754143541598792,0.6900954785026974,1.3355577539125658,0.5667419619250901,5.7376667076650225,175.91837675726336,43.035461584025626,0.3446058100549024,0.0,10.630599922088042,9.91024940924423,0.052071425586056,2.666667
AF73.jpg,1.1020430377600987,1.3262951380303534,0.8657652546005903,9.001989139221042,0.36768491192670616,1.4166321055341493,0.8863859020751368,144.2944099484573,2.092935328618693,1.0846154303913587,0.7776380661246443,0.2905734898584372,0.3062336203627994,0.6204868819113767,1.2515188811860056,0.5024571250611406,3.455914894816229,189.73428134114735,57.29828641085584,0.4651147615278666,5.426732491949883,17.424965266426938,22.484949844510126,0.03805906314065759,3.033333
AF730.jpg,0.903721652170087,1.283312972587639,0.8421225763548355,7.043709797060569,0.36678313107487254,1.4272063803852693,0.8132658390468386,141.7940489520152,1.8721529147963847,1.0424602463985213,0.7592002176810344,0.28681414290479845,0.4514066408855668,0.5717884119948295,1.120415377709274,0.4747115400002926,4.418804794069125,124.8616778713292,46.244030812505684,0.47129405728530455,0.0,4.589674460794194,8.148434237964935,0.01106517973432659,2.5
AF733.jpg,0.9477389833789999,1.2888847633531326,0.872479571844503,7.633264582679537,0.4036882161093798,1.3077604716545557,0.6748096130591603,145.90643579622628,1.5835269160637482,1.1362528813164292,0.7707706770633741,0.30615543268758344,0.3375097213126458,0.7208235324060042,1.1949599445297845,0.5089646752420196,3.535011668316689,167.9544653399348,50.58598461431123,0.4325935392305298,1.1783733826247689,21.162537728822862,19.72405233274891,0.04676098922481782,2.6
AF736.jpg,1.0599520191284912,1.2716962084681849,0.8134910747117715,8.046711360513243,0.3798499191983541,1.2920771205439767,0.904710887880536,140.17994594489667,1.934477677549376,1.2093579362160156,0.7717952961916226,0.30701610137218044,0.2800804554268164,0.5213174617604269,1.2763240183958047,0.5209574958160303,8.21700609973987,136.66300238660347,66.76607256204207,0.42915668900906073,10.282983077347557,6.832496069143518,24.38322948303182,0.03480963972159071,2.15
AF741.jpg,0.9296640202041873,1.2935877677338519,0.8266062061834902,6.39027164747122,0.38101265425417896,1.319726599541748,0.8162603202592118,143.97479663292847,1.8479622998147007,1.1253247834665765,0.7687509918424607,0.3029606207127702,0.383019750157741,0.6916457284295642,1.2304700301449347,0.46386414819384764,4.9803728331481185,186.99046104029662,59.45114480098039,0.5501103909103126,0.0,14.481481481481481,8.455574439080635,0.05132708053592604,2.616667
AF743.jpg,1.0480583530334002,1.2663030026617708,0.8740232350235607,6.902524363589417,0.36567034413483473,1.4435741207556443,0.9071869800681809,142.2093341425717,2.087009806002959,1.1002710077261963,0.7618185831092967,0.29411005928091805,0.2651901839977829,0.7232860939622011,1.1518314745184948,0.5686339405447334,4.602319106280643,211.18067826007925,57.02325890524054,0.3833373331721363,0.0,14.729356045370444,13.561414785511971,0.02463004296027698,2.966667
AF748.jpg,0.9838810283259734,1.2803200418372753,0.8954832558752219,5.539578110356711,0.3278894459193613,1.4483350847803211,0.8530276857177791,144.7061075793012,2.2717218797685312,1.0667763870792561,0.7599794089105407,0.29741374000389353,0.35689262877342554,0.7111726650832259,1.108346996307989,0.5186843464784493,5.477059565093864,218.80437673498562,50.58875517282942,0.40935510422425325,0.6169354838709677,13.125330512956108,13.586029520884992,0.038837307369972165,2.75
AF75.jpg,0.9139293712562632,1.2548828470371696,0.8623656066242569,6.460904722613699,0.39882920339175787,1.3341191293772956,0.6786202281180469,147.42008396983493,1.684015256131614,1.1255657603668348,0.7798211324699529,0.30768195534676895,0.31705261432788595,0.6573997728255858,1.2208831751455964,0.5023968422886731,3.7068804308587957,187.68010214519524,51.24322095707643,0.4888449458117109,0.7758620689655172,9.940384615384616,23.25142963768768,0.04941471438620434,2.3
AF751.jpg,1.0070997366794336,1.2976744690009085,0.9110419667343935,8.732810603119198,0.4068082317528163,1.3505208568903202,0.8520032961437259,144.3654499507723,1.826314899896885,1.0908276521502707,0.7751461687911686,0.298666472915263,0.28247421423685987,0.6835848346466132,1.1623174669484988,0.5154175926380767,2.8047069861393386,212.81853705445775,38.81273153921828,0.5281048052363678,0.20270270270270271,7.019204705627236,11.81297733743736,0.09015692672407236,3.1
AF752.jpg,0.8796537949782007,1.2943194631241433,0.8684389350713153,2.662407854510563,0.24911312696720717,1.4453674491638662,0.925751215345224,143.56679349369267,2.963133936497804,1.0722691017698023,0.7379848174954474,0.2924980324623222,0.35546189740025924,0.7290983864934307,1.0902520324866631,0.5097211610624981,3.867048484961254,167.4029615962018,32.76585660129862,0.49723099870903525,0.0,30.005998141420967,12.083695784614036,0.04899915467873289,2.433333
AF754.jpg,0.887356884926781,1.2205869140387153,0.8344811324102026,9.00659573037302,0.3845774361510077,1.236676812468804,0.6626105754989858,146.28209470433197,1.6798685883023985,1.23069918543308,0.7816469424091512,0.3181163853991841,0.3715258277121347,0.7971710274585451,1.2580658243356992,0.5033916991937508,10.037091032228375,189.73758612090032,49.269688143767496,0.38482895387504173,0.918918918918919,23.23052357340953,5.294520273032944,0.024673186879947243,2.35
AF766.jpg,1.1386336855061117,1.3007011168248221,0.8314238169826541,11.007088397137096,0.42716582095378053,1.4311074383727325,0.915832338279015,139.57341799364252,1.7484154891099195,1.0714328335025995,0.7878944406094345,0.2868574755543169,0.2598904480397707,0.6169865645647326,1.3709346023017606,0.5225915178802554,4.7614876649048545,190.60402086627022,46.5318108006247,0.43624590505186944,0.0,13.491168062078824,3.4222062778861044,0.023620093958274652,2.466667
AF77.jpg,0.9577620219348335,1.2857850768947983,0.8015715001404322,7.574935689366399,0.32824606796475847,1.389316852196625,0.9027052987747143,140.24145589780113,2.223182848292199,1.1584075560973675,0.7622699096304809,0.3007466232932033,0.34397915848839583,0.7580366807483376,1.2378945573468947,0.4671242556382281,3.7527912705802695,160.96932768612402,38.45205321395511,0.5561701097655687,0.0,25.65469574881912,15.861181328691586,0.04282983965971284,2.666667
AF771.jpg,0.7919245418594395,1.1888772392494402,0.8226800289081689,6.169096310244353,0.3684447470623303,1.2941062323146717,0.8029258564033152,142.31567016751046,1.7836820143860381,1.2096728495837104,0.7658087378846129,0.3108462277332153,0.3652658038806356,0.7195474581932048,1.1841903504394475,0.5414872907155497,3.555248413625102,187.71042847379135,41.91388336822513,0.3791429492466043,4.395330847350047,10.209673049132949,11.300511805787522,0.024494384693599096,2.583333
AF774.jpg,0.9283121187269708,1.281761778347171,0.8416662395222543,6.50801210776358,0.40656597228079405,1.4730136167247885,0.8294270976101079,142.67364742266176,1.7513760190683663,1.0294786165404028,0.7614684129078974,0.28346400304405167,0.38198382211313775,0.6124780271609919,1.1803142873141668,0.5046743507929702,3.6178785999535115,203.50618649907153,60.35845922634425,0.44199793315295144,0.776255707762557,10.520873427091043,12.613799473406274,0.01542351866500613,2.883333
AF78.jpg,0.9348694528265652,1.2448518904490755,0.9027092888815166,6.267945718245521,0.35927752829438053,1.2649979624741827,0.8317013828413825,144.56443726777678,1.9549592947647736,1.1756512508608534,0.7609859358076605,0.319522168457647,0.40375657846059193,0.6241275062829702,1.3217579508022799,0.43962693934631164,6.1387963550185916,197.24306695427964,57.161372551859074,0.49319952538115774,2.6007253873827274,20.49711064797272,13.049482888575767,0.013216288064905643,2.65
AF780.jpg,0.9532050979063988,1.2521936538425311,0.8742210521125283,5.662866307350729,0.3548186548347707,1.4181524281336395,0.9109663222620697,142.6757049388566,2.0154791459766837,1.1279688755150337,0.7629899858297922,0.29700112241580884,0.27352986306016397,0.6698216560643921,1.285719147827882,0.5669657253410515,5.014461034116019,189.76986114862746,64.46036165935269,0.3624733455505078,1.204724409448819,17.16212078129443,21.011374517834483,0.05347817304365414,3.066667
AF781.jpg,1.0128486256332894,1.2568786197438844,0.8733429928439504,6.172596297325482,0.3003050093775199,1.3081103755981094,0.8642720672469777,143.6454001005908,2.452556028870881,1.1559760088516127,0.7785968334984928,0.3089427136096083,0.36758876421232567,0.6152468146986241,1.122405421127877,0.5006918377387499,4.807557000798614,192.7270923298396,46.85643260761739,0.44008758624866917,0.3315994798439532,9.462455902676751,14.621990681911058,0.05697706422081824,2.516667
AF786.jpg,0.9901936671583219,1.307229200216732,0.8627828955542027,8.373482884187105,0.403541281846571,1.3286484645501466,0.7662462701934001,143.36421135257436,1.6902751265156422,1.050695207450233,0.7679121019316778,0.29629070498151094,0.3766828717471621,0.590495666032186,1.1212094807410575,0.4685066334044783,6.082809774862498,215.75293751740514,38.29179762103209,0.5794666644681596,4.917176820668598,7.27538136075589,7.793635733220697,0.016303592311557306,2.85
AF787.jpg,0.9592386717315232,1.2619691692034856,0.8548965813619033,7.983705996334971,0.32305999777587247,1.370115669734589,0.8885402233535193,141.54066427884993,2.1328014247894935,1.1410765473499602,0.7669339722376961,0.2953746125223801,0.35633571659764757,0.6981756036297475,1.309746210139128,0.47538682509403957,2.9545640193711797,195.09967636626175,32.272823835080516,0.44882846592742665,0.0,9.01611261872456,10.45917110022755,0.04415199174814617,2.366667
AF791.jpg,0.9766926410358201,1.3071730889417428,0.8765086826458126,8.766870872754202,0.3622709727933284,1.3303286052221899,0.7608905079446278,144.88795488233342,1.8470264604389,1.0660740134576212,0.7829984378887573,0.29622571608647796,0.3517004150179747,0.6458896839816238,1.228279476909992,0.5050255810248463,4.6641390367146105,190.85929222894154,40.491601445988124,0.4258356885908166,0.0,16.54054054054054,6.598093974430398,0.0808666138098463,2.683333
AF795.jpg,0.8779220642115045,1.2670004425680337,0.8869187215931946,5.914231084152631,0.33739395846024106,1.4277637389615985,0.8208991273196143,145.0050176511288,2.0157486349716294,1.1118822421235837,0.7439978609215839,0.28852383252808234,0.3157639191058976,0.7784683579322846,1.219403603151026,0.5511876411927884,3.273624061843461,202.2468937888963,41.154695207336005,0.36998410239009677,0.0,15.348322629747132,9.103050978410991,0.03270983437953438,2.566667
AF796.jpg,0.9500071000762392,1.275149709231557,0.8577314758391023,9.242645297163413,0.38522063540994467,1.3556173356686332,0.722323816937417,144.55000677305154,1.7507793837120098,1.0797862962602345,0.7862227138208965,0.2923932446904392,0.35526581613958025,0.7319687764002021,1.2197245967860901,0.49119991785853223,8.067145565725092,189.92574713662043,67.50445436095504,0.4653761666898266,1.4206128133704736,10.99297203303869,14.537477138552873,0.042760822621735924,2.566667
AF798.jpg,1.154704585859665,1.346851008907886,0.8519404000312149,7.617914454356564,0.3892923043654327,1.1970266577893098,0.7438912908196094,147.9256206006655,1.8667403006372558,1.1105925548801363,0.7982985776027378,0.324183146815214,0.4038861102473364,0.6011056900706607,1.124960347163295,0.45208137895729705,5.140837159654615,210.39230745035542,59.160728502986984,0.5211554666897207,0.0,14.473703170028818,7.615902151393755,0.07966232070416253,4.166667
AF8.jpg,1.0605849463189843,1.3148412098270215,0.9353235396670355,7.93768286373159,0.3592764249518579,1.3381872920900308,0.8141347820146452,143.8010954125496,1.9256683534091288,1.051666078766046,0.7569601707110235,0.2981448657132089,0.31684745077531523,0.6884657152264583,1.2256625005375854,0.4757106939208549,4.072993210299398,212.10824315497732,59.67912923092669,0.5186358669333944,0.0,11.726373314258062,16.332121360105518,0.0531279602144766,2.75
AF802.jpg,0.9057195672509225,1.2651988981969893,0.8785971069838937,6.162589137743036,0.36508362549194595,1.4055089707173718,0.8776908451193715,142.80238765247594,1.945111035958863,1.0670639070736727,0.7427418047125679,0.2902907205492185,0.3124202558372254,0.7777275531583728,1.2541965824004364,0.5259181118316067,4.324491868968689,198.81590441789388,52.91939730275803,0.4490487137437953,2.570564516129032,13.280590062111802,3.745633870712325,0.01929559720073877,2.783333
AF806.jpg,0.8363576096266397,1.2139809329079971,0.9105610139280678,7.162371847910422,0.3324855349217991,1.509220764316648,0.814691784703322,141.6852904165323,1.9686576210335434,1.0816081255528103,0.7279864637325588,0.2846308216670702,0.34582731780482334,0.724039501936316,1.1233880399471043,0.46530980094475266,3.33542836225256,200.82207876343728,73.95962523183877,0.6076136374774354,3.8149606299212597,16.64478550295858,11.106009425709587,0.020027791234911142,2.2
AF809.jpg,0.9312918138118688,1.2289895237103217,0.8634266221166614,5.999682700938271,0.38462609106397494,1.3184148184925861,0.7975500020176655,145.53517122059972,1.8151649221621642,1.1343752217629848,0.7547498768979409,0.31024924777180307,0.37645800911124294,0.6131960794003051,1.1791649304259646,0.49508896048352236,4.09072968866753,188.76414135234074,46.135264346993154,0.4677400692527768,4.406907695354461,27.358674690938223,18.987871733493634,0.04426960555866312,2.833333
AF814.jpg,1.42032495106559,1.396178532232261,0.8489860213354805,10.34807875695885,0.3766754655338753,1.329081564297639,0.8720403117890811,142.8074401477919,1.8423548289890634,0.9955634879209971,0.7951540406187552,0.2887147822494765,0.3143570622958076,0.4889561215934425,1.0804578988089684,0.3969635832809087,8.041873883601719,207.4561636306533,68.47541754160395,0.766302804775501,0.0,36.083457288567786,22.349307198528194,0.10597423181818286,2.916667
AF815.jpg,1.043166586096843,1.2883446083067782,0.8691437691604628,2.9245614489532423,0.20784764579535023,1.358677086385452,0.9045262977623082,149.4800586921816,3.4655569187924127,1.1056415491959513,0.7771369737486944,0.3069140872855224,0.40354536711234246,0.7958459396407784,1.1005546015071253,0.45434152963032187,13.047215684616054,156.6603744304385,24.51175982086673,0.4971032511237432,14.174281997726686,29.85205831903945,18.283474248939626,0.10087208033271713,1.316667
AF817.jpg,0.8577502051368946,1.2487280816953463,0.9000518420223732,4.655739918146576,0.3583395507681011,1.310707144531494,0.8284760615471838,145.80720024066568,1.8854038402800788,1.1770537305849937,0.7400307150668053,0.31722981310603904,0.3946791407853464,0.7796674948327896,1.1769446964352968,0.5250668509836972,3.682658778533659,219.22032981728722,38.848901245858656,0.34378484483208294,0.21869639794168097,13.629938124702523,4.992307464827093,0.03138317059126713,2.666667
AF819.jpg,0.9890595050784164,1.2999844302942727,0.8370735352453634,5.815992557273491,0.3617856930294229,1.3059181758665235,0.8537188213471781,142.77533955706753,1.9942569098095717,1.1600432708668704,0.7743661540006089,0.30627045050354673,0.3194734169830076,0.6077022373231965,1.261821723539966,0.5293214829944385,4.272866345500668,229.1287573605577,39.63481062932283,0.3917849301961375,0.7369942196531791,14.771707519734111,14.136872216987172,0.032049073639411195,2.966667
AF82.jpg,0.9839335843909401,1.292485201691845,0.8475040498949697,7.3322504387820615,0.35673118700844975,1.3146766804543506,0.8795330519025181,141.94477778236927,2.100702415421231,1.169676693049394,0.7689823307217307,0.30964443249730766,0.37613072197594194,0.5959285566715192,1.233914806982896,0.46677184015732176,2.52356996015548,217.9118777209303,43.16609713021302,0.5099979491046882,4.9438775510204085,24.830445282583177,7.220544460572384,0.03366252666915145,2.5
AF822.jpg,0.7851843410824014,1.2004941280512216,0.8734535320180167,4.191728228102193,0.2869436999433978,1.4458363570901431,0.8775599666656887,141.88913386377095,2.328554039353193,1.099472975355497,0.731732979580185,0.2868153702333024,0.3985492442340289,0.8270596300825688,1.0553321763439925,0.5279693269299542,3.9130677472761923,152.73611100778652,71.38062662027652,0.43208847731615474,0.0,16.615330940988837,20.40348741828133,0.059301318999895394,2.15
AF825.jpg,0.8961902688425366,1.2796339575579372,0.8366214030379129,7.051256660248743,0.3462342328539804,1.2696152593364367,0.7665017935018696,144.45398871917843,1.9050736320532076,1.1751613849852147,0.77042059864844,0.307564442992601,0.3181816402453941,0.5747204548712063,1.2335960461737687,0.5278275418632554,3.426551103224658,204.00643861533598,43.96277049306522,0.42946710274166844,0.0,23.45938318887321,14.893486754621122,0.01548107635250488,2.916667
AF828.jpg,0.9456238742122587,1.2859253580348868,0.8663751510478388,6.843982550854171,0.30770585118857363,1.2454208129779172,0.8234819168687721,143.18764487133478,2.2559243895915237,1.151130269768464,0.7732040408884335,0.31267621499756204,0.4454997051202935,0.7550246759554011,1.2266407800067036,0.46136479885471476,3.701495904684684,208.95686150528746,65.73553896817546,0.4390146398217543,2.5349067818010482,15.16338063742127,11.489605466640114,0.012024539954977828,2.283333
AF831.jpg,1.0418878467960122,1.2916494949170834,0.8644003630818764,8.6013239907447,0.39159855304074187,1.2408183598350515,0.7609657533127966,146.18357501134028,1.87032995549706,1.172774767474606,0.7894655283754497,0.3174871240163628,0.33206120004239026,0.653436598018013,1.203831256047102,0.5128404511137802,6.041867473346075,206.49013276681157,72.96210916799151,0.42698262459746744,0.37730626097439524,12.548937289026853,30.192944004919852,0.07855261739787156,2.383333
AF832.jpg,0.9909386282476332,1.3049720629578903,0.8652451122547009,8.184113062643965,0.33916191316679717,1.4435269935352153,0.8163540651889124,143.53317682028387,2.0704366440589688,1.105707144544918,0.7908021483798418,0.2933646133058792,0.3238682166577706,0.7761541559449853,1.1780421162948276,0.5357369659231169,4.339143736705909,205.35230817081077,61.33316941482991,0.3789109912963255,0.4811320754716981,12.13424548536636,9.153618642117507,0.021819239110988032,2.966667
AF834.jpg,1.0915692671609103,1.3192051060975085,0.8727289648296355,10.161173076039164,0.3974046021912572,1.3579062778983728,0.7714117004200495,142.83986250909948,1.8120685872290163,1.091800377602223,0.7854510279073114,0.2985577538874395,0.3288204581389049,0.6252459297857258,1.155163539534095,0.49166563382566536,4.647681700003586,175.9224162337822,43.65682731923255,0.48589896806869665,0.0,7.112079944303883,14.429171488751422,0.08524041011867178,2.616667
AF841.jpg,1.0113583884952926,1.2671667907532462,0.9419401947314499,6.764254283109446,0.3741100188487171,1.339274624072207,0.7529577358795536,146.99433012036422,1.8248768234843136,1.1157657113802508,0.7657157296351507,0.3111148157439406,0.28228813080655735,0.5557679927486006,1.3154587972436331,0.4805099326777417,4.709440364088948,181.08777107638903,36.899148321898025,0.5221824011096453,0.0,17.3103509393832,12.14173464176507,0.02232579217912071,2.416667
AF852.jpg,0.9503105681462516,1.262574978551075,0.9162326267834975,7.775371187481156,0.3994781797804673,1.3586933973342044,0.6773208802034353,146.5254775144766,1.5927311424606485,1.05831807660976,0.7539571772707592,0.2982088731792284,0.3059206834106363,0.7430417873426332,1.2736278163414203,0.483226328777906,3.487613381577728,215.19739173984442,49.94766920932278,0.5357227925232674,3.4871794871794872,19.968814968814968,17.271142548120196,0.010110900068439548,2.8
AF853.jpg,1.1222706441126948,1.3263917427648118,0.9056840450510427,8.420709265300692,0.36436289884080775,1.3071012269668152,0.6894354114640443,147.74696420551288,1.8900210020183466,1.0782989996650447,0.8042887340093375,0.3031779920235145,0.3616345766851258,0.5642818710477361,1.1976247680674048,0.4257717905446718,5.544233258109108,209.3034669785054,55.76348579318085,0.5999892655665489,0.5641592920353983,23.037101140549417,13.455048457674422,0.05212397120785036,2.516667
AF854.jpg,0.9499357569187463,1.253900357803291,0.8874279179142358,7.305655447897909,0.3298634474063382,1.3718161309124908,0.7179682670402361,146.57951252832123,1.974368501378941,1.1458074986171445,0.7878860567186342,0.3057793617381857,0.32844761953817786,0.7440211588888349,1.1651973268942188,0.5216231675192307,3.4683834884667,195.53668037553496,59.88345456908334,0.39224750754325977,0.7203389830508474,14.569350334791269,16.5229182561591,0.019710019661706147,2.8
AF86.jpg,0.9566501634107262,1.2816548317516705,0.8769311619811067,7.906967804491699,0.42404420543658855,1.3275287146303512,0.8010485957646772,143.02168284434777,1.69279160738299,1.0905191884707244,0.7602124743106546,0.30532593584731665,0.3194780427203228,0.5430983011717052,1.1635702997157844,0.47239078533695267,4.817728445478486,204.46148994241543,56.900742278864016,0.6335045109465347,1.266235399318169,14.459994457421118,9.908788123045127,0.0497161744963978,2.333333
AF865.jpg,0.8970700564292196,1.274610471383148,0.8422674607892041,7.0591137975197356,0.4014843582351224,1.128324509655558,0.7378177696883597,144.902204654282,1.6514697288482436,1.268887607706867,0.7818236458412668,0.33215858804359616,0.44326023342546456,0.6582368063249555,1.2402785649871861,0.47086781724897125,4.883699082520024,186.07456930846166,54.442751126643486,0.4117419701028629,0.8190578158458245,13.943398295525753,18.368764996687204,0.060545277316383705,2.4
AF871.jpg,0.8948452975692921,1.2831744597533792,0.9135292305984244,4.983284879229091,0.35027540404786206,1.3770096488406527,0.7802095553618802,146.95236391470502,1.9859267593551115,1.1083943218778085,0.7574154191855329,0.3013993426621359,0.370440557053672,0.6587887422957579,1.1443946776140879,0.5293369638888341,3.94829093442907,215.0368573388244,55.0027664297335,0.36760931553055504,0.2164685908319185,20.999688192904657,8.827318847048517,0.030748473562878326,2.8
AF874.jpg,1.0093956107609559,1.2866232862481286,0.8888395540642504,4.654479200698135,0.3314874424273869,1.4353706895066556,0.8374949519088912,145.70757843042946,2.1983719262051746,1.0752093356165708,0.762708325822815,0.2981059725912733,0.3549586251277554,0.7004784942331217,1.1019113278375567,0.5194182445991511,5.814720947850979,218.01440061378912,49.7621662543055,0.4019942868441409,0.5479942693409742,12.770876629510674,13.735378740556214,0.03660605075340557,2.766667
AF876.jpg,1.2198450920332367,1.3794320653823635,0.8327441779413172,8.756012625626962,0.43411546147615493,1.2694325667037358,0.8662073564504132,141.2973686034623,1.7251297462800077,1.058743193432599,0.7839800361518879,0.3084933838288165,0.4013330923459808,0.4902429256855706,1.126211812905434,0.38551674378678447,4.790826029726552,179.0145144620131,50.33690687630923,0.7391928689345314,0.0,8.034119407814902,15.367813249522428,0.038305454737165526,2.75
AF88.jpg,0.9013603348186667,1.2821116676516635,0.8578814974605992,5.661769924913838,0.3669310285716734,1.3516506224258344,0.856302429276188,142.9325977867199,1.8643429665938056,1.1537238990155243,0.7563392587432517,0.30693909904515554,0.3334594477503374,0.6906626431060019,1.2198292443646466,0.49926318483363674,3.7947467579843366,180.48468848996833,49.89945603782613,0.48033276699599453,5.630914826498422,20.43131868131868,5.936583852379442,0.05081669936532792,2.4
AF884.jpg,1.2468159628961872,1.3251939490081979,0.8767793821600157,8.614627424734424,0.41232544413788075,1.2883572682332953,0.7770885600085354,145.2562092613916,1.722326764628138,1.1079260436538376,0.8024221527327747,0.30380466760553376,0.3082851189472563,0.5285608918364944,1.2437715219468848,0.4438161901370489,3.8451462965927536,207.6019390339594,35.714158485330984,0.6010788007185568,2.949959644874899,4.636363636363637,17.11608740547797,0.14722372181106877,2.45
AF886.jpg,0.8973745332803228,1.2944430246746443,0.8927375993748002,9.013737151162772,0.366249218859363,1.3654918418464084,0.6886324935126938,145.43774639964082,1.7593339861408983,1.0598593450226161,0.7862382167556121,0.2925589272783673,0.32708122777711507,0.6235923998303138,1.1939372555990844,0.5086106819346645,5.809045586857515,211.14588197454574,38.55883403510083,0.46620380396828665,1.3554907161803713,8.912634847989539,14.958171457404248,0.019901485552424793,2.25
AF888.jpg,0.9978297869916042,1.2892614859565803,0.891155474320842,8.54536324651211,0.38125898544437303,1.3299471212348506,0.7728864736013394,146.61719581187333,1.906276356763303,1.1246897838649574,0.7579068290341423,0.306497536630084,0.3500028611495387,0.658545060580364,1.1643055491729641,0.46625404296401174,4.7082941642748235,178.42190073504662,62.943359962514435,0.5625138036295659,2.7598722928836854,17.049718785151853,18.11431452815009,0.03582187407251612,2.783333
AF891.jpg,0.8947809307149612,1.2250338133505105,0.9191101590305678,4.573233536891779,0.34432294877811326,1.341909335997555,0.886595730903611,142.80971580779845,2.0416750551454554,1.1356844195401525,0.7469561252102445,0.30983993424953854,0.41244148875051334,0.7075815871282016,1.0985423139889547,0.4558079545258695,3.5572754255206807,214.8862437891564,57.10289698236579,0.5642711702531128,1.7465753424657535,7.804545454545455,7.916076256667495,0.030599894092532665,2.283333
AF901.jpg,0.9601812292367586,1.2601148329397642,0.9359890389841663,7.9017844885408035,0.3309042533216581,1.421311150627668,0.7384507187797537,147.36356539794326,1.9952942801718248,1.1028162773381371,0.770401243705835,0.2976937973992868,0.3398777760246076,0.7287492732288545,1.2460950703011684,0.44241654000376224,5.679882433537765,190.77639130354976,56.73453779084423,0.5630350547689804,0.5456490727532097,13.958814822509023,10.692555743146144,0.03766605375057432,2.416667
AF903.jpg,1.1132826120219086,1.3053135439826455,0.8732007631786283,9.088536382988893,0.3785863316429379,1.3180579266308032,0.7495630626709121,145.92018574127005,1.828802013764583,1.0798498416391344,0.793691711286504,0.3071955413828909,0.30685772679322376,0.5243702032442317,1.2198325695055146,0.47758313569666216,4.60603096413288,219.27221067548416,38.83758170021915,0.5563203266208838,1.4655172413793103,22.875043791602025,4.8664170596853324,0.041189788533314745,3.066667
AF910.jpg,1.0396908554735442,1.3013101692663975,0.8582119658769225,5.987059725111212,0.3383452701630627,1.3695627480271295,0.8868418897697938,144.3531103067636,2.167056451570408,1.1336545307755486,0.7742533431290122,0.2964954186013416,0.32924991399845877,0.5876685697145386,1.2157045515367328,0.49654089389525424,5.194771710644282,201.24112286009557,70.8071079902071,0.45263766012642176,6.6891891891891895,11.984051036682615,24.616074521750818,0.03385806552185829,3.216667
AF915.jpg,1.0500115735330973,1.300263985189103,0.8721649539557383,10.575646374188334,0.4035253248035567,1.2804261197111158,0.8028506700081468,143.2117877568192,1.6965495921861513,1.1393105682135174,0.7920121387346988,0.30298689636713066,0.32970580204267874,0.4838672936902063,1.1624738766248666,0.5234571239602681,5.355202479318371,222.62028107586633,64.47412011379416,0.38851029984471996,0.0,21.033940640611227,20.49984869134944,0.030886441334073728,3.166667
AF919.jpg,0.8845375394578466,1.2398010974378078,0.869295964674456,5.415528215092374,0.3075198095742063,1.381816515995652,0.849347834467348,144.191592324007,2.2845498968048092,1.0946799451896494,0.7701794545476033,0.2997352580553494,0.4848734747625408,0.6503497006803554,1.1253918015721622,0.4845015514928894,4.858607057783653,217.36371887070737,42.38834508003015,0.3945666826793047,0.0,13.824425366934367,8.365763557355848,0.056736410210618295,2.65
AF920.jpg,0.9642970249245911,1.2747178899271792,0.8597574265907869,8.78661197218764,0.37868281505562396,1.172866740174153,0.7160935665649095,144.77200349375045,1.746351757348016,1.188248775993187,0.7821535692244432,0.3234518866193333,0.3942879965574956,0.6240363966791409,1.2829648042117736,0.4757143708997908,4.2337101001113036,212.4256523911796,45.2714316119588,0.42144489705695687,3.096399365985601,7.973022788203753,12.17249188109615,0.007326384322225076,2.6
AF923.jpg,1.0516262321959289,1.2584035757898193,0.8373487159070997,9.042480919422122,0.39765907013950663,1.3280005758227431,0.801594409653993,144.03373755543862,1.6850342049286606,1.1076799394609746,0.7830975128422171,0.3020596070647608,0.3916602274225959,0.5908896140772747,1.1550178969742066,0.4640954481198565,6.409482799470165,126.72625277885525,32.949083115055416,0.4510639193812789,0.0,1.2911392405063291,15.330425716546358,0.08494708925559281,2.766667
AF93.jpg,0.9657625533293734,1.2673251373564172,0.838364012322944,6.4625612618776325,0.32631700517351236,1.398356679932061,0.849847378731055,142.99542855610892,2.142080538735596,1.1462655372380135,0.7692737617488189,0.2986577266840776,0.30170969683270393,0.640259470266803,1.1578424196141304,0.5115715036230132,3.4980140618718227,202.49805448255609,39.193750178251776,0.501280053503877,0.5683506686478454,7.631199731903485,11.115898819339435,0.06992922530366306,2.533333
AF930.jpg,1.1468426322784502,1.386044303079967,0.8762187530925344,8.476343361653207,0.379359669629282,1.3285768711107873,0.7732821559439894,144.08800035200895,1.8557653442220192,1.0426143743629097,0.7857548182340919,0.2986503272169966,0.3638323255092013,0.5896714515667913,1.152664355195017,0.4663397639733277,3.8657737408790287,212.91925151475237,64.75920611180118,0.5025559945355244,0.4022082018927445,8.59766057585825,10.5139021122219,0.07831166251530672,4.016667
AF935.jpg,0.988677820463682,1.2554750046708922,0.8350146300999021,6.980679229449718,0.34599387435471796,1.34317311976486,0.8422429565769003,144.54487592597678,2.053294257695983,1.0772400836484004,0.7725100877365331,0.29910753553755137,0.4378008795856189,0.6655360440001173,1.0666886251452377,0.4903201912165385,8.550517269173294,190.25075222297514,58.44182365154657,0.42392024005594925,0.0,18.023226773226774,11.226421713675308,0.03403674104895627,2.9
AF949.jpg,0.9769602345198387,1.2727780094377026,0.843748976756171,6.78624081205238,0.35817517470550897,1.3203375460929656,0.9201911533046638,138.76586909557074,1.972590781762833,1.11720788593905,0.7556092145559521,0.3021946455645244,0.3444845791819999,0.6311567220293769,1.199995549690574,0.50063813090046,5.256091380518846,210.860726551328,64.35558155600529,0.4758405540111824,2.2613480744179832,15.961925287356323,14.779094367419987,0.04532635609211109,2.783333
AF960.jpg,1.0435885494324386,1.2898259768071967,0.8328730824948501,9.493952255234241,0.35708153188242137,1.3839264930164952,0.9136260634963526,141.2687945170684,2.1342929590432136,1.1486888604368437,0.7877623817960384,0.3014060087681127,0.29821259749569234,0.6108807835907668,1.1714781546684543,0.5412208723331069,5.7494916831867835,196.3548894804244,51.6386423408363,0.4128720532456641,3.326613384546417,16.010744006955658,3.0315187124737832,0.01470892895807173,2.416667
AF966.jpg,1.4431585772265578,1.3719173736397143,0.8729491798217383,8.894299413716269,0.37167668479907134,1.3010733038133904,0.9223202059887996,141.655805633923,1.9222008628766118,1.0735240370360086,0.7722897469616379,0.3018521400290301,0.3325727552822338,0.5359496989840368,1.0056612520801522,0.4196125209407542,5.9445353879604435,222.22632160214965,78.49662074744879,0.6945036093494544,0.0,15.093778360391248,20.05501483856733,0.045886141864445125,3.033333
AF969.jpg,1.2794278798565313,1.3556140819769724,0.8981837836614853,10.714163425993393,0.3994852595455134,1.159482379933442,0.7704152138813364,144.2289946375758,1.7771259497716152,1.1685653643564657,0.7955721380838606,0.3338895299139262,0.4320278885721517,0.6726142379733432,1.1420959395443815,0.41901230916658766,4.62534589700167,206.60703846764056,48.84350992798156,0.4926109162897131,0.46703296703296704,5.444218032477511,7.506527768138383,0.06796138934955212,3.783333
AF973.jpg,1.1323215191235851,1.309592023274255,0.8513257498674769,10.249366704613983,0.38172544323645385,1.3707666120139976,0.8182256508136568,141.26534958159283,1.791446245699656,1.037064864553395,0.7924826696093251,0.2804325038466354,0.3386998928685381,0.554721805995534,1.2035110879452555,0.5147491615108202,4.769034610065752,198.11118958592994,50.8531596073432,0.39295738660950746,1.11646234676007,14.630807268879348,14.864398644372159,0.025146114470778785,3.0
AF978.jpg,0.974162426790642,1.2728295612872493,0.9240125932962749,7.045713638314496,0.32809602434999646,1.379235980180244,0.6996674044365759,147.5176681935345,1.9925684954827403,1.115484670425395,0.7945693499911356,0.29836299178246306,0.2908494350292061,0.7346219429018925,1.2092326070942543,0.5271866160109072,3.8240835213028914,205.70196957115908,40.61478561300737,0.4078770590466208,0.0,1.5917878578024007,3.925483835030647,0.04197455082457702,2.05
AF982.jpg,0.9378861006882633,1.291447367302588,0.8672945809756885,7.0712904773261585,0.34147227844802086,1.2111125704809202,0.8051124573088912,145.83148382560935,2.052354339538439,1.1868625184768775,0.7771379694027716,0.3292547112680299,0.3488562512736662,0.6494009514318843,1.28296711792822,0.48185242393529565,3.9320178183853782,184.4925626613481,55.06191389177317,0.5039887755570127,0.0,16.029891304347828,25.835877485315308,0.021273905117913886,2.883333
AF983.jpg,1.0895102080285037,1.324361690022965,0.8548894676529988,9.111280574634662,0.3912741499136312,1.27495151641336,0.7628379554872179,146.75144012730019,1.8240323007332186,1.1580961676930557,0.7935526004866799,0.31681920474446007,0.3396422516587478,0.7530612340675709,1.219700132395076,0.5042960720000336,2.3805607318834445,209.6901325170556,53.5131413666131,0.3994991010190591,0.0,14.946859903381643,8.941182414626553,0.014986118507311835,3.6
AF985.jpg,0.9892967106843583,1.2665575464713934,0.8703011940835903,2.443166808413006,0.20419597220722457,1.393828107912579,1.0076479183480713,141.83428939338808,3.43900457658849,1.1143843310951773,0.7445263928167688,0.30049717222053063,0.3493097074982647,0.6100929108463047,1.155894784916352,0.5087298258294968,6.699323853895197,176.35824665043398,47.90007174549103,0.4051265670029814,3.127732514948912,9.813782585163025,15.345484898771986,0.04376336014201102,1.6
AF986.jpg,0.875370148778333,1.2548803725592466,0.8814596195406628,5.626145233029002,0.33711212283469727,1.321338073146601,0.7774471505470439,145.55606645419005,2.0310278821383996,1.2221553473901876,0.7655297132187115,0.31149541917920837,0.2846405591171589,0.7178660201422916,1.2340999487423987,0.5252014120641615,3.6531941862999657,209.5457892613485,47.50497293481786,0.453655350371793,2.772912168336609,20.973694274475527,14.38870898000792,0.04303427149236158,2.183333
AF988.jpg,1.0088397562416571,1.2524824527002,0.8779779902873505,7.2788034730517985,0.3328834515994733,1.299099785340042,0.930624658111818,142.2318322537085,2.235721587839788,1.1354819061446384,0.7758053290043203,0.31050118883890954,0.3181936416271906,0.5919842669376105,1.2028666430669872,0.48866405953761116,4.632114919701663,199.19326384192874,50.3593288238782,0.5415895701804616,0.0,3.7220842050209204,6.0583804228243565,0.054864875113125246,2.433333
AF992.jpg,0.9792289405578156,1.2959613479955157,0.8467467284302553,7.233393210553302,0.3320980896561374,1.4227052137912055,0.9023680974154539,140.81769779192302,2.2527698506799645,1.038469447063074,0.7821279237012202,0.2857871926965284,0.33275600464237703,0.6810966972745277,1.1931461865838089,0.5434582600346572,6.163564049246227,193.25408860343725,53.743207774421705,0.3927899011346933,3.5966149506346965,12.692788461538463,12.710693689781664,0.039566466520386964,2.666667
AF993.jpg,0.9564302996598428,1.2345007637615346,0.8806749083040734,6.021838832377442,0.32409483360171176,1.30855662451848,0.8436724497903885,146.36339077645226,2.2337885046967854,1.211479607349473,0.7545909569009216,0.3156622607009096,0.30156748734315136,0.8290986087054073,1.197585479059773,0.5242864044591329,4.216102362556174,183.64557175564278,42.890701625772635,0.43847201195018404,0.0,13.55866339855104,14.288047231356458,0.026068152915035857,2.65
AF995.jpg,0.9959132301256769,1.215726355756926,0.8465493818249177,9.999118733681915,0.4300632582080292,1.3348670849640338,0.6890865997794312,144.78180703857623,1.5563814829136204,1.1228186856961648,0.7888339738879289,0.30039870720102524,0.361490827606838,0.6449224725620626,1.1428426701686765,0.4833056260643222,8.620072360102789,138.05860589979574,43.891577700229575,0.47514097565443203,0.0,17.615131578947366,14.51468057029166,0.03955918579434549,3.016667
AF999.jpg,1.203570365349781,1.3769609169282957,0.8766479240110795,6.035824579465674,0.3517983470424636,1.219972342623983,0.6351434481262423,155.89755570807176,2.0054370623094133,1.1631251944733016,0.8227371999135827,0.3283764085946784,0.3729382506665561,0.5377965051097997,1.0726046372044762,0.4450252135762063,3.1609161844492366,201.95128527044614,57.941230425839194,0.5642615099640866,0.0,10.728273561751953,18.976175122801422,0.14256905012410534,3.5
AM100.jpg,0.9613155648732806,1.2439079633570054,0.8377776747034926,5.745019172105602,0.24385212363019176,1.3902265582427777,0.909360630776618,143.28041375897445,3.0406201856312527,1.200006932534147,0.7889975381530515,0.3037029389375804,0.31557138411760877,0.48549891604206286,1.2070452664850655,0.503944548675372,5.9442274899686,188.2018246763643,57.86264338981462,0.4806961564331777,14.454574484391234,17.660793528293045,12.444992661027612,0.08878604899013035,2.016667
AM1000.jpg,0.9735855565324188,1.244353091887947,0.8169096131650515,3.1347296419958903,0.21280357369427633,1.2639012037534225,0.8815611268610399,144.6996720466105,3.3788414763075583,1.4088346778627867,0.780097840651502,0.3319797974872856,0.2518974280682341,0.5610456917348721,1.1979551448574253,0.5671831421477274,8.273020398769747,149.713238966869,23.915650680908627,0.3633494973085803,11.997607655502392,12.968121046578494,22.115050481994047,0.027008915502729103,2.766667
AM1003.jpg,0.9123453987733255,1.273953757447572,0.8883719177829333,5.9257575775596765,0.3327783933271905,1.3886154225654526,0.794288092075445,144.85000328335047,2.1489991877772305,1.1557356001406163,0.7618369050833135,0.2968171874356099,0.3468012968184079,0.7493860405874979,1.244507951307976,0.4947564954306087,3.3964516453099938,189.42663211071522,62.08607483517342,0.43298726376990565,10.66550675019062,16.654098360655738,15.613160636452633,0.04154655534611533,2.466667
AM1004.jpg,0.8225906630185719,1.2735539599487735,0.9237235618559632,5.680831289787216,0.32024575531556276,1.3964575251745128,0.6767725455189451,151.67951098746406,2.111090966791964,1.188352516661424,0.7865431098971205,0.30304701333151196,0.3287681544294334,0.7044405815977459,1.2529445177363197,0.5209729714123423,2.612335109133932,187.7319399533446,50.46123115744368,0.37900931116166237,0.0,17.777733881163083,4.949818568604272,0.024595846822959618,2.3
AM1005.jpg,0.9281714466014249,1.256536851105943,0.8554205395686297,6.528539445571249,0.24260949937356122,1.3906132476793538,0.8942656489071418,142.92514166071663,3.009139687601311,1.2277617328218935,0.7892041079057881,0.303948021696233,0.34174029455650823,0.7766448850885438,1.156074913200345,0.5672218471139793,3.21929064809712,217.3104818455798,49.113064871410074,0.28843685847917816,0.0,11.6737012987013,15.46171738306684,0.01068566888142992,2.45
AM1006.jpg,0.9779963896578142,1.207630521917488,0.8418172966593116,4.57118333347046,0.27033484759624127,1.34712857017527,0.9333444307081253,140.78505746750022,2.5837594876550334,1.193490327962555,0.7626491140283891,0.3046163073110105,0.27056130256453476,0.6830930621607352,1.1308361535727651,0.5345004552238921,6.801738234195854,121.74375430933534,33.665102623942076,0.4805657301903736,5.207117852975496,12.695950468540829,12.60162311680071,0.020632542271635156,2.233333
AM1007.jpg,0.8777441826417226,1.1805921793283423,0.8853665980227704,5.948239946331818,0.3045015409986198,1.277492091740316,0.7424085395873783,146.75158733324304,2.2102526169558288,1.3044235989555732,0.7906724897039894,0.3220580678503516,0.26676751804139287,0.6701849000415558,1.12306324174356,0.5488857060348111,3.59840397206964,175.1778399394197,41.16615769642905,0.4493073824944135,3.9583333333333335,12.246930181535085,6.828662793077839,0.06436954811948829,2.316667
AM1008.jpg,0.8253421166446453,1.2517926463098925,0.8411459398970489,2.9267540749357472,0.29486806395175846,1.4337324952993737,0.768204020503973,144.26392163075633,2.415814873744423,1.1760871761713834,0.7694448158541596,0.30417084489712487,0.3681497571503953,0.6936495445688973,1.1010464796862103,0.510444213506611,5.1220516254862485,198.53410742348564,46.2387099339459,0.47145604407518726,14.690122636467375,21.308941146373318,13.964374300771993,0.020043131061016593,2.483333
AM101.jpg,0.8985805911004164,1.3243991319689277,0.8504090561153821,6.310090583630375,0.3703126241892484,1.2721486333552279,0.7286224132378455,148.12621397648945,1.959296057067338,1.1785878708377662,0.7879363392601977,0.3191521688821278,0.3508245351165386,0.5912765480885039,1.1285580131293755,0.4946680982669148,3.472000137209199,194.49171165997512,43.95993010223117,0.5215652304665226,0.0,13.598055316906922,7.515412469778838,0.029477242577763407,3.483333
AM1010.jpg,0.9406715111359089,1.2699699079599913,0.8832143944796096,5.592314611537884,0.275116841668138,1.513554224895365,0.9379918896055074,142.24571210522845,2.631487537634836,1.1304906542488835,0.7652662935417642,0.28960155875569954,0.35315505304380646,0.6917471920826663,1.140671633259954,0.5172381086339884,4.372062425420401,131.38923669972974,47.98237777533379,0.37812510432178287,0.20270270270270271,12.01788635301449,7.677468464964946,0.021846279664899954,2.25
AM1015.jpg,0.7247531859231303,1.2039202653438477,0.863513688035751,1.2579508302174136,0.2623329406810554,1.5075152782052528,0.8905733654467556,143.8665266291632,2.7287176522301713,1.176014540825597,0.7534089245356337,0.2973746317950771,0.4333387240844241,0.7704345431639137,1.1147661786232534,0.4987447467030744,6.384977102760352,211.3817018744245,58.96475724467135,0.41769253616931334,0.0,15.892279536942457,15.017934473142375,0.06357295333177598,2.333333
AM1017.jpg,0.9889083468985481,1.2655902899960227,0.8388592443143387,4.44368602771421,0.31842028206213047,1.531957511693972,0.8887108440622751,143.98539778678705,2.2964336983495284,1.1566302865007836,0.760512428368816,0.2948311717345504,0.2533730596895759,0.74547879777815,1.1480259264645694,0.5300043623281195,3.7810310327981167,156.27306425249864,40.70357626921755,0.47092385397176934,6.814655172413793,15.213146512885205,18.511539518832237,0.06378747422918218,2.283333
AM1021.jpg,0.9462506657796179,1.2627869133426914,0.8674617540281813,2.927754897101867,0.3332225068744638,1.2282602658547255,0.686460326982914,153.11444540551696,2.0363691831462765,1.2685564647949705,0.7876616047324102,0.3293076276953951,0.2748485756046251,0.47542303337693026,1.2511773545727265,0.4903653424979854,6.419164793879759,102.95030386241507,29.836164169059018,0.5678254504159344,0.0,17.9158064516129,6.258669136407484,0.1321090666407735,2.85
AM1023.jpg,0.8823371859742049,1.2705459504956123,0.8580926821050214,6.788817199967296,0.3538126746174626,1.336083935531941,0.8676776201803921,142.32762686246005,2.0551070803400657,1.1592075379134699,0.7627634340339327,0.30845469836273404,0.3905518540543388,0.6099671919493935,1.2283712187694624,0.44754485188442406,3.7009091442118933,196.75509724567203,44.784379822538796,0.5846316578423766,2.0355587808417996,8.490634997987161,13.865084447791816,0.03668697059965702,2.483333
AM1024.jpg,0.9294085249507912,1.2818029389292256,0.8345053467427243,6.986455555827163,0.3749744708490522,1.2486790450676695,0.6649287133510522,146.92738951715353,1.7605930077467111,1.1752968361975373,0.8016403921170892,0.31522428017378906,0.3084697654716033,0.688070212261369,1.2028853348397492,0.4919845390832517,4.364299367301463,202.93405526663025,44.76604089106871,0.5507617070330939,0.35075653370013754,10.436518838304552,7.767596641761372,0.02465743125159896,3.15
AM1026.jpg,0.880802010743348,1.2887739928836772,0.8476923947786713,5.463863709544742,0.3321363588147318,1.4050390015963408,0.8824416552893412,142.03348392099676,2.163404780973898,1.1128972349822934,0.7544110546280023,0.29443972998637585,0.42454624449030937,0.6231725215956245,1.1949756624989354,0.44165094774410313,4.433935879970972,182.86440920430556,44.36474500014168,0.5598878250461965,0.0,10.40804195804196,12.051234758757744,0.03469682673098938,2.266667
AM1027.jpg,0.8788836690464217,1.2798072302645285,0.9166057863326648,4.4160650183265595,0.2843875224143729,1.2735137707580673,0.9153572963378828,143.2357625657947,2.4885748619879426,1.1096515865940126,0.7510264308118388,0.31503328144022674,0.4390633705119043,0.6961628154794026,1.2117334355096832,0.4962314332088047,5.388464032079941,210.01608180761406,51.083291583581484,0.379316873203504,3.850070224719101,19.843514460999124,16.588354147415018,0.03886781048433783,2.283333
AM1028.jpg,0.8243077833526647,1.2587472303025025,0.7979268033175337,7.097357207067136,0.34906236840681404,1.3474982252714314,0.8395835598805126,143.7007651227412,1.9857270749189242,1.1697735121912494,0.7777780613351567,0.307523450552977,0.42488652893509665,0.7271556451682092,1.246419140005337,0.458349421993367,4.38216402761937,211.74932673638494,28.300440759976027,0.5118872584677577,0.0,5.2452787684185145,11.157102603154641,0.07332061962568245,2.25
AM1029.jpg,0.9633702248215129,1.2475334950511563,0.8120858115735472,6.023151688005875,0.33027070323969754,1.3942150291120452,0.9690729613762576,139.93281563482446,2.307979517360797,1.1618848247634268,0.7781498969622406,0.3090389092883335,0.4112325291834391,0.6597903098564841,1.1480441697380248,0.3978172694117665,4.349483151963206,226.86771229827815,70.13768271247935,0.7574066182266471,0.0,13.631238821224768,11.738956696400635,0.03646964539484444,2.25
AM103.jpg,0.9550080444223151,1.2767853997994776,0.835933522010315,2.879068405051753,0.3524796270940192,1.412411488701535,0.9257563936288239,144.41989093033578,2.1668350936699707,1.186447302045114,0.7472501952828108,0.30468420964852005,0.1970081369194181,0.5010600312156853,1.2006944683596517,0.5786928361236967,5.184411481400508,194.20548275109735,46.15062230836395,0.44908325606645344,0.8039092055485498,10.179325247922808,20.284351104090476,0.043736956765032385,3.216667
AM1030.jpg,0.8902057435057431,1.3046764451314976,0.9042451489893419,5.411562962058525,0.337850417445969,1.3754288235352463,0.8398175117356084,144.8103358686098,2.135948516681442,1.0827747093547186,0.7510651285087102,0.30278043619075046,0.3733352399391169,0.7388883877856173,1.0793352562530565,0.4877173191882389,5.038728459953196,191.58363948657487,47.73489999077654,0.5385900334338366,10.344442285270112,9.250788643533124,13.14371561734066,0.03510796801301806,2.616667
AM1032.jpg,0.9871096024946375,1.3143523991931494,0.8000702501780959,6.834203611652477,0.3120796851816958,1.2830933797358126,0.9199926837708969,138.76766334553525,2.2319707822390136,1.1396083490233728,0.7771200416142505,0.310965711145719,0.400147508513378,0.6323060025565636,1.1704832338590319,0.4303674474540984,5.849155460307794,155.89884464494324,47.381658393944036,0.6359353686437763,4.058161002143557,8.197355593468194,13.350065478577577,0.029078415815476617,1.716667
AM1033.jpg,0.8537143167696105,1.221725285094651,0.8538889990171832,0.6658579311091952,0.2547620452641782,1.265771068372632,0.8912334861056874,145.22517113684063,2.753327636244765,1.2338208760118587,0.745393683407811,0.32081533951627994,0.36115091046882863,0.886576212366251,1.0233967910985464,0.5796527081981597,6.320108098893206,191.17499359082206,52.436499866972696,0.33349374618088906,3.06,10.31506079640408,9.964861773815088,0.08705182459982415,2.0
AM1034.jpg,0.8188348262047362,1.2585836978682519,0.8163741793197862,4.725339057898712,0.23463745220556376,1.289127395149005,0.8974425557993709,140.95364099630757,2.963340509440289,1.2290458529510842,0.7747818631733402,0.3161709906496952,0.34195715306443963,0.6082322140268211,1.1397021044672564,0.5413252662098754,6.099942757140594,187.30653078817954,63.87980267758047,0.41887942639979425,3.6551433389544687,24.45504358394099,19.4908045371253,0.035773133888520915,2.233333
AM1036.jpg,0.8923923171193346,1.2588954948653344,0.8273931898013455,5.255330940086436,0.3440951386645392,1.3394439435315886,0.7725750703092528,143.5038233469399,2.01622068396466,1.1689283752133304,0.7690025354340693,0.3051680162664757,0.3625189004750498,0.692339065322279,1.2256347775565433,0.4853050171434955,8.390286184613894,169.07928525076483,28.718820134485753,0.4965425698084377,5.140521938629194,4.473684210526316,14.046540593369983,0.04185896800725385,1.983333
AM1037.jpg,0.6370101993406942,1.2107446659060166,0.892712358902909,-2.001712736665189,0.2446164215239289,1.391613919618285,0.8521220207639589,142.78814519657374,2.56875026367184,1.174457059714732,0.6869606532982713,0.29848636076597984,0.39489232648361267,0.8323140072448194,1.1635816426873538,0.5105129674963268,3.600636465999264,123.0572796593672,42.29064107469998,0.4300519324640777,0.0,9.874845472976315,28.637824344531857,0.024299093589864075,2.266667
AM1039.jpg,0.8602111952759233,1.2557258266977913,0.884481738284833,4.054751045197408,0.3450439421774667,1.2417248766897027,0.7394445211218769,147.4007947310228,1.9783426035959935,1.2097105183096681,0.7827330846230666,0.32352044397792973,0.36717542853509166,0.7303226090148384,1.1407119667475678,0.5472807311058256,4.116021499148017,200.1452654799352,39.207765479935205,0.35482655272238195,0.0,5.886679292929292,6.126228048500508,0.0165765592870014,3.116667
AM1040.jpg,0.9233426646305766,1.2632318066521573,0.8461218512975881,7.7726622069927025,0.30544365617435076,1.386044329141639,0.6704479062734418,146.06907471395675,2.0858060889655206,1.1613438573222161,0.802840965664662,0.30342409690145294,0.32790820978737945,0.8312399404376491,1.1612607948411338,0.4526407024214001,6.707802255987207,169.05075274288728,77.8211402501169,0.6081494635443907,0.2786885245901639,14.284860460577672,20.01836539986833,0.12660740601375636,2.133333
AM1041.jpg,0.900184310454247,1.2884239331545566,0.8653914593030174,7.917376388827855,0.39932927324726397,1.3273638977505267,0.8637009123594745,141.34147265103115,1.8679242137107719,1.0969116472917442,0.7537256543048214,0.304529085417665,0.40853275709747,0.5989532185752706,1.0833351641762952,0.4962203437293213,4.350398055317108,182.72005071683887,54.716030616336354,0.48034202715559937,0.0,11.744171670787708,14.94401120920783,0.04603261418367692,3.3
AM1042.jpg,0.9573596074204108,1.2895965228611714,0.8497191785922588,5.533949298598778,0.35565271934887394,1.3688850945502469,0.7203597057185369,145.5293141373021,1.8741310929293986,1.087213377372788,0.7637297786461064,0.30071546376342667,0.32803068540417174,0.5147966739559234,1.198450293607795,0.48338727861873676,6.810625130892408,162.0671802315551,52.029680231555105,0.5525133668719122,0.0,15.363153125943823,14.073517944861464,0.02333937497076804,2.666667
AM1045.jpg,0.8099953474500033,1.257476650764425,0.9003840240214561,3.160434614677117,0.28470263386339295,1.346412609362339,0.85797560331063,144.47911652075783,2.39062360082565,1.161716504999185,0.7317069154867453,0.307188449831861,0.4407542889588446,0.8430784921099002,1.1137405625139272,0.5109735080771055,5.407179127870679,209.37244087181875,53.054452807027616,0.3679929101382017,2.769291273389634,19.666002350250906,5.408099821873421,0.022124059780222673,2.0
AM1048.jpg,0.9189918038290014,1.2712792520241178,0.8516289552322783,3.462480053472148,0.3314179397765386,1.2849357776515498,0.8037373770702724,144.05572747290736,2.0244379279664915,1.1684320234058114,0.7537202952944031,0.3115261086432138,0.3526590726430637,0.6385540842149923,1.1116660793881763,0.47521212724432355,8.026474734778013,172.21753086419756,35.230688758934406,0.5692278884063996,7.037819585142305,4.64479776979777,10.436504356458713,0.03633303692853061,2.533333
AM1049.jpg,0.9867738180872928,1.2603897481618644,0.8300887390562938,9.419169288457297,0.3562775367303685,1.3859592511563885,0.8207324722826221,142.12748822706592,1.99069011906115,1.1142187590435046,0.7915485148666733,0.2975400187210259,0.35607887425186874,0.6197794864217457,1.217237770763346,0.49093140339778785,4.550198444450766,201.88639132467313,56.34365628193808,0.4795989537261913,0.0,15.481083833503066,16.719420537996243,0.017997194035154065,2.85
AM1050.jpg,0.870295846353646,1.2687563840781553,0.8447802290039969,6.3712274988620194,0.3426766180207066,1.2590900403506504,0.8480020193642132,143.30006255046547,2.067213867644125,1.1587791049639884,0.7606117663803512,0.31318299269044864,0.38038055400825443,0.7950583567737205,1.175252682332721,0.5280400240444995,4.758561298642614,194.6246569168195,44.663942631105215,0.41251316575032454,0.581306990881459,15.507246376811594,6.824335682674729,0.03385349044881257,3.033333
AM1051.jpg,0.9396137189988091,1.2512145256326235,0.8484686015176841,6.775292404151261,0.3393593442390115,1.4081567588124644,0.8352680135437573,142.1331999400146,2.1102365238027203,1.1245698894860423,0.7714901894800078,0.2927321365691649,0.3263974756289557,0.7369380419873924,1.1451721343022714,0.566775363429039,3.57558346159459,185.30303297138278,43.157434777251865,0.33629930324825197,0.0,15.202198352373584,14.56456449855385,0.0606854125140381,2.8
AM1052.jpg,0.9253157846734172,1.2953175397195542,0.8492288458149848,7.640167230000417,0.3086156312721834,1.3708872301269799,0.7407399254285103,144.86815049453793,2.1181179591618244,1.1628622518652825,0.7989931264679727,0.3029159004936454,0.31561737205538676,0.7508340669183713,1.1624508652770642,0.5128912550230483,3.181088636700852,171.05471572771978,22.308532521612904,0.4351386488300023,0.0,17.529698149951315,13.491479592785538,0.02264123032595546,2.5
AM1053.jpg,0.8808832166101196,1.2814006639734186,0.8580464452728428,5.097111333996899,0.3241716228303784,1.3385920618082081,0.8118996277722954,143.83971238332316,2.1447301723231513,1.0992241058370094,0.7682620394377725,0.3049637956757226,0.4196726591496272,0.7235081453022887,1.0457562213536113,0.5134934260107539,5.190967724555581,201.9055916554737,35.9719511024783,0.43057399411048564,0.5372191011235955,10.849445041174363,17.92592277493563,0.04419529824516831,2.783333
AM1054.jpg,1.0724274146942094,1.2673017858525817,0.8443413956781454,9.274741515850986,0.4298014421106461,1.3465417380561597,0.8758654845592753,139.02412475433337,1.6503059358111103,1.1190928381179617,0.7832745365889311,0.301726150551734,0.3770119944286174,0.5249716805911636,1.1308948560625092,0.46368691697407294,5.134501976309337,209.68242297580537,47.65537310260166,0.5075014665387964,1.7112922198327145,42.32222222222222,13.177384968152765,0.02022125566628806,1.833333
AM1056.jpg,0.8655202665899092,1.2572058650488143,0.8949391395077152,4.332941663796207,0.2925521355671993,1.2993004896324034,0.8961273635935824,147.63794842943702,2.4830136617063223,1.2159430757413099,0.7602477419057597,0.3206925791857638,0.24988566036931892,0.6298747328363794,1.1948639108871597,0.5446066693484437,4.511485585616813,213.72403477592206,43.11178987796288,0.49076596581105647,3.0751613484855596,10.99493661100804,5.7415275156696595,0.04369582971487766,2.683333
AM1057.jpg,0.9382898813785817,1.2410200508380091,0.8788006818056142,7.568969456218857,0.3519605885814704,1.3815249814122512,0.9926616342043567,142.38565711700022,2.2760885844243735,1.142868259527067,0.7359008018595159,0.30431571835610455,0.32796472384022707,0.7141438163902373,1.1466427251865443,0.5254516952014718,4.021963383771852,191.52874058649633,46.58352039315582,0.457617549347305,2.0747041420118344,5.951349850449626,8.166004053539723,0.03243683336806818,2.316667
AM1058.jpg,0.8280412187062247,1.252038712886048,0.8436098223421493,6.367805519091113,0.3879232913175895,1.2436148965711213,0.6542572572795984,149.18545661541532,1.7002365149050032,1.2641934850105931,0.7979280975718567,0.32506695039150746,0.3760284962048567,0.7888964051477898,1.2469133916100748,0.5297966299511462,2.5118640851455707,193.15255293246702,35.828135331086514,0.33709405735320563,0.0,5.871775505461306,12.134347679190086,0.07302016845105866,2.716667
AM1060.jpg,0.9600156588296153,1.2532967973839193,0.8523391046527704,6.571835981220301,0.3252794968416012,1.4702686161268852,0.9338526448479385,140.58217958914724,2.2889791966420026,1.0737117478741847,0.7566615439654817,0.28958378295471293,0.4729718098927068,0.6903702981655458,1.114000454002882,0.3951039967330925,4.046040487662028,183.77810572291486,63.08832981255071,0.6358674258805223,0.9027149869215616,14.780856423173804,11.580633359347686,0.021570460022547165,2.066667
AM1061.jpg,0.9848680427414085,1.2912525075548071,0.9160941463357841,8.641901388310835,0.38353320441945915,1.2438137854627027,0.716148956135182,146.93888352199258,1.726993927926182,1.1294153586282147,0.7877484742127246,0.31683744784634454,0.34317750677288333,0.5517143616320624,1.1795605971970389,0.44372616474360116,5.599000481719193,207.44908000194053,52.07203082161266,0.6274521103449932,2.17206132879046,16.975920679886688,8.669898513715367,0.03177990455530244,2.65
AM1063.jpg,0.7886668598472335,1.1973496698949704,0.8673040069212483,1.7864654300506984,0.20921787649156814,1.3520398373627898,0.8968630691429668,144.56540619654655,3.357374614188204,1.2212324240475925,0.7370275510527498,0.3111670041160996,0.30805255835896184,0.7397666059624918,1.1470840181722828,0.5291714852683511,3.816099218011959,130.57796563114812,40.987448389768815,0.48704532756204455,0.0,11.065588229529403,5.663465631148128,0.012593627351876935,2.016667
AM1064.jpg,1.0741933773000725,1.2628566389670486,0.8377019247409516,4.938572132581543,0.29654816722783905,1.2787300156849726,0.6942976726477975,151.36285070583494,2.4216021570112964,1.251416771609796,0.8283395961926648,0.32438904049556666,0.24792578207649124,0.5945413298388895,1.1490321642824373,0.5448125756842018,3.5022925529272158,148.16241346143397,39.74246595487229,0.4593625171928549,6.1298076923076925,23.979338076611818,19.408692753105292,0.05278365663976832,4.133333
AM1065.jpg,0.9677575906918603,1.2614496321679682,0.7989899060012667,7.522305096061475,0.2998319889372286,1.3413829946954852,0.8813881067803234,141.75970706365723,2.4985007521066978,1.173546365572998,0.7991905707539521,0.30989683693668113,0.3861090094328861,0.5924782306558456,1.242568024232071,0.46748591284558494,10.222196036460973,190.27816147104897,42.32942265900667,0.49686357067779974,4.0124077800134135,15.736954800105593,3.430664370159917,0.05036999549821443,2.133333
AM1066.jpg,0.8541718712031691,1.2492118452104561,0.8426947173762074,5.7242335971091265,0.3564639813730334,1.3258238636646098,0.8141449979881258,144.7151255000776,2.0006318117218895,1.1988342758350437,0.7918046316394896,0.3044832331432749,0.33398689502412215,0.7374371037608058,1.2612588095884383,0.5279650202529773,5.572893747298694,165.78218981242472,43.6688967610652,0.403016794173668,1.3380809595202399,3.8852248571349697,12.758894240072536,0.0741285624250722,2.65
AM1068.jpg,0.8550466364914591,1.2368614243676266,0.8532943881912969,2.7367014543748227,0.2997475705108781,1.2975651243586124,0.8873060215927415,141.57719192315432,2.3382643608988616,1.207486498683239,0.7472803792858356,0.31698836288276155,0.31806764496142614,0.812644916061257,1.1930809497516774,0.5400652076280315,4.843632825059976,135.1475423230169,42.045356853436274,0.4249593470917313,0.23966165413533833,2.695876776130695,9.91092074330011,0.07645234064335424,2.016667
AM1069.jpg,0.9310090035525859,1.266604453879844,0.9069810260896524,6.261403124411526,0.3067089161575358,1.410730522595734,0.9131794402507132,143.35083849990923,2.365596290400442,1.137132448931914,0.7515202986803322,0.3009423652382085,0.37421123710360604,0.5878069124945867,1.220726568186667,0.44862582656311323,6.325080142540996,207.29512304137546,46.96248705811186,0.5223605732950112,0.9710165417785946,4.169426678848789,6.17258316843575,0.017759142150865,2.233333
AM107.jpg,0.9691574885173355,1.2983353909809263,0.8379619813896552,8.690911695473618,0.2993813050934213,1.4731662288786005,0.8091146428886768,142.5889179092852,2.3219682875475476,1.1278905386314704,0.7995849196214714,0.2942710806560131,0.3015644122802649,0.7448030690393118,1.1528828052509537,0.5104495719913019,3.53382426407979,201.16741307949133,37.23178433697635,0.48501666433795204,0.0,18.540742793791576,8.094094031476018,0.01989046776815041,2.983333
AM1073.jpg,0.8099843509111551,1.2549911677961636,0.886264781473624,4.670108482201905,0.2988779025628448,1.328886215180445,0.7838790788416701,142.56141827315895,2.2973768065423883,1.1821998872154504,0.7451265550081944,0.3183509250594267,0.3576950028265582,0.7881275867393807,1.1879772342314259,0.48260951994468076,7.1774667453034,160.5227830392057,63.49518855810193,0.5336694013900893,1.4390519187358914,14.730792397269443,19.4688730149106,0.018552856481224143,2.2
AM1074.jpg,0.9355967480828249,1.238095934614795,0.879968160922113,3.2850593551779674,0.31037731113129496,1.3149695597279647,0.7322892270423377,148.66841171509034,2.297743932692032,1.2261344307449078,0.7885197503325104,0.3155568165912528,0.25857681379548303,0.5694731845539426,1.1702642946282538,0.5614363315714501,4.727694522382118,181.1996285195941,44.09021376132438,0.41761032471466075,7.601910381901276,22.760875148854694,14.885020481047107,0.05651912963182304,2.6
AM1075.jpg,1.0155166344597095,1.2900608209482978,0.8798307407458131,1.8966653924622898,0.2632034996638988,1.314880560639062,0.8497263528334644,146.2069621145626,2.7305696401176958,1.1250365858899958,0.7533973126078235,0.31052889577104476,0.3087658969792499,0.7719863594039463,1.1665166890339365,0.5014275235037434,9.157011089223248,167.11209673471774,25.604087581399654,0.5148341866828425,10.55409968931514,8.823159030942673,10.385992977635667,0.016146047477309192,2.633333
AM1077.jpg,0.8865346027431532,1.2541015972515148,0.8481848891181283,5.991113549799108,0.30153293398144865,1.3977563948216516,0.837822843226415,142.47824192713756,2.217481666141817,1.1622841376378954,0.7550811684044562,0.2976024264532716,0.3464288549134934,0.7173668656078301,1.2469190913965496,0.5034827579087144,3.579533507863851,212.06985365883412,52.76171968754224,0.4152475754388064,0.2634297520661157,19.90639350052985,19.437636168808098,0.019552548145189697,2.5
AM1080.jpg,0.9047645436796685,1.2772404025169046,0.8438441416777221,5.0794892774743,0.31654076269150677,1.2941985259373427,0.9281502271459494,144.81172569109177,2.44716190769553,1.2306009531147295,0.7795099673944306,0.3265630599667439,0.40439818015782336,0.7362262355082579,1.1650249238654904,0.4787167872691747,5.2007195402922894,200.55974343797664,42.163164899874005,0.4909195096087523,3.2046136435414256,11.97651663405088,6.477319272951945,0.06272028129252179,2.616667
AM1081.jpg,0.9816197756153798,1.3519419060717082,0.8537838586733343,3.57161221695819,0.29371201495462707,1.3345359037744395,0.9248169320509128,142.19003664779223,2.518044788876706,1.1342723812281321,0.7610961099177888,0.31120876092226835,0.4300566087789694,0.7584495492384098,1.2248305584231844,0.38133986699960315,5.406370870763514,194.4173763792639,48.503171034678815,0.7173175321341472,2.8836833602584817,14.522154490037302,15.191319189827738,0.041227146485784565,2.166667
AM1085.jpg,0.8691379874891438,1.275204610984276,0.8310479730718662,3.2237247504449162,0.29319562368136676,1.241942716753903,0.8864446961170047,144.22408155755116,2.4877082697523893,1.229867933513222,0.7656855128839125,0.32326685979449093,0.29431188566215827,0.6743034157099396,1.1122885720665434,0.5828213678455231,2.321007090272518,205.37343717533642,43.160245184759276,0.3789585026134203,0.0,9.58290440523943,4.863936430179933,0.03234988598060821,2.783333
AM1086.jpg,0.971909568720818,1.2898591380039108,0.8380901755910691,7.646815768276676,0.3287742886352846,1.405495052130036,0.8242281234233803,146.6851438824798,2.2853400943221778,1.1587998538532673,0.8142193963720192,0.3033850300834759,0.2844321194243028,0.7054288861118004,1.2588006292076372,0.5524840171502383,4.575195569104115,188.214481278826,34.98288343322457,0.3747287146047994,0.0,6.1695846526355,9.217047149386161,0.023474057156307813,3.216667
AM1087.jpg,0.956400399296256,1.288224908803951,0.829794397523644,3.034733287393559,0.27807530677273784,1.5528269118763813,0.8401313939772498,145.68764260082776,2.61928823847262,1.0842901439850297,0.7690663816089575,0.28609829630650047,0.3070941320004093,0.5753960774263134,1.1388480133561338,0.503158393065575,3.8009825926272125,164.61693644503114,37.816300177798894,0.5008616333803941,0.23224043715846995,18.15499156016397,19.98676006817442,0.08470992378119652,2.0
AM1093.jpg,0.9050146650928351,1.3134301262362376,0.8614112827045249,5.726315845801704,0.33731556268171287,1.3338990520181384,0.8325266352673968,144.45739441572408,2.141387231866272,1.155390094915878,0.7738250172567519,0.3099128599869902,0.27791352902408145,0.5751258655318527,1.2879277475243627,0.5301899493909519,2.9802118280544505,195.27563088818982,47.76947072391877,0.46479287766762223,0.0,11.635390689941811,14.252322392895465,0.05283390375278939,3.033333
AM1094.jpg,0.8419248446171091,1.2699360982547547,0.8158120976102977,4.017743135109216,0.34129625464484553,1.2218476964569311,0.7047927396815662,148.52683254745338,2.050335367890272,1.224106690272196,0.7750649828705167,0.32167703852328616,0.38076684864572546,0.7923201688572306,1.1544042717914866,0.4635893635679962,3.7328979693712703,152.7366086364044,50.55611536286182,0.6156798930133716,3.7094256500419487,15.186781993947996,11.949694204816055,0.013304093165871982,2.75
AM1097.jpg,1.12318857078844,1.319645896292579,0.8377267774044783,9.013479177810737,0.39698119577173246,1.3093923049871345,0.7663464258974315,143.12817493364736,1.7411984428219174,1.114560496016969,0.7999977638966459,0.3069352952261126,0.29813872045168277,0.5136904485679249,1.2406806550557856,0.42402619012645665,6.242624050720994,179.56936941016642,45.84973378263604,0.7300528756237831,8.60051212895984,29.20995327314794,6.185738267272697,0.015604965292326415,2.216667
AM1098.jpg,0.90516539801579,1.2862604672825497,0.8585173180378444,5.974098269120203,0.3436305616090518,1.3306354060211476,0.7979636603455789,142.62152775563038,2.0223451808521022,1.1199188559448512,0.7753274915494374,0.3007282609268985,0.31587341262784296,0.697090607590755,1.2965456392933854,0.5290812053977179,5.602965100461154,176.41822186688614,41.50862186688613,0.40374188631444075,0.7611940298507462,12.225886777695987,8.08345104242413,0.021649338376023557,3.25
AM1099.jpg,0.8769785625430812,1.2852593029034303,0.8824775816812346,7.148471269722926,0.33274337155844513,1.253151897008983,0.7206546895772774,145.4159926197571,2.075759223480044,1.1894590235924136,0.7545838808335661,0.31735775187561527,0.31332208904422454,0.8339147351905579,1.2468369484759632,0.4929145631866641,5.657608436160251,219.19195921289165,94.52101059629086,0.5327174905730803,2.678503471896665,22.20203169554727,43.27253835271718,0.04341225676561772,2.816667
AM110.jpg,1.0153476544664977,1.2916498968477494,0.8676950465133974,7.520774025179625,0.32893539594368165,1.4225824132199565,0.9467232964087995,142.55863811929305,2.2979029805860676,1.0373595638508075,0.7649161972373519,0.2906013689934862,0.3205872477286827,0.8238639534683515,1.2061231730960789,0.5065396384381171,2.979455358480668,194.64300733490023,61.67398078622767,0.4660205449730617,0.0,4.077825159914712,7.946463974780556,0.06710773478694762,2.333333
AM1100.jpg,0.8839171644256322,1.2039234319670398,0.8874826378123,4.370881289936922,0.3067424987902853,1.2910243063023057,0.835291576236485,147.1869369506598,2.40739983420441,1.2354702490187532,0.7764289484851017,0.31582299077182013,0.2311643428877828,0.627375715202157,1.1311709160785341,0.6244506967484504,6.477521282548089,160.95906203707722,21.23002977901271,0.3403573289269255,3.492911553110453,10.10064935064935,8.985791286089082,0.06907267019120614,2.15
AM1101.jpg,1.0165188586867553,1.285652206020291,0.8764086128199277,4.321818222336054,0.26914354017341857,1.379176933358543,0.9436377430625323,143.0432950004254,2.679076316304788,1.1776149726067089,0.7748563712855111,0.3104891967963506,0.2602098269750324,0.5779561153071217,1.1279023846172607,0.5040848936894733,4.483807786874866,197.29878627984243,38.33986844417109,0.5560496839145135,4.161468505980278,20.7972984493554,5.889974885302905,0.04635269037930815,2.383333
AM1102.jpg,0.8287747371304778,1.2587389584537814,0.8374058870686117,6.592762232236052,0.30017374906537553,1.4274532275534155,0.7803875242609911,144.62289958977016,2.358032070828602,1.1712263461819574,0.7701267817111668,0.30130297342178775,0.4374589210430677,0.8144065896741166,1.113499758983205,0.45583187396108515,3.4539338109196596,125.99009740846624,47.064471985883415,0.5222224871916834,1.5212247386084101,10.445490569515268,16.544943877528908,0.0762484995491492,2.433333
AM1103.jpg,1.0211041953798603,1.2927376472192984,0.8696061062560154,8.117538071041661,0.3451373634088596,1.222515406888769,0.897923539175115,143.70534166760777,2.1526980081257885,1.1708068532620148,0.7901617545326832,0.32224971273286823,0.2943233423980369,0.5078231876735044,1.2629330240739585,0.5315700963956229,2.777838688966823,202.22517646203573,53.729496116463366,0.430641393748386,0.1970633693972179,6.231819078534407,9.228535287996863,0.030501767446645817,3.116667
AM1104.jpg,0.9110165350181464,1.24057381479558,0.8651743775590581,5.984999348242047,0.2916801455931999,1.5265654810780598,0.903592848740635,142.26959723535862,2.4129668958657544,1.1283617533455776,0.7750243975163181,0.28896709525367414,0.3278048443310864,0.6608442039580837,1.2416664500283863,0.5138327600500022,4.210551224053467,185.583520504188,57.93725010791759,0.39557882446004355,0.0,12.932702761469885,4.765481549952071,0.03559615870394216,1.983333
AM1108.jpg,0.8924565483697012,1.23808135869506,0.8270020847381236,6.539137713592245,0.3830805069362331,1.183340845620682,0.8054010124900256,143.33310779879454,1.8836021462287087,1.223581730740078,0.791890043867398,0.33117348117113826,0.479146730505163,0.6807169419527364,1.146482873584693,0.447271129549264,3.281913295762254,197.98654849413214,42.84300010703535,0.5155016898182216,0.0,3.5685857439969753,9.992153680908885,0.03728745575026099,3.033333
AM1109.jpg,1.0838420535937563,1.2637841454986953,0.796430118318118,7.729570019468872,0.34126432168193094,1.3980463412531536,0.924948305609559,144.0097045933587,2.258913186065736,1.199981095996204,0.7998219173280731,0.30752820000614084,0.26094076911026015,0.6134947655392081,1.22488650061389,0.5335994847590554,4.071149116792767,181.35974599342978,47.12856889905012,0.44953012911322215,4.4250375912274915,20.11046511627907,10.28150986256206,0.030243598783208286,2.15
AM1111.jpg,0.89177982874136,1.2340478869265652,0.8016661068542823,8.640466319424933,0.33350475917405376,1.19281309286568,0.7227067719766086,145.85049865954903,2.022800571022511,1.2722858877692895,0.815725147619571,0.33381059597337176,0.3493818594610835,0.5112910250060531,1.24306621676979,0.4790020872691724,3.2565823382743115,228.022230107925,47.89980828490437,0.4988308958935532,0.0,18.908564814814817,4.607328693858321,0.020926519733732114,2.216667
AM1112.jpg,0.9475661724618003,1.2970398243538352,0.8570595966158533,5.557959219028939,0.31500910529654225,1.4257023046131068,0.8843255786196489,143.0165408994421,2.2872250848188553,1.035740556657035,0.7658757974838077,0.2875257713716672,0.33460210392719814,0.5385382705843091,1.1935381837066934,0.503597642223155,5.770099223480641,190.55818293004018,71.17528691449111,0.4853095668987901,1.3067349926793559,13.92907510815498,17.194088824018323,0.03765555294402863,2.75
AM1113.jpg,0.9278159918208106,1.2905806473076618,0.8472262744271526,4.772842857104416,0.346070160089073,1.320080324053465,1.00661827745537,138.83626807855654,2.224483432036966,1.0695258561999403,0.7492278942646159,0.29514670699272805,0.3220068876276053,0.7369848835260133,1.1835362853674414,0.5628752694819662,4.008312570839498,216.0898930973478,54.37082093239937,0.3925996871387279,0.43889845094664376,6.978964098728497,14.662399829430896,0.03592695562809247,2.95
AM1114.jpg,1.057796240659488,1.2694663821770777,0.8450202081779937,6.749404827467607,0.33390237663308575,1.2772580013337351,0.6520566447542312,149.0775078513915,2.1534165204407563,1.1745618019629465,0.8120087003268792,0.32417599515524875,0.31222849199763836,0.5321453277918268,1.1233042076973987,0.47450170597136626,2.1032067760506754,160.17954258206015,28.7265399710941,0.6020878113328988,0.0,7.875356350966108,7.813222639448952,0.013076556451490926,3.316667
AM1115.jpg,1.0423033330844014,1.3210601291566073,0.8081653111821349,7.50404561125144,0.3483028330093062,1.4049313538506298,0.9724166803898407,139.55290901069768,2.2239177055835544,1.0525727055303191,0.7679249144834749,0.2935304942059008,0.43294746904412473,0.7670219941264939,1.0611453029044369,0.43376382281295683,4.567842633816669,209.82551935135956,59.00379233186095,0.6466201090387225,3.8958333333333335,7.3537878787878785,8.864824734198436,0.02357962848924125,2.583333
AM1116.jpg,1.0381636306069397,1.2656093848549077,0.845790303740738,5.010521615001383,0.265397569495317,1.3661394622142768,1.0199348749391874,141.70359188932693,2.8689875184685776,1.1508962820108963,0.7827063853012847,0.3027913787289073,0.26290795089611835,0.5117004441997748,1.1901299519467625,0.5388259106944259,7.280789535575803,170.74713475402666,40.53550684704993,0.4537956812244001,1.3990672884743505,11.252980686968709,15.339005012786672,0.031743876528685135,2.5
AM1117.jpg,0.9026732911525707,1.2667267856849052,0.7924700798848165,7.160566138589279,0.34730525327812145,1.3128507176838649,0.8686968556861326,140.85739852348132,2.143025067056829,1.165217560409374,0.7702800199421439,0.3035714472530069,0.37736628356902957,0.5254786478661941,1.2732643857755228,0.4763083196446617,5.014394615370948,216.28077248140636,65.66793464356851,0.5126862586781072,1.0566298342541436,11.296244394618835,12.397438004797777,0.021486193729158977,2.9
AM1118.jpg,0.8802314713119291,1.2338802964252658,0.9020334645114497,3.778431801378198,0.27077385651316954,1.510870138759776,0.7860521947945379,147.84676704172847,2.6482994887803084,1.1386510824255054,0.7684701833397982,0.2953057802727599,0.30204931902818893,0.6163687941265239,1.175827357614566,0.4955219254110531,6.173609598495895,175.0436090560847,49.37002565624431,0.5263573989941952,7.780859916782247,16.791901273938244,13.109781771671038,0.02254259047727062,2.316667
AM1120.jpg,0.8820638860919883,1.2847950756954223,0.8478767881796068,4.759339213532362,0.29947847269779737,1.4151782295512256,0.9178896547683477,143.72709983626243,2.3923982578893814,1.1499898570458864,0.7539206024064771,0.30235459033949846,0.33998251724992457,0.85775222966249,1.2794825430157062,0.4825427971438379,3.7550380566141124,167.18058439423686,58.68243624608871,0.4985776188541091,0.0,13.22057325767496,4.874556755307125,0.011328501181201552,2.516667
AM1121.jpg,0.8573253863914333,1.2642041181950228,0.8655544212960293,4.9689445287480725,0.31900142381873514,1.3336844535262806,0.7967755376268094,146.1768414375478,2.285708718139105,1.1828377887216408,0.784167000673752,0.31182264688626976,0.5008616123334941,0.6120961945695438,1.0931046308692747,0.4742296617732404,5.751415487431428,156.8218702800217,43.51100071480431,0.42027271918556913,0.0,14.11421745459148,10.45068691629929,0.06725750692280379,2.566667
AM1122.jpg,0.7805094463469855,1.238949561129894,0.8438554455631054,4.6195213666397414,0.283338393528634,1.3845314689761996,0.8626899421764258,145.0287123594372,2.5985483531229985,1.1947004028138015,0.7631787203507001,0.3010812622710302,0.41660623988117984,0.730990893605818,1.2473617277166393,0.5177388675587226,4.0408046587746025,123.81130202841015,37.80636897696547,0.33875386387462025,1.563047285464098,4.4236298325111845,7.969753081939778,0.021893284550390146,2.216667
AM1123.jpg,0.879935348557992,1.2707873003869607,0.8203831657106604,7.143474220987744,0.33240156600094506,1.375317846183964,0.887957255602024,139.2510299311456,2.133703636923108,1.1106115438986068,0.7639231917992718,0.2969944225457251,0.3880959816149232,0.7306555251349831,1.1684894666260166,0.47850373942896807,3.0340663400541925,192.11197309320204,43.86285648542818,0.5141181124505304,0.0,12.013000435161011,7.433466458327473,0.021327716563082334,2.15
AM1124.jpg,0.8250900451706461,1.2280070921892743,0.8843288432524976,4.634189664624076,0.25339613526513716,1.3424759215834472,0.8358753578535172,145.6114481223608,2.7420836987130084,1.2262849854512095,0.7679518653073343,0.31085343232443724,0.35267162298066,0.7871302708114655,1.1487015784716423,0.5444916526488489,6.467675042059207,164.61018927167163,41.18568334281788,0.36788984088965426,3.8201118555431437,4.965228426395939,9.209919364172293,0.0422905006424459,2.116667
AM1126.jpg,0.8996859849026231,1.2347127562287947,0.8585599507425391,4.456132987459007,0.21162813302444838,1.4229320251498425,0.8593264159728454,146.266137556696,3.3061816061543103,1.2864783001439968,0.8016525076381827,0.3089921179193168,0.2540272196615112,0.693179114096288,1.2501907333180926,0.588120997073928,7.3391711014346,170.76543389376477,54.201549737035634,0.3028735508653971,10.0,17.781954887218046,24.22798184937878,0.015751443336575445,2.4
AM1127.jpg,0.890440447229894,1.2428142483818596,0.8062052478009083,8.421120189171532,0.33325937425873087,1.4809036881279634,0.804253180563606,142.28342975656585,2.18891656626515,1.1740995610691118,0.786768194713463,0.29438023517331025,0.33084817380993536,0.8149677307702077,1.2555742265151344,0.5329440316307003,8.661646525507026,172.47082057004727,59.66893377759443,0.35543849441091785,1.0772694086152348,15.612550301810867,21.840924248886495,0.019903197071945017,2.783333
AM1129.jpg,0.6738965862978931,1.205136068684834,0.8789645202209613,0.5451619680349489,0.32491700942267887,1.2689533000122744,0.8191822690317074,143.85334362504432,1.9241193669333485,1.1625696649584603,0.6826707626309035,0.31199045213196847,0.4192318316929064,0.8998828790801203,1.16016767430533,0.5093139828252403,6.734877737601856,184.41243699771962,40.04777033105296,0.44830225815011293,0.5503115951151958,5.123580338856824,13.409853912272524,0.044516856263525875,2.233333
AM1130.jpg,0.8226556433279453,1.2304388945836156,0.830256681268298,-0.2186030548853397,0.20820465963242019,1.1905542389586854,0.9982686155705989,141.99151280628035,3.3247511198395703,1.3095989539966826,0.7537456444170526,0.3387580437317401,0.4273824882078284,0.8004357067869772,1.1951313141720628,0.46026672330671503,4.703090078815844,177.83155057004254,41.616272792264766,0.5211434565210316,8.086686654950654,12.131641760066419,16.13382915234473,0.0313913293482533,2.033333
AM1131.jpg,0.9000842351609087,1.2080730451872554,0.8905554004596882,5.369106028314823,0.2720780882116385,1.247622392543456,0.8482158895895127,143.53370994026739,2.574112735129872,1.2368680734837367,0.7927534396764601,0.32538053661964467,0.40981935480941784,0.6374226018328328,1.0823961305581464,0.46881711053216235,7.830404194663856,206.53447241891038,42.838634638760965,0.5200591667949208,2.258181541668911,17.15110365557445,14.059524892673494,0.04478330859595351,2.35
AM1132.jpg,0.8858528035536202,1.21178124676843,0.985437716888001,3.938060420254616,0.2766026324097337,1.3434210380048632,0.7654364934421234,150.05996260331713,2.4884035396321686,1.2542396917466156,0.7452840916503771,0.32534757521514546,0.29472453793943987,0.9550153476012244,1.1288227071406505,0.5172568028240123,4.990270298560867,194.58326765630926,50.63176263958687,0.4465753097903459,10.817740171959645,7.938464118041583,11.771780359179445,0.022264051707977132,1.966667
AM1134.jpg,1.0058457335603666,1.270540313204657,0.8404200303788519,7.5221458457145465,0.3092006679583741,1.3379843688712056,0.8086814304671613,145.25272551984375,2.3167584811171396,1.1844417491987331,0.7911344660535663,0.3151524005177417,0.4158114031229357,0.6036858289574267,1.1260218243775113,0.4501455177472074,5.692710781715229,169.53663727956553,41.51778482054914,0.5175296353956258,3.135964912280702,17.484872655261565,12.78396403514752,0.020792312271760975,2.8
AM1136.jpg,1.1066533561932963,1.326621918007897,0.8226527703970384,7.2765696950183205,0.3139411810167191,1.3421204115988854,0.9136586290163589,141.66187054605405,2.32424852596233,1.132667052918172,0.7880725294192981,0.30604178431520784,0.3579718975229719,0.5438900963678022,1.159087906369799,0.3753112747468024,3.691790987552106,207.1099693295351,29.856853318029835,0.8566500943411098,2.6701813811188813,8.216742202079445,5.2009208002297385,0.023391379855829803,2.516667
AM1137.jpg,0.9211968791040281,1.2567992172628615,0.8473603166896246,5.241460741058454,0.33647111935504487,1.3131654649723368,0.8489642130651486,142.1784258210431,2.143601194419473,1.1715761491428751,0.7617482864466499,0.31005916708093983,0.23768962933461465,0.6650826659079903,1.1501791933035128,0.5490891103422832,4.156157869750929,204.46487506782663,45.56351871764167,0.5001014364166942,1.4529914529914532,18.469901598203673,11.762416260284581,0.029159626885935225,3.0
AM1138.jpg,0.8931138237793864,1.2119064756684357,0.8950512182368047,6.280605235364909,0.3174756840370294,1.2672424801201994,0.7207552711493291,147.53373038858336,2.092260861513921,1.281412127299372,0.7869502759069349,0.32375769082339617,0.2079081004287347,0.4997196087836067,1.319579347611385,0.6030749617049002,5.5584180177986,215.15514845024268,56.14149298805782,0.3349438375758681,6.377396845170956,25.189046566355273,21.266956498608423,0.045404618664045916,2.583333
AM1139.jpg,0.8517242217731738,1.2305135499572457,0.9012263893386827,5.22087344843039,0.303992615525538,1.376053082280637,0.8627668165548343,142.43516321016435,2.2686879960068063,1.16327153449924,0.7526604471372621,0.3044388680689632,0.39515731650568525,0.6608470702701388,1.1121044362295642,0.46592967549937375,3.8594628912681133,181.84454611332978,40.48310033019726,0.5252833978699225,1.1417910447761195,6.940059958101568,8.85710399261042,0.06972854424146598,2.35
AM1141.jpg,0.9277525318654628,1.3051150275514587,0.8784663357447886,7.010618593068159,0.3486804244776254,1.3477404245606224,0.6533510711700885,149.56800896926265,1.9343534263517443,1.120044905383198,0.7976841687772411,0.30590659235311024,0.3737237964982037,0.6360593975649821,1.1763457013803205,0.47986772439769665,4.425815579389863,193.9743268762183,54.70533670642385,0.4974896053839121,0.0,6.2714307104888825,15.699170918470159,0.07293048859407261,3.283333
AM1143.jpg,0.8974881973031288,1.2905449962030797,0.8556172515325509,7.8251596817334015,0.34697624605655364,1.4526449670733845,0.8140072747255218,143.2235412822755,2.1043166633038424,1.0915802242455217,0.761557446661817,0.29935802351643626,0.4311548451427042,0.629515445336233,1.2138134458293288,0.4312843770737321,3.4442081834904616,168.46108675506127,40.50333097948372,0.5425378716355087,0.0,15.571688895781637,11.453005946980468,0.029478785956195845,2.35
AM1146.jpg,0.9213797508935743,1.3040409339654482,0.8395898314634278,6.402751586192287,0.35853627255242787,1.3279760875200737,0.830136668548356,142.70924885190357,1.903019417309366,1.1561258715807545,0.7729296639770977,0.30041409104346484,0.3223922770099176,0.6448727848700675,1.2230778040802661,0.489379780091126,5.1113527261415195,183.58441666458734,51.004326844228046,0.5128185948002963,1.8931444444019623,11.217908718131575,20.98287193741146,0.1323334230845366,2.733333
AM1147.jpg,0.8402246292411861,1.2658858736535317,0.9097531412043744,4.602567637436607,0.3093888879026473,1.4684400035770202,0.7166835753608533,148.81460691421526,2.1688599735536713,1.0450601104295456,0.7792309089696126,0.2887317835469012,0.4542080363666074,0.6924869300719224,1.1777260598890567,0.44736018673253475,4.82955658152615,213.33121895518127,67.40324575585129,0.4656811673534854,0.0,5.77699995891199,7.863567858129159,0.05162963070290662,2.533333
AM1148.jpg,0.7768028470115108,1.2476299472737482,0.9210182161718349,1.0193043504424146,0.23473848015117513,1.2896959802046388,0.9037067354666275,144.8952304263703,2.985499513599119,1.1824359429988476,0.7149466433729758,0.31879814830173325,0.42827644894766614,0.7331596335655427,1.1458140170108722,0.4673952525484313,5.945005953023408,172.86955373087233,54.76740631357691,0.5230541738631678,6.344053398058252,19.11979232122659,21.287092430562716,0.036243258354852634,2.6
AM1149.jpg,0.8376455506230651,1.2323323597475433,0.8722244685463213,8.785789362813304,0.3079888063358527,1.3617193433924968,0.8556263866747755,142.13036466685952,2.3434221134811826,1.1546499876481555,0.7671876179549105,0.30328765277485015,0.537828136781816,0.6108621215672256,1.0601464104153113,0.4250751174227192,6.809215359668702,159.94325281557514,39.726109958432275,0.5401219886571763,0.42977528089887646,0.7018348623853211,6.857071934229907,0.06624812403645527,1.816667
AM115.jpg,0.9590037318299077,1.3303704673807277,0.8189560550137068,2.7528698604219937,0.2549920587111082,1.3663249913968343,1.0081434651090793,141.62318733016588,2.9706864256837444,1.1503072763466846,0.7399183238668425,0.3092089263629616,0.502985841153785,0.9233817268048281,1.2247023457651334,0.459509010154119,7.243667957878241,161.13217594933388,46.34104457759746,0.31194086091104106,3.6646706586826348,26.899559320093857,25.70014659381922,0.03374843899642803,1.9
AM1150.jpg,1.0185097827031626,1.2644305668715334,0.841596547556325,7.450625983885764,0.3086536004792506,1.4337074302379087,0.921787481061158,142.7126889380973,2.4495924413079053,1.1897986276076224,0.7668885390060786,0.31222083769209535,0.2703518828786683,0.6739048454583118,1.0967298433092996,0.5042633978351881,7.446373098800986,151.07688442750714,41.526741161031495,0.5605897927515487,3.692629312813116,5.392143991397527,13.43165951066598,0.03408742501896274,2.2
AM1151.jpg,0.9502191679794808,1.2339317382881854,0.8516713294033184,2.5521854092072567,0.27166756649595636,1.2670155285535916,0.9324830521140854,142.84193251153857,2.765343286462037,1.231327347718823,0.77634332965419,0.3222959237694718,0.34310222031538096,0.864450187665957,1.130845841690645,0.5204883846400168,5.714356865010415,216.99143413088012,46.830961157907154,0.4501033957393668,0.0,13.563829787234042,9.82527288229528,0.028313231255288007,2.566667
AM1152.jpg,0.7472863159382682,1.2229693622587092,0.9061771690496739,-4.749952514589861,0.09881572117443288,1.4082925131812098,0.8134696932238057,149.26019517852637,6.815524188340668,1.1560225606024446,0.7482858748424092,0.29496003096408513,0.2554482967177593,0.7288275268924553,1.1534119583704656,0.5905670440729327,8.595378145803265,181.11799629987132,55.56265649404608,0.3887865481582912,11.114805359557984,14.302796173657102,8.967873561352675,0.04192749584153858,2.033333
AM1153.jpg,0.8527700934132778,1.2352786062198484,0.8446811829009958,5.529354761664157,0.3256150455898115,1.3888801717814636,0.7995077904474942,143.679610986723,2.068307315844912,1.177336952013879,0.7557878649832217,0.3024820340479729,0.3925727965797609,0.70079306254913,1.246337160377668,0.464878136200091,4.26504154113743,187.5872638552766,38.64080114017145,0.48324852847941496,5.089682036416342,3.0546875,12.5423357065023,0.022777506711292295,2.35
AM1154.jpg,0.9217907698094142,1.2893621494969127,0.8695139363497566,4.66304042747534,0.3118144210349055,1.2617915576642025,0.8611823684098527,146.14245820901732,2.366905008046357,1.1518336946466778,0.7762764265509354,0.3154721649432253,0.30323829385996814,0.6054249101874222,1.0968082402974386,0.534581044827141,5.063535116019919,194.98119533988654,47.55725167791471,0.48734687213580286,0.38288288288288286,5.200841644088316,13.522527297112532,0.04509095899047211,2.95
AM1155.jpg,0.8065661658886234,1.2605965936966532,0.8580915462858862,3.065399323902568,0.28981737110943273,1.3625882896170574,0.8317258653136994,143.08437019360872,2.457061065507816,1.1139695557769649,0.7513227308195717,0.3041115968381425,0.38423273371308286,0.7886415263222512,1.1387771628821104,0.5195521613295484,6.626950355538057,215.40962777614754,43.275960274059,0.44187025121967166,0.17659279778393353,12.261244569384104,11.897504970283364,0.012856406184200697,2.666667
AM1157.jpg,0.851813860282938,1.2488427693508999,0.8142627230430114,4.733742945754676,0.323079461494875,1.386501489604523,0.6925949610034464,148.227912414471,2.1303687734143826,1.1821631286063048,0.7964762167916527,0.3009544303233185,0.38788334648102907,0.6658704879650755,1.1874186579454822,0.47697899496140755,6.674738897642392,177.99115718295195,51.284596260096876,0.4798576517496944,5.675030441681119,14.702926829268293,16.269839173371636,0.05691708318978654,2.733333
AM116.jpg,0.9717429092274014,1.2661365171232806,0.8573621351604436,7.096256857538657,0.34576372443130166,1.2906431160915472,0.7540137391839014,146.59453976822613,2.0916903657696673,1.1784744484737653,0.7967437335391145,0.31437481015803637,0.29808404731922583,0.6778478146866027,1.2349074316692332,0.5197237482411551,3.7731974751428483,191.3843728762365,42.99363363984335,0.4500878989594943,0.0,10.494058098591548,13.441682557732378,0.15554508320212737,3.916667
AM1160.jpg,0.8308417627339298,1.2192380138527428,0.8655400379708297,7.692460694841838,0.37849999365457776,1.3245987328742004,0.8210371547573387,141.27610031451349,1.8347566044739803,1.1995958596169656,0.7567832304369418,0.3029500777663033,0.28999497348825526,0.6498998967186904,1.2467169466361232,0.5700904637199945,3.4494160868034074,140.35360847343827,41.3883829095285,0.35644003289053616,3.4908618631970607,10.625,6.168873586575742,0.05306293469029304,2.416667
AM1164.jpg,1.0244168846118096,1.2624339707288594,0.8827739608512385,7.976732209041634,0.3820891211489719,1.4038514201951973,0.8024839483824614,145.38288528560088,1.978801238174394,1.0980028726390219,0.7859470781434743,0.29491808672710884,0.2983322791312467,0.8233878136890448,1.2177044698288542,0.5360962928918692,6.365294986082388,202.59907075488704,41.874215263557545,0.4174204873608187,3.1432973805855164,12.100052501312533,15.576517593033572,0.05803393282181364,2.716667
AM1165.jpg,0.8811287142955121,1.2967601933965127,0.8401427385564028,6.510083789017414,0.33028869050632254,1.479531626326927,0.9694641497214516,139.9125141076233,2.307598622469889,1.0589566551474392,0.751232916885006,0.2848089517779328,0.39627431707318006,0.7879644763241503,1.2117547349113418,0.4823822485785209,5.216453440778842,207.09404456654457,61.934565315120636,0.47185492605328755,5.166126418152349,11.969251065557135,18.30601141369951,0.022021874061191195,2.566667
AM1166.jpg,0.9168554334616561,1.254715090751031,0.8721559936478595,6.145252813505607,0.286651915076189,1.323614625107537,0.8229187339037606,144.3542073855573,2.3030083388788145,1.2454216617783158,0.7765413519027109,0.3110292007287224,0.27828233566690164,0.7265220007547133,1.2097693305858115,0.5423556708938501,3.8772574377713065,208.29940339524373,30.38321842414547,0.40862557325928145,4.957258893183932,20.493746852442506,10.065498272344428,0.06183441574708454,2.433333
AM1169.jpg,0.9568910499967617,1.2468612484473443,0.9126809425544059,6.220963776275893,0.28851818765678383,1.3785894304095747,0.7052712312494712,147.9304701984281,2.3654659621418737,1.1382184893330434,0.7945489571788799,0.29893661838861424,0.41401335502980036,0.7860017439881657,1.05919300519421,0.4902385908138756,3.856022059520975,197.95338538570985,53.487900311082996,0.3975776224274877,1.136701337295691,12.811154839503136,24.55076562245334,0.09298905885913308,2.25
AM1170.jpg,0.9847418571242857,1.2239249440493434,0.819311982426362,8.878039445500573,0.33066922637308743,1.3109100812377976,0.8915240397082824,138.5772317984023,2.265681647860752,1.206810905390347,0.7882613707112497,0.31056987927840984,0.3313066810965838,0.4826282008772044,1.1150723082310114,0.47875659213640676,5.463763835541096,205.80306541133905,35.89471510584008,0.5701536519545065,0.0,1.6433286306153325,2.058817111022165,0.010380338640563948,2.15
AM1171.jpg,0.9100565826731124,1.2297217934928368,0.9029375249623561,5.70344032141426,0.3180128944000288,1.3964233854187376,0.8400887432819961,145.54248481490464,2.3795035274576164,1.1075540732712146,0.7700135362928594,0.3035293271199447,0.42137709231039044,0.7451711275403654,1.032974112051373,0.5058489930861692,6.140472259619374,179.00578860119583,67.42976520938298,0.4408669420341169,8.813594673638013,12.431473954766584,14.903266396817685,0.11154866495509344,2.466667
AM1173.jpg,0.8591379014655244,1.2491187444228873,0.8291007430136248,9.02460817154503,0.331759599845017,1.3378272552690564,0.8694389645390238,139.48977867763176,2.0844225009292634,1.1958695530163164,0.7716245818673694,0.3061566004018704,0.40211313467275633,0.7133058078189305,1.2038019633261283,0.4701557938573148,5.164956311791408,138.5059162348227,41.923871050518315,0.47343773356408525,0.8744855967078189,9.950426987391577,17.37641701729531,0.03713711150626754,1.9
AM1174.jpg,0.950298619834499,1.2532359087780753,0.8309610670000205,6.613823988831202,0.30264970473675973,1.3585754689729324,0.961208491538897,139.28000915036705,2.4607122518590616,1.105290329179882,0.7621374920068011,0.3001267888651305,0.3132379813587215,0.5306243285305217,1.0811430215383666,0.5314880224505886,4.857181275158329,190.6880030038148,52.938564801567594,0.4889602036642444,1.2044534412955465,11.762562087090707,14.872845153147878,0.023607421040285726,2.433333
AM1175.jpg,0.9023905228659599,1.2630788457545015,0.8509264819126511,7.390508931844705,0.3473224109337334,1.3958342729676902,0.7056535614483357,149.5369739989783,1.9883737973989448,1.1309916467413674,0.7878581487444688,0.3059010192221059,0.2933056451458755,0.6327483136941038,1.091613801190338,0.5257977760973355,3.9035771906114505,174.24069122598536,26.887531374684244,0.4933415485544281,1.8508064516129032,10.685825275412517,4.810584030200076,0.023695069453778674,2.75
AM1176.jpg,1.1827361161308594,1.3388759674970536,0.8515547197273956,7.75861703182676,0.32370244781001045,1.4462657422990102,0.7994037182610157,145.7637439927315,2.2221197694247286,1.0704672944542624,0.7989715578302017,0.29795273851454274,0.31731104682258626,0.4947238636531367,1.1963915425729084,0.4089863553478641,3.8454577856549643,208.79513977868373,41.93182319576914,0.7044770175233994,4.068860043544112,22.55241935483871,15.607925085388445,0.0438410739006624,1.95
AM1177.jpg,1.0316116142801823,1.2896435080738624,0.8880995085450285,6.556472540635376,0.34383787257246723,1.3352167872138443,0.769105904152527,146.29068312681756,2.0340506023768916,1.1062328229826885,0.7876804117339902,0.3050808811658187,0.36312813260073773,0.7496106678292661,1.1451470773872778,0.4752915134222076,4.750943061006257,207.07341383676084,22.275908334192962,0.49101118142083805,0.7395591647331786,6.405274932297186,6.687212033278257,0.018054542003672923,2.0
AM1178.jpg,0.9269337884939689,1.26165576528753,0.8782136244883614,6.915428432107321,0.3121207563334367,1.457519390053644,0.8626652223002234,144.50112607553135,2.342154743241504,1.0976770852795659,0.7892420642310186,0.3020913443592905,0.46214702136221475,0.654635501143323,1.1321654662470209,0.4404555052219957,3.5418096782682618,199.60379379326218,34.48428829875667,0.4562609714683116,0.0,17.71818378914114,3.103440173376214,0.02244577400820084,2.133333
AM1179.jpg,0.9239170723119828,1.2508084998837905,0.8444596536891239,6.290401057656338,0.3661652310710081,1.3831347631998177,0.8533916861771855,143.10291316500107,1.9720124723064485,1.1276591203608077,0.7574706800406491,0.2971330113421875,0.3374429262526322,0.6220906372156174,1.1486653519005225,0.5566319237741644,4.396461133943353,124.90420381527989,42.17375303331116,0.353846185595044,0.0,9.66391736066624,11.468177852938133,0.06915113911786112,2.733333
AM1180.jpg,0.810687073810555,1.2454979900460386,0.8764099860950053,2.989403071617678,0.2953016189402663,1.2662765377297558,0.9293962080438549,141.98249323132075,2.360731934498483,1.1184676498071744,0.7402880419710514,0.3166311717521807,0.3837848828014539,0.6884141156813747,1.0964107251390827,0.5430440243980117,6.930963006568575,218.77970165910034,37.20348544288413,0.4180660067607166,0.0,12.416966211358734,4.5148445732852736,0.02454086514816719,2.75
AM1181.jpg,0.9575777827484807,1.2518789850345555,0.8309988869373715,6.373809812622052,0.2797838368663152,1.3550950266437658,0.8931787981902016,144.08596526937265,2.616531244321213,1.2466060695216137,0.8034845031852325,0.3106833201328166,0.3005979984187707,0.6576323210747356,1.2443772748275965,0.5576185907504464,5.701116199659218,185.2843075372872,62.8561160479255,0.32852543434367126,7.727272727272727,8.195998849862868,6.112452455842416,0.033028271508927884,2.483333
AM1182.jpg,0.8769504910309437,1.274871696845198,0.8118045387590079,6.207195594915788,0.3557661060614514,1.425128075469784,0.7105136303489235,144.9445909766564,1.7535399636012499,1.0797559106414032,0.7697606853249033,0.28694708614463343,0.3886205822334633,0.8488511525788952,1.170083648216165,0.45167157949361353,4.996994415199285,140.70718024868447,65.62425341941618,0.5716732009288807,0.8162612035851472,9.08073309360863,9.050676946832326,0.08592409156789003,2.183333
AM1183.jpg,0.906465260882973,1.2729842712810702,0.8731048494892422,6.219227307296819,0.31627722474343145,1.3016174667968836,0.755070130323572,148.5516342407823,2.217245821144738,1.1380385334758079,0.7856787585222555,0.3108770403926934,0.32303971678946153,0.6563551059348061,1.1483776372913619,0.5358682072773253,4.501080451531923,201.51462587175536,46.083390440519935,0.43757902016759703,1.1940686784599377,26.938859013327097,7.22928786261626,0.039014445664167285,2.8
AM1184.jpg,0.9647276380311927,1.2463719948056424,0.8717369564451898,7.073749032403867,0.34718029874469347,1.2934769662107184,0.6045614460054229,151.8603335843909,1.9350085780699482,1.1564173563225402,0.8115548691366463,0.3162637280424254,0.28808221340690565,0.5085619529902944,1.1393326601026272,0.5002888900791916,5.3700307930505975,135.15816927075554,38.33682634509607,0.5556862889843533,2.0901639344262297,7.9163029625879435,10.482309979670688,0.04046999372433792,3.033333
AM1186.jpg,0.8976486828204108,1.2579510110984284,0.8760981656292065,6.11937687386815,0.3400092006422947,1.375420200419479,0.8990467954414624,144.00146007934507,2.2191599626864313,1.1315230242894947,0.7426689401790076,0.3068463586916337,0.3876793891568041,0.7486632108471339,1.1512605195679868,0.5036353563000722,3.3998796135571334,176.38835506206587,39.15318336591602,0.44819025132882506,0.0,8.964046426136195,6.045365417670567,0.09394243408761653,2.383333
AM1187.jpg,0.9701042791180763,1.2765147615279175,0.874354194427775,5.380697320695954,0.33106130051381316,1.2384412837713685,0.9850934495379439,142.47873136433023,2.3849119379532624,1.2122992769927092,0.7596490162578794,0.32519392785032863,0.30708497495640474,0.6825614753429513,1.1185022708619565,0.5376257631712894,6.453047713741874,190.5619998072445,45.19919096459168,0.45060197507255684,0.0,19.753407800075728,16.317758378786195,0.03463888026674044,2.833333
AM1189.jpg,1.0770621867216952,1.326845936636213,0.8031201718977857,8.702010927607137,0.3167168365517034,1.3304594795920666,0.9563412689611773,140.14881508325044,2.4850941228382237,1.1253924054271371,0.7792956153024728,0.3027624466304379,0.4144699702688518,0.647974722896909,1.063051532800065,0.4708879224202317,3.282722572339702,140.52381289466854,43.08618508280759,0.4945515161067027,0.9659090909090909,18.57629319482722,12.697174994147723,0.07371355729192444,2.433333
AM119.jpg,0.9637680961326769,1.321431565558154,0.8335010662148779,5.986486971785267,0.35110938729567714,1.197890728442094,0.7619767805507535,145.94134522735766,2.00589543690359,1.210513662971502,0.7976717049777428,0.3274151778386863,0.3586281920365521,0.5615747536538716,1.2394001779796993,0.47118340672997233,5.896615737183128,177.93841984538273,53.27099560295848,0.5211160166099926,0.0,16.049144947115227,7.413475397660875,0.09719134548458778,3.833333
AM1190.jpg,0.9753914128219653,1.2819584372924484,0.8367442616282025,8.910858346990981,0.3380471972545803,1.3905217203490023,0.7898566879883211,144.15004170101216,2.048182180870263,1.1044825710462287,0.7918462247224869,0.29983123252440586,0.35519039280843906,0.6873756234948801,1.1398783547296196,0.5302262725767672,2.7121820772115335,148.87169094934103,37.36591970065267,0.38989683995145924,0.0,11.292691256830603,15.268150216287587,0.04824133148319161,3.05
AM1192.jpg,0.8237366097363673,1.2564434830795546,0.8290555276164435,3.6373452886112765,0.29345652795782007,1.2665168847931725,0.8543969874433184,144.20379000572933,2.3922274384062425,1.2574469897456864,0.7671012264928216,0.3189698204880686,0.36949044918041446,0.8080769250550195,1.1289081234038625,0.5304182070407693,5.685240758230506,190.7108506538832,45.776813714569215,0.41141173955367466,0.0,12.105263976701348,10.368713250506033,0.019964380974271438,2.883333
AM1193.jpg,0.9142181332081403,1.2610154095124675,0.8353852549067745,5.720029500040577,0.3235932549277151,1.276227237278715,0.805870202370781,144.76782352260994,2.2034733164919267,1.2493473640066493,0.7915022658924432,0.32642626100564665,0.4003084052188783,0.5303383955367752,1.1791709137643684,0.4583201449854676,2.4694516810110443,206.64278334040364,50.86538374884478,0.501276389337887,1.7599693251533743,12.251851851851852,10.123181315674856,0.044546589599600964,2.866667
AM1194.jpg,0.8998851728990512,1.238658531467198,0.7966247375223368,4.017168578709577,0.34242906398456924,1.3158508218143363,0.967502147445172,139.32520234531037,2.2571198167253104,1.2304614904754743,0.769514886244352,0.3176015543465679,0.308307698282874,0.5546277032254737,1.2263933913546405,0.5367254122922912,5.165367015870473,194.59387069638524,40.82100327603581,0.4569161047695012,0.0,7.618206521739131,9.497970338923224,0.04050096281389746,2.733333
AM1196.jpg,0.8413259374023386,1.2707527977538677,0.8869806626511811,4.854575087960711,0.25558626784645233,1.3507687269223196,0.7396434123026833,149.7542985334785,2.7306275078070517,1.1418072436343865,0.788452464538633,0.3092494268967915,0.4140743281902947,0.7186127839349323,1.1059978239108055,0.47483208306245267,5.931235949033864,182.63868035886367,58.35740607758939,0.507170630391104,0.0,12.968363338282604,7.187927172305152,0.046688896766397994,2.366667
AM1197.jpg,0.9286445010453801,1.3057725110985094,0.8901782547424625,6.947457047869224,0.28336320402974546,1.421692123730145,0.9058316317588417,142.8426596808921,2.5280025366196,1.0885885592026097,0.7661268368862095,0.29430395780455637,0.3088947433955781,0.7946462242492467,1.1624606222493754,0.5073946529382017,2.3455953043684703,200.8209755453116,33.047317008726225,0.5028091374833337,0.0,7.507771164021164,9.597021260981947,0.025533500384494333,2.216667
AM1198.jpg,0.9111479299800079,1.2793386802016418,0.8067041782116641,6.974597999871829,0.34036940363559665,1.339577329287678,0.9675521192047578,139.51889706964567,2.303065518793156,1.1276211672251557,0.7620050345877319,0.3084302037734386,0.4440497061720555,0.7206563702509852,1.2323550903037008,0.4460959463585724,5.29638418379956,192.7560867523269,51.6504339932421,0.5281338560007255,0.0,9.79375102509431,1.9674411111436,0.03283735928804218,2.583333
AM1199.jpg,0.9250407380956001,1.258584260364614,0.8251740579210943,4.703485261924527,0.29679579402309825,1.2046214509700237,0.987959481957504,138.630363537959,2.5342235131889295,1.2779145893280013,0.767451826741915,0.33034342289463187,0.37104407489293845,0.7105786023546866,1.1777390209077818,0.4876318784392684,5.500665878954363,202.1028281194612,48.82282811946121,0.5045660475526359,0.0,10.874070897655802,19.554282202815145,0.02936964162954265,2.683333
AM12.jpg,0.9060504035645481,1.2467357069332816,0.874591603651096,5.760197034086806,0.34094101531304544,1.3405620801751799,0.7827001066750331,145.48879456463965,2.0438179559237097,1.104581269453395,0.7885427155941898,0.30552465751351543,0.34279905836445773,0.7066578290954937,1.1737130063762244,0.50600356096914,6.238444543492978,188.09857597563646,50.081062840785336,0.47817208221057433,2.171232768098782,5.59739074901925,4.480783060955872,0.04065412800296898,2.533333
AM1200.jpg,0.9168194066704795,1.2871570370837986,0.8309338145739861,7.389014672232533,0.37076274532641146,1.3820885157048444,0.7820515686696985,142.27107497885254,1.8958214537118196,1.061429695106227,0.7749669536368508,0.29287788316170077,0.4273364873676834,0.6173332876972554,1.1906769562549384,0.47691945900966354,4.780170718925906,184.04106828293254,42.60923279169111,0.44853285651367375,0.0,19.932614555256066,18.938117569573294,0.040048931467572366,2.783333
AM1202.jpg,0.8824518817602558,1.2553503051140746,0.843216664789822,6.779345272699935,0.32743903345120906,1.3953688970842624,0.941130492955019,141.33019622596186,2.306573815581703,1.131876346715184,0.7634284478944501,0.30129875866179573,0.35848978197466885,0.6703223524775378,1.231406133473054,0.5284680734515127,5.303739008684454,221.82410091644763,54.52301788395667,0.39772433905178234,2.000416389073951,11.111931102253006,10.22702137816357,0.04283421555573647,2.683333
AM1203.jpg,0.8574645492155496,1.2954983579474633,0.8335098407049163,4.139942478556426,0.33025522273367947,1.2983014626532372,0.8646218560499203,140.9996648078407,2.13775421136713,1.1316941664188747,0.7551894981431064,0.3093953174644133,0.43518206182214886,0.8148742818684775,1.1102700104371568,0.4903385948385891,3.6200732985055866,213.7858268704154,49.92652639346787,0.4678950622726592,0.0,19.897858273056055,13.154580316233478,0.012392297371358732,2.833333
AM1204.jpg,0.8887216233871209,1.248377742934396,0.8880073212550715,7.4634481897323735,0.31110918355856143,1.3705089711396494,0.9140584478711884,143.6930496715297,2.3761780319987027,1.1470245783980486,0.7727828891805809,0.2986894177605548,0.33053652374496784,0.6300138416112727,1.270769544579801,0.5065376237703837,6.825108684902737,206.94837243812654,47.73176593993159,0.4435278539630845,8.339619359459736,13.232954545454545,12.979774944869362,0.04222204579527229,2.533333
AM1205.jpg,0.8403386871708814,1.227207836836986,0.8292098691250821,5.9934073730680275,0.32833450328569247,1.3141172146875855,0.7944445625316862,143.11806176548248,2.124777268424302,1.1746823047808084,0.7711999529625652,0.3048132456872766,0.3692924079067948,0.6456061012211318,1.26419057422502,0.48490310046268703,6.150121319999213,145.27824534703794,51.247224938874666,0.48464522575660773,1.48518780481787,14.77722121139049,5.039977714965005,0.054480742235251345,2.583333
AM1208.jpg,0.8576112845747554,1.25382759171762,0.8605553298410777,6.380975515291437,0.3423336405163654,1.3643545166383175,0.7246977593335184,149.28846313587786,1.999687223692886,1.2096722245619909,0.7739258175773372,0.3045803176495304,0.3099945778094339,0.7999981467119524,1.2499526121647735,0.5145831463816963,3.1620790940095516,196.68665250671714,41.20866955217167,0.45163152680944996,0.0,8.528487641390868,14.509042425929437,0.05209280990678252,2.333333
AM121.jpg,0.9410900217075046,1.3120257310264465,0.832217505307851,5.5850446540252925,0.347253698904506,1.3786705230284473,0.8940434237668775,145.13084518854208,2.1636750134749048,1.1835129274738754,0.7676811755909005,0.31195447559058764,0.20631603440457527,0.6325263690092924,1.1469785947194824,0.5759050573529827,7.854076230665621,157.34509960436807,49.45393581126463,0.46025424544224447,0.0,17.880908385801625,20.224302784463163,0.06980701161384548,2.55
AM1210.jpg,0.9769062340946235,1.286107499336608,0.8884641867068239,4.372165138676477,0.2809241743272812,1.3352304436449967,0.9417690162617122,144.51076300042664,2.7759538956809138,1.1575003051468518,0.7780002113127111,0.31247758624050925,0.31903899974520605,0.6672025698613555,1.0633187364745265,0.5509130884822521,5.147241677647338,149.68792953870633,52.706621127491374,0.40735922973041466,0.0,12.061709156277724,6.911292740261629,0.03147242306431415,2.35
AM1211.jpg,0.9263192327304306,1.293078486318911,0.8496328923341859,8.667507765688674,0.34953866366818254,1.338256306883234,0.7228530540336227,147.0161205408981,2.0352378735445873,1.1814769737660065,0.7909005107537169,0.3121819256075668,0.47745809548756457,0.6627887138177936,1.1657525962125235,0.3986787220440965,4.058551611753909,197.20712090678336,40.94616200267376,0.6018584377435291,6.680336378737541,20.168348954578228,18.568027597746834,0.021512333812209457,2.1
AM1212.jpg,0.8573600496153663,1.2760659402936694,0.8172740282591693,5.414528505151403,0.3025972669571486,1.4124314849542807,0.8599076965070357,143.64254939866282,2.3916054489590164,1.112496886782735,0.7743164220517416,0.29838475184369756,0.3279196600172116,0.6559171335213076,1.1185563203392581,0.5071637166265437,3.9863394577256352,220.39198896161827,33.0158871006976,0.541699997997054,0.0,8.739285714285714,-0.5523123668017433,0.04490921578002482,2.466667
AM1213.jpg,0.8123952559674641,1.2114305747361318,0.8422590213170994,5.035768479750803,0.39024016358827956,1.420709733228366,0.8947123729703724,142.8394054787359,1.8934676872965763,1.1331570633833596,0.7443774641286619,0.2963984023936048,0.35254350854844113,0.7486039717586479,1.2108596479812432,0.5295059500191046,5.577961010513189,206.08724789744429,43.84021052278612,0.40981141536504173,0.0,13.03076177788543,7.076110886307262,0.04672514659457218,2.216667
AM1215.jpg,0.9366027877896322,1.2268722870256277,0.828757298673424,5.942633470063021,0.3494017198802579,1.3137203580372045,0.9079338484023287,142.60965155811388,2.195238073395344,1.2602085735674045,0.7754587017620002,0.3236939376026646,0.41955035845079736,0.7458419577347541,1.2528081362894448,0.42726534128376786,4.033626325750095,188.77200060625034,61.46716371086225,0.5551935028203351,0.0,10.575370930072811,11.439285875297216,0.06169670635662501,2.3
AM1218.jpg,0.8872243866051167,1.2753715987351435,0.845915906864572,6.945948780950717,0.3492827033938134,1.2656078247393467,0.7677806189328933,144.38934329097464,2.001237561517985,1.1943890220104088,0.7851508021245421,0.31577683413992924,0.2913592574567719,0.5744776183890704,1.2280500294070174,0.5347251695214545,3.4878204234346075,183.72843031899833,50.6275043930724,0.45163296732631714,0.0,10.740493246373712,20.21271233177208,0.033399394162358036,3.566667
AM1219.jpg,0.9559224388540022,1.2650378324836171,0.8725424899173254,7.310835532733632,0.3700670833134202,1.370192249493675,0.8063824095241522,144.3765247989857,1.9207220201938893,1.125777592804814,0.7762937561183861,0.3001630619618545,0.3430185104704603,0.722637370521964,1.1972771538285953,0.536684281175165,2.991600148559363,179.76311854303697,47.078718830599854,0.3567969765730114,0.0,10.544670709732422,7.860864384051041,0.02208756573001553,3.15
AM1222.jpg,0.990674297309043,1.2601669863274716,0.8321346206289416,8.580023277736714,0.3669359611764089,1.398633651319537,0.6500328429613857,146.73895422226053,1.8549143048534238,1.109701123479534,0.8001403788972368,0.29756588710682014,0.31487720320383994,0.6041300664755931,1.1959074834322967,0.4661686495754436,3.8620256563009647,126.8312215242768,50.577198535771046,0.5774432775688658,0.0,10.896779425393884,12.117311761232152,0.019269825192779498,2.816667
AM1223.jpg,1.020492826968189,1.2966927378063438,0.8456931990961979,9.236850610580444,0.36692092025702217,1.3760945203464463,0.7964100046049265,144.2493183064704,1.9900950027638598,1.1090173681909827,0.7871758617056867,0.30139146658303423,0.4486792553551973,0.5840867294503729,1.178067198998468,0.3932928028424038,4.86076939207772,210.88634420169922,43.645972355749706,0.6279484214427908,3.567746686303387,15.319103773584905,5.9281621256923955,0.02491030277686302,2.633333
AM1224.jpg,0.9447579031850373,1.2756167823884668,0.8384194401541664,6.667887181153375,0.31962525941894154,1.302308391667951,0.8797654383513827,145.45871468108612,2.3137195145181706,1.1775105842476896,0.7799268347070383,0.3137879171177755,0.3848347943067471,0.7323445047786136,1.2406479728198123,0.48650045992870744,4.12711020295913,187.9487697812147,51.174856737736434,0.4398849349663992,0.0,13.99076666064656,4.4198879430744995,0.009235238999288624,2.533333
AM1225.jpg,0.8982297016964799,1.2788253821232054,0.8723600546831164,4.895880696991519,0.3255077803747796,1.244501029840557,0.6678628062637819,151.9712975921983,2.0879797348713094,1.2384384296569115,0.7968158231146186,0.3228101531384888,0.44013165810425087,0.7512520435660092,1.2315752486120355,0.46572627936147715,3.8877942990888616,197.00078705563607,28.438943886678913,0.37703625930735674,0.0,10.464167455061496,10.722443922815316,0.02822413158481491,2.383333
AM1226.jpg,0.8676782676092323,1.2272691702358038,0.8761529543856057,4.754322906976864,0.3113671545751957,1.3395632766221253,0.7886687100491376,144.9089044349546,2.2748536965770265,1.2108604912384056,0.770488948340134,0.3104641830384592,0.2935245217195606,0.6859278176128243,1.2456475492415553,0.5545860378441678,5.258564632142029,204.1299579309728,76.45375944485002,0.3781653690814007,4.7493952499633485,17.700302343159485,17.366672422699153,0.035631228179936726,2.8
AM1227.jpg,1.010126122797466,1.2304999856447176,0.9005836432197958,5.0125040511495715,0.24852166427236325,1.361211357388396,0.9624045488307978,142.48403902437553,2.8900846998574172,1.163956656422269,0.7915801896299294,0.3068846544224404,0.2657045969739912,0.5002184901459475,1.1692033262172752,0.5098297026172556,5.591213964082874,174.78857966346288,51.986907023080576,0.5208137638373522,0.0,16.673076923076923,11.050288020706361,0.02304807666762545,2.366667
AM1228.jpg,0.90645891807342,1.2270829551622229,0.8452715397916247,5.562901823330659,0.29194714581885634,1.403547176673222,0.8183676645280447,144.57361377372155,2.4584405157247042,1.166586234978092,0.7820584744231336,0.3062750966826667,0.27447564128547547,0.5895085250614978,1.0932368058856263,0.5639096343169815,4.17177441030092,185.78576083992834,50.059094173261684,0.4289104344978464,0.8991537376586741,9.243070362473347,12.799653237171682,0.014946285563256398,2.366667
AM123.jpg,0.9724363985985673,1.2843271632496227,0.8415071557835803,7.392880984535466,0.3602106125646519,1.294657953197633,0.7147337796969779,144.82200574271423,1.851754602224038,1.1674833548906534,0.7962144486870781,0.31307822741729624,0.2769674407273714,0.5769498551219798,1.1885059119669068,0.5374103606818219,2.8796252743751127,217.23257142237156,70.65561015126929,0.4527840140738194,0.0,17.49042705088266,19.2457759357563,0.03208982075418022,4.383333
AM1230.jpg,0.9298593959172133,1.2129515724025015,0.8781668026522323,8.057434624769854,0.3277577768479234,1.2849703320406327,0.7951271684805833,145.78671837242945,2.103865531323239,1.1877398854453776,0.7922198238028542,0.3115186762848802,0.3597531435644617,0.8029971091221442,1.0629718707369276,0.5511840371469756,3.8551937320697762,184.25847225666163,50.100523538712906,0.36004961249722195,0.1847826086956522,15.155566890119498,18.011768615691082,0.0203803860275481,2.583333
AM1232.jpg,0.9983515323907267,1.2408980155289464,0.8408666996133465,5.442075901477841,0.3054378358487324,1.410368556130738,1.0169907586732898,139.9588127494273,2.6550480181183578,1.1786736973512866,0.7654601901838914,0.3058974556776358,0.29792864459847324,0.7563874708675505,1.1350079817580454,0.5315883990764187,6.077879948712708,200.5414002404836,57.41188856320122,0.44835507097817234,5.853658536585366,16.911614081182783,13.460774150509991,0.016844634402189907,2.45
AM1233.jpg,0.954143710619783,1.2983351781198382,0.8598070104562104,4.406322999509708,0.32305383642508934,1.367774544833561,0.9355427071893301,138.38711804004276,2.25991539044383,1.1378412601346692,0.7295149506271118,0.3021584542112062,0.33370432260184774,0.7839953960662109,1.1380061761536207,0.5183233350557346,4.406044857749283,145.98396801723,51.920026717439654,0.441235967937572,0.2073170731707317,16.57577838827839,16.50544056427563,0.03173854016417928,2.616667
AM1235.jpg,0.9763693575385084,1.2739705682691131,0.9237784986773047,4.442973777447558,0.33354698574678643,1.3320995312808939,0.8397413423638143,146.03877712639556,2.178860027909811,1.079794016630724,0.7582775358551239,0.3032992369778134,0.4074059643389905,0.8138081269030557,1.1659086501371037,0.46069096758875216,6.760216585137172,151.46307738459393,46.53993756447946,0.5003793531302552,5.072726200306712,7.424735851787524,5.308318676504086,0.04837855334083878,2.283333
AM1237.jpg,0.8592513818004617,1.2494173442158771,0.8588763684186239,4.275700405291782,0.3200028143067599,1.1882091029410695,0.7661352927805212,147.26111365554615,2.2216115138362196,1.2602732107331056,0.7866694520334012,0.3356821074006423,0.34719304272891893,0.6372914025633569,1.1672314805310502,0.5381256289443846,5.380692924101492,160.39380839076756,37.64980839076756,0.4146684452691098,0.0,5.9535855025808955,11.918846666709769,0.018714590231059862,2.566667
AM1238.jpg,0.8539984422636194,1.2717417980268366,0.8886276200450425,4.160262984042241,0.3247650813085974,1.2008178934907479,0.8796011841672715,145.32093841974518,2.2542241357431787,1.287654203928602,0.7504528079250428,0.3344073642496066,0.37456500813562893,0.6581726560644735,1.2274741009283379,0.4786272164821357,6.036577566357299,183.30782728185613,53.395245582509716,0.4952333505826887,0.22566371681415928,10.256796312495794,13.033383069550453,0.03976331836375426,2.8
AM1239.jpg,0.9475810585965605,1.30383532454489,0.8863168385913861,5.845507816812523,0.321824556245161,1.3681507882724646,0.8603391854896132,144.8013665077582,2.3321570610455513,1.1287871553774629,0.7776299886728116,0.3086428926205526,0.2819026540533459,0.5986589870688718,1.135753922874744,0.4822331236361041,5.071028857571221,186.24093002673135,33.59576873640876,0.6415528086082505,0.0,9.414737276336822,12.86705886850335,0.025677508604190925,2.633333
AM1240.jpg,0.7548644555703986,1.24636472148114,0.8854447295019452,4.104207461740966,0.29537277322232314,1.392349755545686,0.8393196243800878,143.99417431202326,2.356043359554178,1.1209546274345425,0.750418878489887,0.30271519459709423,0.47379040759895286,0.7719819474084471,1.0180837137879122,0.4862175660056686,4.985918514420091,185.66229304817273,51.76984920882623,0.49227348465594467,0.0,5.6567998533724335,10.232537869265002,0.038670288367604055,2.3
AM1241.jpg,0.8561590678218889,1.2525716280700383,0.7842680712470016,4.511951474316985,0.27347518463192355,1.2881231341535382,0.9013952486269712,138.43584221449208,2.5043661999844944,1.2040090535762706,0.766298402763658,0.313438228805868,0.35565198556230393,0.6096553663478477,1.1621232002213902,0.48696884646629374,6.7368335854631916,150.96481937285927,53.509664301610314,0.5460868734190375,3.638181950262731,23.645001952362357,10.587421622400782,0.04497014059424187,2.3
AM1243.jpg,0.8887454098387092,1.254402268747882,0.8218590334552126,4.8845030924010455,0.31689025175350843,1.4687316700001296,0.7503434090671922,144.90794225887555,2.143375135926808,1.102284150686792,0.7706146370228883,0.2883029698107835,0.3642675851540935,0.6227346203520585,1.1291928074673203,0.49381090209876705,4.5659610824885135,116.80287739315891,43.47391851301893,0.49106756593854844,0.4200988467874794,16.852671547112312,10.260163668172517,0.034513782086760265,2.566667
AM1246.jpg,0.7960702283309767,1.2463531621712978,0.8772120978502974,3.9414473704271873,0.3065842011827785,1.3397068381552115,0.8479357428938167,143.93500965102544,2.2527273991469254,1.1297406878296132,0.7409254893536115,0.3099451824794124,0.407281138464251,0.7249262844548829,1.0345671027691383,0.49667926893440795,4.362376375436245,206.20400125893772,50.894048652302644,0.509004452947641,0.0,16.983404834690575,23.14896619298034,0.03910507423848,2.566667
AM1247.jpg,0.9190089214602547,1.2881082369009396,0.87217972064302,4.533629050573909,0.2872095897575345,1.5579101653678016,0.7642068058001729,144.6919535556617,2.3053942979523,1.078981197824599,0.7780518299928167,0.29023862446435705,0.33412820849347996,0.8007129935122601,1.1612441156879043,0.522620185266872,3.499846305554928,146.83904769822135,37.78478997403144,0.37881758202479815,0.0,14.49589376201293,18.69464656317846,0.03165893885021975,2.1
AM1249.jpg,0.9629673043684175,1.2888277912479638,0.8982617841312093,3.2595959836711743,0.3101600905532401,1.436780432951328,1.0053497174590305,140.0519590027007,2.4567394793914628,1.1191101579243046,0.7336779578513799,0.29590417523586726,0.3384417160252162,0.8216334222706752,1.2319325987747254,0.468432092567379,2.4816732666451937,182.60218212494027,36.37878806933145,0.521158353315139,0.0,13.501071768815498,8.087721857711017,0.06652418527501724,2.416667
AM125.jpg,0.9603426267237439,1.3228605098809254,0.845262579861047,7.210024107903827,0.35836941203912653,1.2529569223120591,0.7354417385347772,145.53053682594168,1.9465865594372271,1.1117295396501299,0.7918624576767357,0.31522701469990666,0.3971006240256698,0.6537369241791571,1.1021603132252504,0.4814870523358333,8.735242105347403,201.32000262118987,68.57821025206832,0.5090637016097589,0.0,22.891534391534393,8.03902925045655,0.01660737584517364,3.9
AM1250.jpg,0.9084506889754737,1.2870834464023646,0.8719818004305597,4.488058233554867,0.3031313539639411,1.3771993015910293,0.8086274800755678,143.8447269606662,2.3532386291948395,1.1049255413559422,0.7792200249181976,0.29739566506834225,0.28094031678044595,0.696912510873451,1.180414587048903,0.542406833284341,3.372567879485101,200.50422321574,40.844318681133814,0.45851255434542676,7.961595741309927,14.431267105199982,11.34362371232885,0.05036547190964239,2.666667
AM1252.jpg,0.9430535379403595,1.2853247115728668,0.8388738847554598,3.466750864750376,0.29284268856345685,1.3721805061865264,1.055127346887397,139.72217706758386,2.6717614733432544,1.179381793394543,0.7511562073185069,0.31160922148833486,0.3116626900977264,0.8913321172349229,1.204729310657636,0.5603679018454646,4.754767442522781,210.4303306963916,39.81224951557979,0.34801699304240363,0.0,18.667359140932582,-0.0022962811952993434,0.02647337959909396,2.2
AM1253.jpg,0.8920704715970229,1.2711665598807869,0.8333112205805391,4.877149611322007,0.2685112722035246,1.3965786713169155,0.9771311704478184,140.04774719919007,2.749159102558436,1.1290807012370534,0.7520799141271506,0.29911819545592633,0.41133174795572036,0.7769007350843389,1.235597090092457,0.46631067987657304,4.305497865287308,211.95705964265625,64.91229293395511,0.47386958411780616,1.9615384615384615,13.312489854944147,11.471910183254082,0.01081533749498625,2.483333
AM1254.jpg,0.8792078557546128,1.2288574204373475,0.7956625112378619,6.807309394804305,0.34657253793655884,1.4576601028526652,0.8129756847427901,139.53483118578015,1.9455033372194945,1.1013807597373046,0.7576398136663319,0.28988007832638774,0.4351604911327867,0.7173667498764427,0.9836687505484192,0.4802474066975067,5.44108466984774,191.0252174405935,51.37200643141918,0.5391044226841087,1.0774647887323945,20.12902304322986,14.77045105486404,0.04715627370138229,2.466667
AM1255.jpg,0.8848913962942428,1.282354351583808,0.8028376452733165,6.417611266665583,0.3497075232703505,1.3468083726616507,0.7655733217140757,142.78391655472765,1.8688041819964307,1.0540212475607773,0.7638439912416868,0.2905615909853861,0.45249207065704516,0.6536589896120912,1.1158875579706602,0.4400482177028008,5.525108391305842,151.39096066192434,69.84252860617521,0.5994650027282062,0.0,2.4817518248175183,4.210340578175646,0.04483896167510036,2.35
AM1257.jpg,0.9203159223852495,1.2633068485221317,0.8736544316074482,6.802112140482295,0.3511553580990945,1.2321656680062423,0.77364895701295,144.22103876995786,1.9260378783383256,1.1824279538044902,0.7816632779369401,0.3208212227730769,0.37434753040104435,0.6799156794066352,1.1057369026296788,0.48472094752945966,5.427513994317783,208.32088721596926,48.30587783510623,0.5164695754016357,0.0,8.060418578490868,4.796744760392841,0.01633042036123051,2.6
AM1258.jpg,0.8871022220393778,1.2806635031973244,0.8613074707888596,6.186483946304985,0.3187342139366285,1.419382302272472,0.7977405319767902,146.47170272860177,2.285056754930383,1.1399003114183923,0.7689266284646502,0.3024321671533665,0.41789801122350634,0.70716114929482,1.1662315255104794,0.49336462544606524,2.671826838785135,177.01112773745905,41.56060480906001,0.3980178085063692,0.0,17.30576945178715,8.132990946849972,0.040636367229789125,2.7
AM1260.jpg,0.8064647600522149,1.2464507869016956,0.8792302873380657,2.36903000512092,0.26276415528855795,1.3433001612108553,0.9384019378945693,141.8128513817577,2.780998793378917,1.1616437422061807,0.7410785929943924,0.3105317164359912,0.367741228789251,0.8123424176223684,1.0938756690505331,0.546131676193137,5.097642171916009,176.00440506292188,79.15866038207082,0.3999563128809011,2.03728362183755,12.087106797865394,12.103727657485393,0.04111075996458051,2.55
AM1262.jpg,0.9686829064143943,1.2985031599067651,0.8388069933498825,5.528384928627736,0.3420856010477702,1.251596895885905,0.8400658191983322,142.66961546422368,1.9965032010235289,1.1374379465687665,0.7803406502964706,0.3069832137807904,0.3048193672941567,0.5970154329314402,1.2019915051494945,0.5066631798654947,6.003866966916837,158.89336442480771,39.35974186515479,0.5095881538376751,0.0,12.290462427745664,12.539564973182195,0.020478780228150827,2.733333
AM1264.jpg,0.8673383309150492,1.2831800906494224,0.8622318419095562,5.808106464196081,0.3410534511961184,1.3699832194685768,0.7015836446067191,147.3010496716355,1.9248226524390575,1.104769139967747,0.7917500763978544,0.2994899068759444,0.3433319012467957,0.6517238000910348,1.1610947118349764,0.4782012886660843,3.7188825035974884,186.15804214497078,42.29243850032387,0.5709412609009958,6.356073725878278,12.640894681225785,9.296244342383517,0.06801122448894345,3.0
AM1265.jpg,0.7530856184812313,1.2855533283960021,1.0317849615624204,3.5017115641448964,0.22590574507758016,1.4332319591156422,0.655328929259459,150.18015796975084,2.677090703430897,1.0893541583719788,0.7403905379487874,0.3037460690119797,0.33408935052493965,0.6869541236614151,1.1340986260659132,0.4975897477211082,3.980852696294444,199.17813402654446,54.574258057552214,0.4724250829803331,6.555895714003555,16.626895301560275,12.788464710082877,0.025004667841343114,2.083333
AM1268.jpg,0.9225507882179995,1.3072335088460578,0.8687614916317086,3.2525374997073246,0.26545364494279244,1.4443679796772197,0.8590356992444891,146.27120791471012,2.8016993248382507,1.119864218684847,0.7722481431597615,0.2997024377345774,0.34737217139010207,0.6792665856780418,1.2074746321380179,0.45203630381574095,4.140596110239431,182.96529110476712,46.07350595468813,0.5955522306305042,3.339753466872111,13.943532332681063,7.901239205594138,0.02627376150593842,2.45
AM1270.jpg,0.9067562532533571,1.2326556390420425,0.8573144621637039,6.400451755635466,0.35331503517851315,1.3910567443424438,0.933382868763295,143.3733757159405,2.2281956707184447,1.1541003469527753,0.7552220485729758,0.3118030860309132,0.3812448551844082,0.6128465037723178,1.0300722899910755,0.5338844718377522,5.701352422837283,155.59659386546707,41.72046093495348,0.4338808766597511,0.3711790393013101,13.403689992834966,12.699959250082458,0.08241902465214632,2.35
AM1271.jpg,0.8252691911733476,1.2780341101541797,0.9186365049220933,3.422585624006391,0.28457538873479804,1.3528426849909485,0.7437574687587625,148.84486190094253,2.3305781013791824,1.136209349121579,0.7634828727711236,0.3101378911737957,0.3969623494997861,0.6303583934317387,1.1589679308309382,0.47474789276388507,4.728218632447916,179.21298313254815,38.31836264618116,0.4928431544306771,4.602070696507007,18.942307692307693,13.394350129559314,0.030773493944964713,2.45
AM1272.jpg,0.9038023720289173,1.2647891839571639,0.7804641254907051,5.565312418840101,0.2850419711864559,1.4928575515716567,0.7773270074039702,145.90582530882443,2.4790721648939638,1.1386141826060256,0.7943147765881393,0.2922657166008466,0.34716480250333553,0.6415668360294495,1.2074879151629687,0.49280100994410353,4.4089075416460854,194.15372807241047,56.181805826190185,0.4543203277740953,0.0,23.023194894265572,8.295847411231406,0.06121062853254892,2.05
AM1273.jpg,0.9275423486475053,1.230814435131403,0.8659624842913072,6.729700681799633,0.34810751538302204,1.3546864348138297,0.7746693364944457,146.60294144282187,2.012467076797296,1.1916532679901477,0.7898572882774236,0.31098393273856695,0.36642519939135554,0.7307860507996757,1.117818190439258,0.4874461272650034,4.999493146427778,178.06366178885537,44.99353428430163,0.4783895917344529,1.138392857142857,12.206948779144483,10.644970545767691,0.027640490313371256,2.766667
AM1274.jpg,0.9524117178144297,1.3059752677377672,0.8730945108585207,5.264433111934033,0.29541355560096183,1.3661997148782208,0.885078712079897,145.3361564970722,2.4477622239679704,1.1342792042298542,0.7677365271486708,0.30380767980177137,0.34321397447663204,0.6577567652262836,1.1798299843704234,0.498389979082466,4.331430973926821,199.8179872435037,46.94093806317582,0.4766958131986895,2.623959031300852,12.332589285714285,13.12373114338078,0.04355522320827223,2.633333
AM1275.jpg,0.9642648726948453,1.2673838985790098,0.8174872937614883,10.084118554221678,0.32364275948396093,1.4121139531992135,0.8742306915038159,139.64301559489274,2.198875459298286,1.1310121250545673,0.7990511591195597,0.2955959335957106,0.33920820701921806,0.6078176211031258,1.1189397209816467,0.49968921154522744,4.750491715512844,172.65620586424598,46.48664902416891,0.4780706035704649,6.458333333333334,14.60054046563193,10.860085802843003,0.04646049936249922,2.433333
AM1276.jpg,0.9234842514387488,1.2798423963988135,0.8714856775862039,1.990241945623713,0.2633719353049617,1.3574107416149577,0.9569088301684351,143.61721074669492,2.758332119094034,1.179550491477749,0.7403070486902245,0.3142553543815378,0.2897216054112432,0.7166913450267858,1.244093021354186,0.4817717063371706,3.61860163007906,210.99615717414704,36.37273026223997,0.5800667275779122,0.0,9.22258551307847,6.650285614514019,0.05922313668458924,2.166667
AM1277.jpg,0.9937298687869645,1.2925893080242334,0.8742036385541857,5.322508537129126,0.31339765488249094,1.4001287723007925,0.7444005752136026,149.39448066481998,2.263567821193647,1.1266285147722446,0.8092429846336154,0.3064695362960371,0.32283665612493134,0.572508952893952,1.1152127401684027,0.5017336980098906,4.208611404939535,184.0220179720748,40.41487511493193,0.476259914602589,28.815938151544753,17.401574803149607,12.98843274385392,0.035396049480331794,2.216667
AM1279.jpg,0.9494954092058335,1.2774227166610266,0.8829224635867996,7.114274554736639,0.32612328576653327,1.4070624846593875,0.7528769422672359,145.8389248068511,2.221529129841212,1.1399958931288028,0.7790045896770772,0.298871600224837,0.3238241644000974,0.7432777853236874,1.1710914614685721,0.46235988187629945,3.246570067290933,127.13950273789206,36.52805079515177,0.5888717234148542,0.0,10.172882399181288,14.478057632071952,0.045065145611006996,2.866667
AM1280.jpg,1.0484537530807378,1.310735028474978,0.8528957110126258,8.242874515528449,0.4175108670588614,1.175451552578639,0.6837387851410404,147.50739063683827,1.6783500253026957,1.2435206410152653,0.8019113658883474,0.33888244716008475,0.35506355310092047,0.6134798745848012,1.2324194038082117,0.4426793914567767,3.6916174040493495,198.58103086806875,44.85161910336288,0.5914554396809517,0.0,2.8907708722325958,14.457693780078046,0.030686370998230468,2.783333
AM1281.jpg,0.797997588598643,1.225280051238289,0.8506836362570419,1.2767930877138052,0.26063105752535937,1.1330093394401572,0.9435194053510496,141.35194542894504,2.795348166421814,1.3872828142622677,0.7553553697862813,0.35758991651555033,0.38908207224501656,0.851874759829395,1.1805401209877948,0.5272827193907313,3.8192360046186247,218.45989872550092,39.68924235484454,0.4030351502982976,3.2158753709198815,9.008830950378469,15.926186604288773,0.021618166226629182,2.466667
AM1283.jpg,0.9829596729995173,1.2821441775678994,0.871279373233256,8.421815492799702,0.3348075939259745,1.424194770352161,0.8957879186007157,141.67383581452845,2.2329887490147406,1.0703355902822276,0.777228420327781,0.28992655017977437,0.3059659395839608,0.5809870763179296,1.0999202579408351,0.5211440635920126,4.197001106204335,169.40386591065936,52.614709284153335,0.4932725193336541,0.0,11.556717618664521,16.81637816395451,0.015655907855372197,2.983333
AM1284.jpg,0.855615659360953,1.206801487929227,0.9109952017364739,7.1426791384385835,0.3231709765820687,1.4209215008514606,0.7366261657142332,148.47789516053706,2.1404762724954023,1.1387038658055126,0.774737891460816,0.30495201309971415,0.3147380439621123,0.5360970069772943,1.2258379948975797,0.4936250012698597,2.1464578942298593,186.14805058736795,30.7320685111917,0.5042051564508809,0.0,14.769017280979984,7.520080113697816,0.040351714537229556,2.366667
AM1285.jpg,1.0050865206488415,1.2541993796097484,0.8259957068809058,5.435604977439989,0.36189889169620887,1.3833466385530337,1.0183459510688782,135.28415451205387,2.060873371905881,1.1217504797594793,0.7548073090277178,0.2958893494639569,0.39755245595350314,0.6846236204442253,1.114577579708987,0.4740351434202135,4.104246097029555,108.05162862738158,39.22179179754474,0.4933199458491162,0.0,7.108529478543859,3.3927574928278474,0.04029826611285595,2.166667
AM1287.jpg,0.8186062618127496,1.3142799439876207,0.8108421782952897,2.484169805285552,0.29890593107459895,1.346000883947767,0.80730920275601,146.28847962066843,2.5002545487469896,1.2122963157312052,0.7696284209808243,0.31709093692013085,0.3635250490240998,0.6648623013192555,1.2530009150821895,0.5102509420738747,4.206644432093159,163.24441358815878,56.01719263143896,0.44633643916993104,2.1868145697745494,7.232067056812651,3.4824960072093774,0.014104707175585925,2.383333
AM1288.jpg,1.0213560014883802,1.227205857475838,0.9402400672480621,7.372393373699133,0.3114170687895148,1.3977051370295732,0.799808360969028,145.36076564839806,2.2130652107204947,1.1119940125667906,0.7882363509765592,0.3030294286773765,0.19630888302043856,0.6519858623611313,1.265057645767065,0.5225869665021504,5.395443127827681,206.44379570309974,31.566183762801217,0.5654339416745136,0.0,10.676491934539836,3.0446174420343937,0.034145777172521576,1.95
AM1289.jpg,1.002032436932217,1.2443831713288709,0.8440755220546287,8.213153285955276,0.3650891058467749,1.2413915823603,0.8493515997716676,143.33723322426226,2.107534057222439,1.2310922771620003,0.7804919245572802,0.3293536521472539,0.31997915802941135,0.5642645000644183,1.2452425671974403,0.47792441894983867,4.586653351584662,199.2950628492094,59.78889000970321,0.5601265617340044,0.0,17.1480718493621,9.149921943242788,0.020954182098738852,2.65
AM1290.jpg,0.9397718637041076,1.2724473888083356,0.868483205673192,9.775039531247277,0.37046675581583943,1.4722996828730006,0.8534203235865195,142.68487753714646,1.9849246031639851,1.0691718857791432,0.7618039034718607,0.2896359349415319,0.3684823920965461,0.6895266768184788,1.2029463859981109,0.46577629995779285,6.199342520154431,187.35595862100817,58.788727988773076,0.5183652419389633,1.462135018343586,12.195893089960887,10.893748699781852,0.019664142955751387,2.466667
AM1291.jpg,0.8683158714879586,1.2578816976251666,0.915388521318224,3.48658489882939,0.30932746965348873,1.3420691768237405,0.8652066551335407,143.232096882551,2.3010640219668472,1.1836717834879784,0.7512601027003941,0.3160808099322031,0.27353827049954904,0.7203794270910326,1.165844528701483,0.5665229414016739,2.9519614216121024,227.9182138932269,55.316726114268334,0.39713428175697185,0.3632478632478633,10.212028301886793,10.404627036356473,0.01602282841757018,2.216667
AM1292.jpg,0.9204781315415167,1.2574225147209173,0.8361177981805369,5.214803666193255,0.34971819585643127,1.4095434643407088,0.870726195497437,144.19911950592132,2.065948888020099,1.135725608616099,0.7491527653116297,0.297625694113704,0.34396136348867623,0.7075303331010028,1.1857016753189817,0.5365577235164062,2.967143429137913,171.28184949458566,53.72973924480098,0.36169528140831114,0.20110410094637224,10.39369083401219,8.882722554089838,0.044381382315373794,2.833333
AM1293.jpg,0.9251342774005599,1.275703549081014,0.8255929773730362,7.452937839748833,0.340016651443095,1.2311702391755825,0.8487008232064911,144.77241306918972,2.0976107486047635,1.2589096010098455,0.7702206458414399,0.32583439058413305,0.39835118156110766,0.7590084626227086,1.2352684622453378,0.4408252647136474,5.675989236723403,183.6871759530725,55.71058531681801,0.5673495179235981,5.3163146730104085,10.522629310344827,16.702816189151548,0.02508768876779478,2.566667
AM1297.jpg,0.9040694832313307,1.2799895384370616,0.8724005684021143,6.856273811719804,0.30057397542432146,1.3530995692726773,0.8511638933318941,145.43365159487058,2.329650932224127,1.146262802826614,0.7843409537003468,0.3040664115885702,0.33103999233671644,0.7446487074721903,1.2134738529057516,0.5124127192051496,5.521098405382819,184.34534964960937,38.114753474131305,0.4483571323124565,9.154177457493525,15.223466175684504,0.5505698654469313,0.04257191956423667,2.433333
AM1298.jpg,1.029231321743637,1.2878355370338024,0.8702336925950162,8.840978422610474,0.35655483705095686,1.3524408959756655,0.7929159131492503,146.0339151848315,1.9699199289693523,1.1324022734032864,0.8038593423242061,0.3042186162623825,0.3020813304182355,0.6270156646072796,1.2040832884091508,0.5407339855658561,4.02889623217084,151.58827302709102,44.95470086741855,0.3790228855998571,1.6139240506329113,10.490517792456851,11.787945447781368,0.025198368196723962,2.616667
AM1299.jpg,0.9419363795796223,1.2653242154913247,0.8378189352875031,6.3204205933369515,0.32699343118740726,1.3832727688422277,0.7792513814551238,146.6944603980024,2.200443994813633,1.132314730601529,0.785326223565447,0.29892457502636643,0.40356595375308285,0.6673393804048686,1.2107196739516204,0.450683616693215,4.354547961919389,214.11563071826373,49.54984124457954,0.5227942655967506,1.3496499548328815,9.344851513577073,6.04747445139779,0.02505991762558716,2.6
AM13.jpg,0.9479750180104253,1.2893567604209195,0.8916351763963403,7.219763540313944,0.3383184452554579,1.4894747826509633,0.7137814845640222,146.7350840000097,2.0375040170050966,1.033324533621174,0.7849561390280809,0.2865245845106378,0.3346949733909588,0.5497343716382961,1.0648347592227665,0.4798853485211989,3.7902565771932633,188.585938598654,44.12252396450765,0.5831960598642546,1.25,13.182093205071553,8.741224162317181,0.01597097142224522,2.866667
AM130.jpg,0.8927787960640665,1.3035615452749896,0.855251246016185,3.774091675271017,0.32385802159755184,1.3679869892572558,0.7138731255706251,149.18636389133547,2.162598692898237,1.128548407085368,0.7916451363269071,0.3092452718054675,0.3901682441798556,0.7821783266061244,1.0531969663133867,0.5247387639290757,1.8921703455148364,203.55686633281974,31.71584691534403,0.40561775349551377,0.0,4.607583871824378,7.733278819949845,0.01901314539552467,3.666667
AM1300.jpg,0.8471139807168422,1.2252774960509798,0.8698176966448763,3.6256307485332107,0.28292873689639864,1.4405929681996497,0.916564800393837,144.13620134240722,2.5084987530206466,1.1327492948174571,0.7462133828512915,0.30226139304805105,0.3806692185443583,0.601767664496549,1.0417049175296162,0.4893058237956704,5.825347657231422,206.53557214044105,42.663899136638776,0.5381399124586749,5.274027009899259,9.563114883468074,6.847197443669273,0.060689574031321636,2.3
AM1301.jpg,0.9345826594551478,1.3000690750689796,0.8519486264455034,7.982479748083071,0.3631555249274837,1.3960517796753407,0.8540553287833548,143.0663501397407,2.0208623826465764,1.0831632581666348,0.7751645848336768,0.295802516709078,0.3928029833095543,0.68184253915512,1.0484256451810596,0.5092718153729024,4.4314646999868765,202.22493390724543,46.19234963758248,0.4636814784820994,4.0041322314049586,19.688981042654028,6.047504854816381,0.03559928241703338,2.616667
AM1302.jpg,0.982214139760917,1.3266742722281577,0.8563521419703781,4.628900423476206,0.3341587400501246,1.3566529519083108,0.9684229235407503,142.85962991503112,2.2956139064647823,1.073475331546013,0.7585383137586424,0.3004715629223069,0.4103544660753866,0.6256099834931225,1.1406802150927895,0.4543086137121833,3.8896314933190466,214.24347827416344,35.323810684135736,0.5810602384861545,3.5416666666666665,9.952051739518287,10.10124049756189,0.06138064205712519,2.416667
AM1303.jpg,0.910165749434096,1.2770664356499508,0.8800045747783196,7.745924297312575,0.314109326648252,1.3884447961268562,0.8072416226606471,145.0964986793651,2.1827160067892653,1.1358661470918319,0.7746989378031669,0.3042900985444234,0.41307074270879124,0.7209570472098689,1.1555546339086182,0.4580547170426765,3.6408511317348515,208.95196032151864,44.03181643662654,0.4900713803807339,1.5156017830609212,9.452201211066722,5.988105640550856,0.033082595383588806,2.15
AM1306.jpg,0.7785772185491355,1.2717398379854095,0.8740225919053366,5.1516471019703385,0.3654759385805413,1.413010635784971,0.8442851998942547,140.82674540575866,1.9158220816923157,1.0828571771623892,0.727474350167664,0.2963550606475187,0.46934990808436394,0.7850152191521517,1.144583032220027,0.4865849660341899,4.316508195635979,206.586726941915,44.578852926166974,0.41382717399240737,0.0,11.677003906396724,14.853031015621696,0.0093172196359531,2.533333
AM1307.jpg,0.8832993220592895,1.2742689428000877,0.9015246723922068,6.077952740122075,0.3377985134943521,1.4470602351626471,0.8489337232312195,143.40703301338615,2.075256945749936,1.0512060550266036,0.7561596913847884,0.28884940974412376,0.3897081154375376,0.6409514673375338,1.2097823727319348,0.4200186799956525,4.5016106504173035,179.175747113185,52.79487324673816,0.6613361085899311,0.6027185745812166,14.970899470899472,15.003558918311313,0.013023910534351193,2.6
AM1308.jpg,0.909864582035006,1.2326571760229532,0.9148423480950036,4.142105538615054,0.26961276026180275,1.3888534904225354,0.9159445461239801,143.34526080875293,2.7161193481220263,1.1132840165409368,0.7450304761522231,0.30057246696748857,0.35966460203476214,0.7956394581970987,1.1310844994514617,0.510987870982103,5.597910390580049,211.80295219960638,47.65971137597165,0.4364786402977634,1.3991769547325101,7.086858396950364,3.558165656226464,0.034199940171743395,2.333333
AM1311.jpg,0.9907241319301924,1.2786544953462644,0.8679985762301409,6.034423469988359,0.35211217088328695,1.316039504449238,0.8604542651233626,140.65917996455352,2.0394848506556724,1.123890462439465,0.7596311388840324,0.3038693879326568,0.29997432493614834,0.5991553412771663,1.1726089841831293,0.49018211353754315,4.67712692647288,177.40836526181351,47.33831450039219,0.5681788038097619,5.828571428571428,11.995884146341464,15.545123228411697,0.014742401646520492,2.866667
AM1312.jpg,0.9598113283567169,1.296127368749332,0.8595675105969491,6.056238914141215,0.3364943228878072,1.4267639696302767,0.885113849628048,142.66235327736547,2.2354215247676614,1.0676172676606017,0.7633909073852337,0.29848630061646364,0.37336431808071685,0.5540218947504939,1.143825478316208,0.4901487723712972,4.165713947177197,186.0060929052383,42.84440392480576,0.4926536146930647,0.3881278538812785,7.6566579634464755,12.020089126305834,0.0419133637416816,2.733333
AM1313.jpg,0.9664932002053304,1.2561011821336134,0.8650462975514244,6.439289076771191,0.3383463550560466,1.23521595269699,0.8836375544411906,144.30926542094767,2.1726070029559366,1.2290598775561945,0.7723632644369856,0.32880987891869784,0.26413800610247695,0.6639157320447799,1.188864420924252,0.5580813565837855,4.016346669333472,201.81303946564682,53.571660155302,0.4303079409072504,1.0103011093502376,21.898487729783575,7.659688047157999,0.042371153692730576,2.6
AM1314.jpg,0.8387082973287093,1.244163958034508,0.8311443297344994,6.7872446525897345,0.32321249429164306,1.376511596569203,0.7865475980100529,146.76042109305303,2.1968677510247154,1.1545367446895853,0.7800734882101079,0.3042724480319948,0.37828293471676827,0.7414846873961314,1.187548966036154,0.49040097564285,4.483193370659545,210.64134880755486,32.5583008623494,0.5013978678203042,4.563767469994588,4.647067491895078,5.925988285069408,0.03130800991036009,2.6
AM1315.jpg,0.8306512351848166,1.2336586675464765,0.8512601435918755,7.06781550107012,0.3163471902820134,1.3032833988987458,0.8309541983791822,143.09526773522032,2.2639108395970244,1.2260930352930743,0.7780715010934596,0.3095768625268299,0.46103249388455986,0.5704959469112089,1.1670286323324284,0.47930449281825954,4.470755820915495,181.32468069739835,42.60281574562987,0.41566761973084965,7.081608647491932,18.275648072626687,11.621007169668218,0.045536938535872276,2.433333
AM1316.jpg,0.9791943076664016,1.2920540050031604,0.8810173763029079,5.322121527551634,0.33144252804053975,1.383902486648157,0.8102784212834793,145.2175984523101,2.148809241927874,1.0684368799460382,0.7836158689800543,0.2959988835205841,0.32526030537461287,0.6086299736824577,1.017291338562409,0.49832327811906174,3.492891564232086,200.32711503428925,45.93227107228111,0.5667918330568609,0.5658284023668639,9.240601338815624,10.62062199675735,0.020783592435228388,2.35
AM1317.jpg,0.7935166549233381,1.2364558378672716,0.8904479494736582,5.0443741545916,0.3317806746958183,1.3767370664057952,0.8596197500121545,141.91707033417265,2.0927184416439912,1.118243262819347,0.7370803698919741,0.30219609105522854,0.3859068595246859,0.7298664483778093,1.2227052954727164,0.4875361179270046,3.9186797696329743,212.75560315557055,55.60467641241078,0.46956401423542443,0.0,17.499871147304404,14.793754420050774,0.030065397673687766,2.583333
AM1319.jpg,1.2205899928265447,1.306502114281375,0.8350712078402305,8.564493678841597,0.31089179888606877,1.3715957485432149,0.8589022304808425,144.9436927428481,2.491467985594341,1.1367348441830583,0.7999631091097535,0.30927270501938275,0.32788939372548553,0.5105363426065945,1.1956876440116655,0.38427016969509953,5.033641354008639,157.96848324392488,65.50285419074719,0.7890821672767617,0.0,9.180555555555555,25.337390799995376,0.05398189248147338,2.533333
AM132.jpg,0.7854426075311403,1.257590597605765,0.8649640525613329,3.8698261672763907,0.3389650038065004,1.228240118630729,0.8098700972531059,144.39762819417413,1.990575022667294,1.247833030585017,0.7455494100257082,0.32181438084992003,0.4132551434222864,0.8667920484666933,1.2059006599388713,0.5217968636638467,4.5239649941890026,149.54806250180266,55.97124884604163,0.35311472841925207,3.526611405000315,14.413496323958455,9.675459783824635,0.041509027197041144,2.65
AM1321.jpg,0.9743767622682158,1.26902932401826,0.8953244340450338,5.690492066879939,0.3326090352642732,1.4301240815798764,0.9580039345776772,145.89777924950118,2.3438818194280318,1.0751395997583488,0.7658528855055988,0.2941065068206916,0.38548962985349305,0.597644948436223,1.144576080479714,0.45992655501208574,4.767397924094862,204.20891254587073,47.82308577421716,0.544309439673609,4.607386363636364,6.1161030140087735,15.628375824641594,0.017219803577187116,2.65
AM1323.jpg,0.9401008602678699,1.2569821232639273,0.8637156886792325,3.3662193325678302,0.2780183468508596,1.349265469649324,0.9192918920739515,143.35737893826536,2.6740434513093114,1.1464288795603645,0.765027791405536,0.3074883342933655,0.3183304379780598,0.694689763963202,1.248260164188542,0.4993178647983591,6.818014298529958,170.367137272286,81.67069458453895,0.49366471535017203,0.0,18.0625,20.77604929130773,0.05748361179269318,2.95
AM1324.jpg,0.8729942686477173,1.2757185460792526,0.8429718094460232,7.403888026502363,0.34573417472659546,1.2873281327806925,0.7608970806867021,142.31039713765517,1.9536242795524756,1.184224006399694,0.7821397107088546,0.3070377156479324,0.264395839132531,0.6628039851703973,1.170564647085661,0.5184559611004664,4.4137948078131615,175.82133393397476,39.48630855326411,0.5560726061423629,2.2762282216292578,12.044894691464465,10.182795352783941,0.02749273601612361,2.6
AM1325.jpg,0.8537190329108085,1.2777291611123038,0.8342115826386874,2.7531716853370023,0.2940998644977243,1.3526797865787634,0.9145814485013342,142.7669941881798,2.522823590041559,1.1710537392336324,0.7626471127952369,0.3136005347779447,0.42273529524988773,0.6609061964972094,1.0880881959862059,0.508081629515354,5.787229537972883,194.08489515574206,37.22503982120318,0.4384464680793624,2.922490825163484,8.043907272636435,14.580114309723555,0.03487101264507614,2.266667
AM1326.jpg,0.8870468685861918,1.283135254113078,0.9134248464417885,5.029711225641984,0.3193093357608311,1.4546550611409863,0.8295920272310375,147.79890139354137,2.2555989474414586,1.088696495690748,0.7682352677788694,0.2957661941469872,0.3144261135906806,0.6293442763744823,1.1046373361017316,0.5465546413020594,4.1181740992278515,180.06926808425527,52.36764511296937,0.42462380873302646,3.0896607431340875,16.179994733146067,11.011630580692994,0.03928621176823227,2.633333
AM1327.jpg,0.8930007761609281,1.2799515731463722,0.8633566329130669,6.2710260755861125,0.29496292161906223,1.346507406075875,0.840604048910362,144.74900535261162,2.4190202850012628,1.1366233279245097,0.7802331002049667,0.30134239825904674,0.3754228628518357,0.5626044112006383,1.2225062111145448,0.49980301235281255,4.953733540702059,189.4710920773715,60.545338017046674,0.4350241415125784,0.3923076923076923,15.149243935734537,17.923976532344653,0.028900544513161052,2.666667
AM1328.jpg,0.9017968342705042,1.27341181062088,0.8328763543481351,7.359883161748385,0.38200658762796963,1.234820797672613,0.7392024320745318,145.68557029970668,1.8222259672875325,1.2200342668867301,0.7745445142729652,0.32114579864214776,0.43437682992402543,0.8171071212303468,1.2194663006170856,0.4671509265397848,5.089891072718065,208.4091328837235,67.07796405255468,0.45190559594145874,0.8236434108527132,16.223709114173754,11.582100968209161,0.027062009630919075,2.4
AM1330.jpg,0.8713398766572651,1.2845265847007294,0.8233944947575902,6.09824639462872,0.35366716664976316,1.3293148437029034,0.7363733939657207,145.61289487843288,1.9418735182892857,1.1111669156779798,0.784872061991393,0.3008596569573802,0.41003876573214154,0.6691034456440969,1.110755574993576,0.5005256814131677,4.776428933455273,163.49762085189315,43.22077874662999,0.45594652551346343,3.855983105323357,13.375590450657477,7.60841871962306,0.032035680967706696,2.833333
AM1331.jpg,0.9102997801572358,1.2817348818907348,0.9067473990480291,5.464529510564449,0.33512884064747545,1.3442980018292114,0.7825739563986678,147.53836448782914,2.160141265468075,1.1705199893663985,0.7764801735267296,0.3163448168612046,0.4499044827652327,0.7696165428729054,1.1200700041196499,0.46067847114812666,4.173196924236125,199.84657283331728,41.02807063067411,0.4729314322561692,0.21683673469387754,9.977113368999548,10.90610853388256,0.02741492435961975,2.65
AM1332.jpg,0.8647957892808866,1.2425060594567194,0.8821373334516329,6.39922147411691,0.28722710040668775,1.4346920755926518,0.685669459222429,147.73917691908972,2.331160672241562,1.0823857139104496,0.7780301590026499,0.29715199395389114,0.39809601812157175,0.7995619300749278,1.1494601919115748,0.4967916625186557,3.4079848461325555,203.02761659119096,51.96344886565092,0.4136363581441539,0.0,7.242933917197452,5.43154032750644,0.022621923764394685,2.433333
AM1334.jpg,0.8663620845306342,1.2617741598859071,0.8581216619430526,3.077889629941513,0.23567057795161955,1.3985098842429668,0.9410541735866422,144.00920624755503,3.057337034905065,1.1199852173762834,0.7505591641697855,0.30526338677561116,0.36171523054425725,0.7828277683200239,1.1347369159612894,0.5165413520770316,6.496412331120601,184.01926491387655,36.98420956332305,0.453414201460369,1.9990758197478837,6.299018655266227,6.538613621364789,0.013377939278823938,2.1
AM1335.jpg,0.957483760885777,1.2585063251011963,0.8738133851392635,8.232344516815699,0.3950743045252513,1.2855947624063548,0.8228029783543935,143.15141976726665,1.820770452653799,1.151446074414658,0.7720927071029121,0.3123254411966181,0.2714494440166035,0.6874157509238904,1.2103992410942466,0.5309450524660793,4.702471852252239,190.62884770230835,52.913630311004,0.4854505403560693,0.0,9.193150684931506,8.128989128071808,0.05487499778477693,2.833333
AM1336.jpg,0.899791178973945,1.2818429652823053,0.8474951123826063,5.88018125553409,0.3223382013830039,1.4343486205261322,0.8233598135338295,144.7077227301903,2.189521060165215,1.1263401007571383,0.7694484953526662,0.2950963740734614,0.3069043344484493,0.7167317525039449,1.1802074586307378,0.5200018808994981,5.234641301206436,171.65342324066532,40.82104228828436,0.4670097742540697,0.19259818731117825,10.474225869338532,15.749232628643,0.09581985494704702,2.533333
AM1338.jpg,0.8815328841311247,1.2608953591174619,0.9124673378828637,5.551135317256001,0.27205616046085407,1.3933859101894581,0.8156645191633424,147.19478087583627,2.6581387456108665,1.1584460565733674,0.7741085128466695,0.3045782948401788,0.30330414627154734,0.6584529049262012,1.18539530368293,0.5592626765776294,4.513517729847961,190.25072034877513,41.29227159531254,0.36203576245988806,0.0,19.17929515418502,8.509228404392005,0.01677273304616067,2.433333
AM1339.jpg,0.9396922338071212,1.2977646368510534,0.8106081070633167,6.794811825422905,0.3545097645885059,1.229851504392155,0.8046721167114724,142.77215731583027,1.9499965251642528,1.19194086515984,0.7956586317546818,0.3239684505632202,0.4190755310366428,0.5531056318407832,1.1948884684793026,0.4393554405821819,7.683667578536717,193.95524732409473,51.01917090969357,0.5648452869665593,1.682551319648094,9.442605214757114,1.6076513574601705,0.09586377506499495,2.266667
AM134.jpg,1.2491103214227317,1.363927368720479,0.8593954335814578,9.18786282638384,0.3625798970234733,1.0910018186753287,0.7010570697118808,150.64522478537683,1.9752256222716007,1.2479451305063114,0.8253756568989868,0.35173332958740505,0.3178994145683713,0.5256821467288699,1.2130446543914282,0.42434894552639324,7.185532872448499,167.03555215255977,60.54404888458592,0.6684600976663516,6.356304985337243,25.076540609385717,11.54200092288741,0.02074548468646467,3.983333
AM1340.jpg,0.8893655579319758,1.3083997848179612,0.8733983703939333,5.391317298277027,0.3146294501436604,1.4531894001417174,0.9255017946169969,144.58234949113358,2.4941944731329606,1.0634503391543262,0.7672566278672034,0.29504044417235653,0.43707625647459697,0.7727181729013546,1.1036475780398853,0.49855925850822025,4.310089967424494,208.26604936002389,52.40177615512022,0.4320139557558085,2.572046109510086,16.762882603642,10.791747745371609,0.03435094717921952,2.616667
AM1341.jpg,0.9296274444480904,1.267677916881046,0.9020399861034659,6.561960702749661,0.31725541026634707,1.2465822396982214,0.725019606097702,150.22516278423853,2.149959186643877,1.1794989869091876,0.8100630137994456,0.31649570949684336,0.34197824772735186,0.574194000846773,1.2602145475665119,0.5087252683228531,5.559751740910574,187.27115237056358,45.84859597958612,0.40338123555954575,3.20669447168496,12.287583340027311,8.912154862687558,0.08725126410696701,2.85
AM1342.jpg,0.8965374522772271,1.2658767579909722,0.8646239197659791,3.8282539005151106,0.27173370203723124,1.4152211122185043,0.78091826177997,146.27118580376373,2.5692565011890145,1.115754070913963,0.7854787978694044,0.2980667006104786,0.3092504813313615,0.705291634658436,1.173817451264889,0.5480537792897469,5.716833422298494,202.96572407883463,53.121154790445104,0.4111669876264059,0.0,11.986945309981735,11.221516410018864,0.07484438496135243,2.583333
AM1343.jpg,0.8957568214785584,1.2891620141009803,0.8224012437556131,6.903483360178477,0.3316340816383907,1.3551636625106904,0.8832648759863674,143.18691852772736,2.282811171848485,1.1386364112774356,0.7732788129626906,0.30359375810200434,0.554110452167727,0.7649462021054626,1.0654281553344211,0.44123837345082395,4.4247784756796,210.26128028082724,50.273337552869435,0.48110454996198204,0.0,13.654888616309897,7.981749877455798,0.016725507262590013,2.5
AM1344.jpg,0.9581137161384157,1.2687532472635352,0.870892719552123,8.051111827566706,0.3447624830797852,1.4319794441368983,0.8893642059226218,141.39652013319795,2.1357265736664197,1.0466391849447534,0.7628265342127558,0.28593256791857247,0.2988706475691879,0.8339903206091503,1.148629605857001,0.5308184655602047,5.707073792448963,190.91722286455047,44.602297491416124,0.4799670439771831,2.486065817699356,15.080667469409008,15.23870630890309,0.03040257811531748,2.7
AM1345.jpg,0.8726194113802025,1.2993050280684046,0.8164744107528195,6.219651891584964,0.3474340046966067,1.3664174860876577,0.8434450634484545,142.07182303036336,2.0494357764829196,1.088144116311539,0.784025625807219,0.29911822149724915,0.46187531249562463,0.5684328799051044,1.0677455032711771,0.44397438827014196,4.440047521528365,223.64240915033798,58.59014090576204,0.6136013536084834,5.479338842975207,11.120926514911828,7.466440703149402,0.047023905923592756,2.666667
AM1347.jpg,0.9307419016619495,1.3146318520535223,0.8249173440549916,2.420607798170801,0.29522851747930234,1.3875821755812783,0.9052030661173628,142.03643980360755,2.5326290480147895,1.1322010988960731,0.7615124930564521,0.30667083455606053,0.36797625906615505,0.7191828456850682,1.0753800962368922,0.484560622985612,4.087972194430238,119.87283542841612,49.17072572377478,0.5580436086037707,0.0,15.57090643274854,12.43083737148239,0.02352200582652374,2.483333
AM1348.jpg,0.8904109461627322,1.2157912681980174,0.8843666522904837,7.157638113944055,0.33455971517410116,1.4013411171653234,0.7175718001083822,144.62796327626486,1.9829290687874093,1.1690094890077645,0.7699043631346264,0.3013411244853116,0.25101412238090254,0.6481585889677842,1.314336088977637,0.5139723265910054,5.600387064910246,223.20608279484557,52.02771314189965,0.4956074321103019,2.1090225563909777,13.529122005044137,9.096198900970819,0.08068158327461095,2.35
AM1349.jpg,0.8455969178203856,1.2601197183229185,0.8292019543494412,5.147527268980582,0.3342420021927031,1.3161600364148478,0.9003575678792214,143.4957689591643,2.18664001810882,1.1981073974731111,0.7753919754678198,0.3124780972747526,0.3706293260904683,0.6111954816360025,1.1500961047778644,0.5162751965114586,3.153737957774024,200.51737480077173,41.6049723723242,0.43655341878125703,1.9615384615384615,16.957678061813105,9.316557154309322,0.05396851903715383,2.7
AM135.jpg,0.9082370941936648,1.2464528580107488,0.8784433557456978,5.935928394023527,0.33891208784805704,1.4145672354644618,0.7002286930037822,145.5047431670065,1.9347732121884254,1.1298445034398692,0.7775127847549029,0.3008556885043138,0.3238257568636709,0.6765025444956643,1.1259726529875957,0.525083603749553,3.8534095537730773,160.8136714861798,51.544605505031555,0.42824956717641155,0.0,18.040497321499963,5.540497084034229,0.07423332123503465,2.416667
AM1351.jpg,1.0340270752991765,1.270041529331858,0.7752602575263144,9.28206701045918,0.38169311074622336,1.2828310286198248,0.7994024357892062,141.1230620023943,1.835161676062234,1.1883560274070193,0.8000694876159118,0.3138297093437618,0.38883575241863017,0.554137586186171,1.2021498927914878,0.46211861838876206,4.353531379747179,192.06043518929914,44.884184255766655,0.5154543475800928,4.804347826086957,22.153881165177093,8.40644621262966,0.033818867045299926,2.75
AM1353.jpg,0.9120401982996384,1.2934308111094346,0.8628179680750684,6.3221239269685725,0.28652983227051676,1.2785981769594505,0.8873405761769121,144.98841291323134,2.642589496501672,1.1992277529788276,0.7701580946418306,0.3173766555415217,0.2908483536921425,0.7093478101018805,1.2570833611842933,0.5082320599411013,4.831654797939501,164.24163287381296,47.89486623838653,0.5234481190026058,0.0,10.660807156230497,3.0613029393941815,0.0364753686282228,2.4
AM1354.jpg,0.9860520791342182,1.3236034587157335,0.8311314191279342,7.0155354283773805,0.3109085570454382,1.4097433682147933,0.8209337537783883,142.57818886374542,2.2778428960033827,1.0902862722615,0.7720574992067702,0.29451852847863186,0.4373359170777191,0.5355817765682251,1.1955845434892645,0.34182971128638423,3.9329429897270423,160.1535573680818,40.54549391798267,0.9084994884724917,0.0,18.10631443298969,10.154571951185929,0.039222073064535214,2.0
AM1355.jpg,0.9258075258896566,1.2706465244044678,0.8204440440541858,6.435561122082516,0.3130227007713039,1.4256003248668698,0.8493822181148492,144.7716230119786,2.3354449844063474,1.134400516943021,0.7911315612598248,0.30105664750203986,0.2962418486784957,0.5271907043724008,1.2501820235071748,0.543148569309699,4.634740013785699,157.1672596825191,38.57960052483055,0.411321016880601,0.0,11.054387054212427,3.1517031881822533,0.015275745729697154,2.8
AM1356.jpg,0.824065103524108,1.2599465633489848,0.9289071313601786,3.811633303412906,0.30824451087943605,1.4178834412034915,0.8014268949050526,145.92254405856428,2.2442212683552203,1.0888886650670477,0.7160066009743548,0.2964259827908083,0.35614493816106846,0.746371438431667,1.048550216894373,0.5270955025489928,5.971808895189435,163.88266930097592,45.7364764075749,0.45169945850438786,0.5503597122302158,10.626563295795371,16.982363549397434,0.01788472675694347,2.383333
AM1357.jpg,0.871680804992833,1.2475664362117804,0.8080912130078729,4.552693184532027,0.32854953441978163,1.339278221323197,0.8017295845460861,145.60689350801536,2.1385868660951135,1.2048361594967263,0.8039738475023943,0.3168902316375419,0.3984465949133788,0.693164534312863,1.1705166814721235,0.4780231890416643,5.392152875285327,207.85116025070988,55.61847327010048,0.4976480414451888,2.8068181818181817,11.59645260241441,2.5854002397870772,0.05843611085429423,2.566667
AM1358.jpg,0.9771839864285565,1.241249649069506,0.8507809863976588,5.413392492318266,0.2896220607160005,1.3670335167464502,0.8114492110079599,148.2318774609608,2.581313957080648,1.1801960741316448,0.801467395808375,0.310198464001665,0.3079560261290284,0.7837975275352871,1.1607860820713773,0.5340721072868255,5.478067763772773,163.37058389099897,40.82869052864859,0.4202563413949412,7.388558692421991,12.67971180612412,17.471641678524044,0.07242356238583122,2.85
AM1359.jpg,0.9574819874050219,1.2345768342747518,0.827404970804115,7.087192435344406,0.3029931199432216,1.3918217205425225,0.825158396040917,144.0861417297549,2.3299868510709634,1.1776041954191334,0.7985584420769097,0.2994822849664979,0.3602862629330249,0.7187216489469229,1.238010075550006,0.5131468247438542,3.3121220750584532,143.49719147366744,35.96060610781379,0.3695914522303339,0.0,14.565327690327692,1.2997729984941628,0.01618769332862263,2.4
AM1360.jpg,0.9866890761743808,1.2927226088237238,0.8853356852866566,4.630430428357086,0.26058634326275787,1.3528728897471105,0.773473142248905,149.31898374649626,2.79391124565401,1.158217827035979,0.7823622642815057,0.3114450573354079,0.3760079601678761,0.7517115272024141,1.1434282588845288,0.5086264982891271,6.6357804209505336,183.67152775469924,64.8007730377181,0.3966840938595369,30.095123626373628,28.66526085598251,14.212279957937781,0.054130064550261335,2.216667
AM1361.jpg,0.9058419887417785,1.2460952654880297,0.8575059522315636,4.264776417916915,0.2951008685648468,1.3822529458178532,0.9816423189325881,140.02883589278883,2.5446290692184914,1.083370799323724,0.7407706794409968,0.3011396138911771,0.4340258382926589,0.6693841797512454,1.1552073663021094,0.448217353558582,5.119957395345656,200.39569292809188,41.664783837182796,0.5761788442657481,2.6516682272928884,19.755542107274813,5.858965407249684,0.03833728467738896,2.35
AM1362.jpg,0.7676715747835323,1.2188601600003128,0.8495919254075481,1.629972900569702,0.3491770420959708,1.3593831966181267,0.9334109678304807,140.23616102350496,2.048963773126393,1.1612824517310822,0.7336248540182582,0.30751413236672676,0.3775565589214188,0.7134207977060416,1.2062542924308444,0.5176230427768966,4.6973273413751695,186.14584951342067,70.19760670191907,0.4212082344986959,0.0,9.300023707918445,19.780794081694197,0.039636443545463036,2.616667
AM1363.jpg,0.9218134430214404,1.288680651359713,0.8641383288704089,5.09283762181144,0.319811306133123,1.348897766471313,0.8509920763422878,145.66803007913924,2.313900173637821,1.1408292138258989,0.7783999649588427,0.3065936947406792,0.3646902359286263,0.5776213149558107,1.1595508114771917,0.47969140740983723,6.753684437038838,219.2464355130237,39.388580151427675,0.5426315020648922,0.5283149171270718,0.0,9.767303235139934,0.05076217251576427,1.666667
AM1364.jpg,0.8914822221264913,1.262235682916809,0.8652664897424988,4.917615846618467,0.3000804010901071,1.3256767459049923,0.7074991773820658,148.33987664055678,2.098241234807571,1.1419467323724013,0.7815407704914119,0.30439321616502457,0.3434293484785364,0.6174367224429662,1.1562540873037388,0.5071449187861018,6.743072069683427,167.38312959922996,33.852304939502176,0.4525352556704541,5.047040169133192,12.079280397022334,9.93280972577125,0.05303451812421957,2.3
AM1365.jpg,1.0072880693437027,1.3255653886907262,0.8143972885282583,6.650301215604456,0.36804473627696044,1.3652815421547915,0.8039653835832198,144.92741446867075,1.9784125453924188,1.1528655574229123,0.8087012990173573,0.31305165088024345,0.3303214257319433,0.50334336207704,1.1289065539440888,0.461783538754694,4.376146872134138,210.8048245614035,28.22121064445625,0.6301394522025219,0.0,5.287859933691273,7.034126439402613,0.038220817761239534,2.55
AM1366.jpg,0.973999996235588,1.2795162945664962,0.8389893701116717,6.006027531316653,0.3512577099558266,1.2057076440546954,0.8317547946119964,145.89291626319863,2.0597850238363744,1.2216566258048485,0.7806032596021557,0.32840039623753164,0.29863366420983334,0.6478503459220235,1.2607635184245085,0.49750792945219635,3.683008224446005,215.13961255602499,49.36670807259421,0.5252198068581297,0.5641592920353983,13.007093648746423,18.11021564574574,0.058704507533012394,2.8
AM1367.jpg,0.7833952033223702,1.2229928000674322,0.8776900008696684,4.814951875602816,0.2632406368404767,1.4141510685032863,0.7744130945457106,147.08743036246372,2.581503333107826,1.1899553771221232,0.7640088661980289,0.3032802419580644,0.2685739682868348,0.8720117950511189,1.1935342264259674,0.5545210946368027,4.708565253441034,169.92438321888687,44.54440175456806,0.4267575367951294,3.2670975898209695,15.634719828996444,11.16406193804248,0.06442223856528644,2.4
AM1368.jpg,0.9964448951772563,1.2719557514752393,0.9003295381473148,5.5340185810968885,0.3412609985442161,1.3427816839591509,0.8704498725825264,143.39486479525567,2.157754446935782,1.102814969623882,0.7659479750943311,0.30702812066864527,0.39807321226108056,0.6345357317189064,1.1319773107690108,0.4580108414619647,5.380207348666379,200.6976743252057,33.394992332868526,0.5182322653705097,2.89,15.93076027674963,7.695043567066719,0.03645864976147219,2.716667
AM1369.jpg,0.8841429923206829,1.2529997869399516,0.8846526068049302,3.4868758569515683,0.3099794070912358,1.2199469768365037,0.7933936427170687,148.07109288415506,2.213447358852149,1.270403657694147,0.7602014005228919,0.33139636699690583,0.3373325961876894,0.7783028218445787,1.2125707530914454,0.5515699872783405,4.320324046348961,201.50856402275633,59.27111382355315,0.3219012978736988,0.781010719754977,22.44151888452687,13.584792923693144,0.046653201699823274,2.583333
AM1370.jpg,0.8810397260501922,1.2721595663331233,0.8131290672424568,3.500736484102837,0.3519748302223608,1.1808666285163039,0.81345220273179,143.85766133371493,2.050341068558868,1.2535117015249138,0.7697934418318874,0.33584001596158547,0.35858045441228115,0.6118735755280953,1.2278597599184273,0.5134825110280544,5.319706703125389,215.0416765340392,51.09879503361293,0.4615040351197707,0.0,10.178736631758131,15.422653166298716,0.07519851525769292,2.983333
AM1373.jpg,0.9691016527322777,1.2514812980883607,0.7950653309044708,7.304892937254912,0.3035414038883047,1.3250743305926445,0.8791510366897103,141.45374989031114,2.452419445023575,1.1951519688286574,0.7994444238094024,0.3148031431495958,0.38575411011579075,0.6090514375056388,1.2366990574358763,0.4669333950666206,10.217523777134108,190.34639046627606,41.99635362029227,0.49636870991473026,5.1506237995184545,15.147030884500754,3.3919699440589284,0.05352277098667434,2.066667
AM1380.jpg,0.8447760667872237,1.2547063695900234,0.8719576782675037,5.536324392146705,0.30825742632930464,1.3042629347023376,0.7439730440947909,146.4270833671055,2.2364649857803447,1.2408917684582839,0.7955092612702163,0.31578202223300456,0.30943206479617963,0.7095524381321225,1.2006962721831056,0.5601042558323537,4.789207549006274,99.63965471338753,24.263055079018244,0.3577287122303408,0.0,9.370598591549296,19.615392477792188,0.07851428407189447,2.833333
AM1383.jpg,0.9835281584824453,1.2568176832445959,0.821810469106598,5.5954528503328795,0.2918297052358432,1.3648006746452161,0.8381166031884434,146.52253019192295,2.5615000935098102,1.2246661918896902,0.7886281331689247,0.3107115653017401,0.30734315543979995,0.6358056542413764,1.1914426437952514,0.48089390588813874,6.407754641285138,109.6299376441944,56.72480212350966,0.5465609012192685,1.3178294573643412,3.6238564391273753,28.527868441556322,0.02417277398423671,2.35
AM1385.jpg,0.8191713268277667,1.2184314562120568,0.8746951136350776,1.8135271118961458,0.2685140821708548,1.3031830639376818,0.8290637488405426,144.6479301333987,2.574698945480294,1.2295564619028831,0.765237089087011,0.31189521654818664,0.320848427030351,0.7760446210358038,1.2148328507024466,0.5207755546875009,5.022597382661111,184.92390171130697,46.47469177902707,0.4613661378089419,3.3486900647724687,7.711711476095825,17.8054421304049,0.035173832366541535,2.516667
AM1387.jpg,1.0104819553231386,1.3064166451581387,0.8144372085770646,7.560388594491235,0.33698431346809654,1.3990367843249505,0.8109130674714315,145.33272958477897,2.114472348994322,1.1760696431656192,0.7807270915177679,0.3027444079149292,0.40278882977563046,0.6061847106718128,1.1805071479697624,0.40092372240414786,5.113319637743785,138.75799108692723,51.453954628593905,0.6285846167675527,0.0,3.1875,13.294193607570449,0.042684049707283796,2.066667
AM1389.jpg,0.9384124498931715,1.2640011226980232,0.8102364847959956,4.390551381126106,0.33352114896638896,1.3708687284897123,0.7704369716175073,144.64112202505058,2.132519287215528,1.222560790408055,0.7870318349839591,0.30256780899536967,0.2743188443297418,0.657635838623236,1.2505098165004238,0.5342436889446205,5.913610525488599,184.1825391271427,44.03300641686232,0.44136381893238963,12.8314696485623,18.80548676913002,11.76407346995697,0.05595908354916883,2.766667
AM1392.jpg,0.8577047062592058,1.2427283587732467,0.8554975351428245,4.8069097817295905,0.2979628350761365,1.4923444422560874,0.8909104618248265,143.75810567032192,2.485180468366489,1.1642285263747076,0.7607725365322536,0.2983207179239354,0.2659909517113635,0.7708123578495184,1.1415537643064826,0.59334045991897,4.1512086254178335,151.16769930307666,40.615568750039486,0.34175267576339724,1.2517531556802244,9.559115044247788,12.584793548053455,0.03419283875290068,2.433333
AM1393.jpg,0.9527301140217299,1.301669807787394,0.8319811399294876,5.754346606228847,0.3257356189580931,1.4373231444272843,0.9540994203289098,142.20886034316132,2.403719888517232,1.1362281718826992,0.7624971657082317,0.29363245608443034,0.3348571799958876,0.7018194384939447,1.2765515405499115,0.49113503542388126,4.268670414745558,198.0561240376968,45.142081484505326,0.47844938372530554,3.1529850746268657,18.786231884057973,9.737574313710908,0.02204014521401834,2.6
AM1395.jpg,0.8344805242979308,1.2366893567521737,0.8706293580035447,4.539692499363818,0.2853260331435782,1.3612276501703169,0.7493887899649815,148.43387067340404,2.3805446208864427,1.1970104102144432,0.7895361434934829,0.3082425673884487,0.36174078485562583,0.6337123997896221,1.1759428394049969,0.5169874676188868,4.093374877028301,198.21286516210336,36.30096688780728,0.38980060136306727,0.8703071672354948,10.220708181141175,24.40261093355548,0.08866270217325355,2.916667
AM1398.jpg,0.9735244945098098,1.2627013615910427,0.8511347375364761,4.192928732588419,0.28843587716184355,1.4413997452919887,0.9510400568872891,141.6474487550943,2.6139803928239633,1.1307084165945145,0.7818460248694091,0.29677182052902606,0.32331307878887466,0.5752927888983104,1.268694772743036,0.49714979069971765,5.6804968088690755,187.41861578623696,44.72452838263797,0.46458926446056475,2.046548956661316,7.679310344827586,17.59046410786479,0.03489362712312031,2.666667
AM140.jpg,0.9651187780056522,1.2276137151958384,0.8446410019897989,8.76354737599918,0.34341889269012726,1.3592917956920645,0.8538518455324614,144.04007494871504,2.186866442025667,1.1531475835126384,0.7886167129868408,0.3055309805080742,0.3482312650445796,0.6567143482811385,1.1570902074708151,0.5302932247505108,4.087916265834717,213.4573794874944,50.727700848552985,0.3793837918479758,0.0,19.785747832011484,12.134663102724701,0.03662732151682221,3.116667
AM1400.jpg,1.106340655570799,1.291322189889265,0.8911482926756581,8.224068551785457,0.3603193358222897,1.2838570988300968,0.9356127928907073,143.0662212776303,2.100753179593724,1.1273611120595215,0.7937107845184344,0.30796054206109336,0.4109217619809311,0.5249043821586803,1.1078785223845207,0.4505429757609896,4.133093935424371,216.64214553596818,45.32529571911837,0.5105886827666865,1.6295211297704486,13.102551795856332,16.295203678653394,0.026563244537085494,2.9
AM1402.jpg,0.9540436925927137,1.2809503894835346,0.8681695808846267,6.871312245507337,0.3711457431819005,1.3292949422299762,0.7914550912929234,144.52246315117094,1.9328298281083833,1.1238472266968254,0.7783319719526685,0.30217063244240394,0.3553631861622543,0.6130150660185281,1.1828007513479422,0.46716434989105954,5.7724317127327875,191.09856560428614,57.67046825915338,0.5695847006848735,0.0,8.25393253103383,14.295444128770114,0.04666788468648421,3.15
AM1403.jpg,0.9628857364081503,1.3045949070513754,0.8484847230468247,7.153475338920911,0.3029287707826692,1.2796756180004236,0.7694863693143389,145.0476445935107,2.217415517062566,1.1739425675976802,0.7972374083323744,0.3146442032058865,0.3040050093214027,0.5972756572432395,1.204684455964819,0.47234528610624144,5.008477914803766,193.33044019232045,46.15022471729597,0.5925154457892772,2.4339207048458147,8.72742474916388,15.53218943288526,0.04054974107513587,2.816667
AM1404.jpg,0.8602263243395124,1.28935617177979,0.8074241506115041,8.786213694967913,0.36572028240227117,1.358784246460521,0.8018579352659573,143.25567886398733,1.9094396024598344,1.1518768537191804,0.7888196440770949,0.3027736085131916,0.3582036632226667,0.6004528970760861,1.234415808121021,0.5081547282421185,5.864806513485645,215.33121231702563,42.173718667576026,0.45808478474141495,4.611297539149888,12.579339378238341,6.476198860469594,0.06124707744975907,2.9
AM1406.jpg,0.8239521274668689,1.2561758970552566,0.8364963877067444,6.025646710810257,0.34473730195977703,1.269148488622635,0.792634380279998,143.69864363304538,1.9784335104004924,1.2338402116030944,0.7680197475593947,0.3171073113091566,0.35781552625610274,0.8155697218181526,1.2021879980773098,0.5381411304962841,4.249905712250275,206.46698874121108,45.68628698682514,0.3774930300470493,0.0,13.474683544303797,11.858366592071235,0.053387759345336364,2.683333
AM1407.jpg,0.9486937730748497,1.2131095097464195,0.8777110088172139,5.221332032105145,0.29369991061912004,1.3377586135236088,0.9481198571726013,143.5911926554939,2.6374269422590277,1.1771537793718525,0.7614534512765622,0.3153377970028629,0.4039713077954608,0.6592688639433549,1.1808287522771548,0.473886465144054,3.6291392103152633,232.86433826035147,36.00259329390852,0.44800626782937053,0.0,8.595623147682874,16.117976733247488,0.12614718794199514,2.483333
AM1409.jpg,0.8162688882013005,1.2365546420838038,0.8555447807509683,3.89931084837126,0.34696413852974184,1.311238439096187,0.9461883826350934,141.01271249562058,2.1135139715543922,1.1927851866037775,0.7473546638798542,0.3084326077438281,0.304731716277985,0.9170501061338282,1.2647260586561315,0.5792798944704471,6.399756497336918,146.1523198997578,34.841402869190105,0.34179394271545765,1.0216346153846154,7.0855694692904,12.9557104780246,0.014308231975630586,3.1
AM1411.jpg,0.9187105746485117,1.277656550778985,0.8382791126099323,5.157744603490129,0.31950553559412587,1.4215132018503,0.8358248213351483,145.29995053048953,2.366007608274062,1.1316267632982153,0.7768122654060894,0.2993838235233999,0.40463149327373243,0.6489723152700497,1.0855984145192514,0.493484421067589,4.875996630856214,163.85389873037525,47.97147142316918,0.4675862098150804,2.0353477765108323,12.538435967755339,16.153266452811593,0.03501046538575111,2.7
AM1412.jpg,0.9053790304785135,1.2691570737986368,0.9009181000268212,5.503232520952729,0.30435205195316545,1.3863200741890616,0.8387051676114694,145.7474700442495,2.3298510819837066,1.1559650716705174,0.7843392762714445,0.29686596654758196,0.2944596384514115,0.6369520398326984,1.1614561529989955,0.5590711205610603,5.65561239400444,188.18341399475702,45.65703784796801,0.36798091455816945,17.929086003876357,20.443777492668623,15.930599743229848,0.035128771133809536,2.816667
AM1416.jpg,0.7811328463752651,1.223022419808267,0.842819217308617,4.280810104298233,0.2698857303636708,1.3420767873478505,0.8396559126952678,145.45521956745523,2.529893244081119,1.2639361149270225,0.7689520646271344,0.31245222291430763,0.34990611050544934,0.725444317842686,1.1848597157208829,0.5450504956594664,5.674432634932934,188.5868347835857,58.20633435217928,0.361890112566401,1.3587921847246893,11.779840042085535,8.103048852630906,0.017444870738188102,2.8
AM1420.jpg,0.7901292386483703,1.2270471504119895,0.8526712667824463,2.962076361891522,0.26311725778401374,1.4061406637322962,0.8777308535892118,143.77384079684202,2.7491103086562916,1.1912513190746634,0.750582432678293,0.3042506290359748,0.31973609775752343,0.6103330382538759,1.0850112164197667,0.5197328095632132,5.688475101577744,138.81754130656643,47.70802727508115,0.5113648497011196,0.0,9.410714285714285,17.53521678309525,0.052723887184371876,2.85
AM1421.jpg,0.942482544709036,1.2983968784194293,0.8846232567086882,5.925320026064997,0.3260967613731578,1.2274720692407834,0.7457887821819155,148.02248219774114,2.138424058310231,1.1867830246775521,0.7987296157597552,0.32360893244137945,0.3662144371782217,0.7419300189148356,1.2285378973725376,0.5164112399636014,6.03506542542504,186.9886889476623,53.86841736667296,0.3782220260610035,2.3811544991511036,16.861878055795227,16.098581229738144,0.04012527110798606,2.85
AM1424.jpg,0.9239634750990829,1.2438430992647682,0.9210207606102642,3.895997993360366,0.2682422395287914,1.2765970762591208,0.9047229965015182,147.1063313474906,2.6624053012654634,1.2515773705545652,0.779599982742415,0.3237236207888361,0.22120784081322795,0.4893832460742149,1.3760903702796203,0.5786643002260233,6.174799534670347,191.92583462193517,47.004731960338205,0.35575146245344635,1.9645608628659477,13.412716574043806,17.381211874740742,0.012945522519694136,2.783333
AM1425.jpg,1.0102947062293042,1.2198904605092595,0.9254216889735747,3.3529346749419293,0.27998712685299953,1.214721980405807,1.0023713376281038,142.29158218336931,2.7119712095623325,1.2601434486417509,0.7534505948647957,0.3421096582192005,0.2949571821540184,0.575509530045094,1.143806653058337,0.506829051270453,5.2676162815443295,222.06847716546451,42.46888366952953,0.5047849373352339,0.0,8.172318812709975,2.754370617184847,0.08026868268697726,2.316667
AM1426.jpg,0.9235435961221333,1.2612057697382906,0.8534116539450841,6.218130843732252,0.2664159288123361,1.4780120724181545,0.793618979034,146.48914412612154,2.6115854484055174,1.1638783880015662,0.7960699682146285,0.29471559729978797,0.4113917834182493,0.6157692540678293,1.2266949949313362,0.4732831629318892,3.7283365273764284,207.46296249238276,41.7490798738726,0.36129840018460585,11.02086438152012,16.48878502786078,2.921686186229593,0.04439464732848736,2.083333
AM1430.jpg,1.0584619621480087,1.2805447544676016,0.9117532511491717,9.403904731623149,0.32103638424564374,1.4033038519689438,0.7847584660585096,146.06440054800294,2.16420701217751,1.174134134050847,0.7974662582926131,0.2977043012370548,0.29252660251132095,0.6965401327507568,1.2215050853011384,0.5412174420642193,4.443729262194765,155.96719331648353,48.801484504223,0.31980230735452414,7.824909747292419,15.189502388814727,13.8847678528723,0.028814886179257697,2.45
AM1432.jpg,0.9167143332468156,1.2251254886909606,0.8689680972490025,8.31764400357065,0.32365017176961414,1.1970717952040584,0.7973631942278283,144.31718161771494,2.0907971865599477,1.3193831064929784,0.786407406141558,0.3221182814498918,0.21888862528690767,0.5585828000895141,1.3223961108373699,0.6185060863864696,4.702746667798569,175.09585460062164,57.41847364824068,0.2893601868542105,12.04159317285744,22.310559951308583,15.300405593305214,0.055951459009565364,2.733333
AM1433.jpg,0.9787678791544943,1.25133460295981,0.83656641989117,8.346478217628034,0.3301733918911798,1.3390317634799362,0.8539549653903906,143.10402886975731,2.1994720352079975,1.1899386567098729,0.8078346393175637,0.3076021733982028,0.3382778556151847,0.6375932878389374,1.2309566840074075,0.526057456439953,5.2038007649864895,161.27016762375285,45.265719225176355,0.36365170968957033,0.0,12.515577119509704,9.397710378951118,0.05530334479360601,2.716667
AM1434.jpg,0.9664476547646011,1.239047675287169,0.8956603699636592,5.262236602985801,0.27685479439929894,1.4930068164874737,0.9499184046207094,142.735360539772,2.72083552325148,1.0837540301458242,0.7644614915713605,0.2907270754207853,0.3251840082792754,0.5452953167737915,1.2109140157063534,0.4666374960081125,4.859190343963782,216.01449882369712,80.49685176487358,0.5753456209113885,1.6142100091812572,8.129156623651966,6.049254957781628,0.008620331337030633,2.383333
AM1435.jpg,0.973603550691177,1.31405083137241,0.8492048851244557,4.9139878622652855,0.32333847304920105,1.4091848091231773,0.8867929478634669,141.87828300039882,2.2663540256316055,1.1204421076009847,0.7606016728435322,0.2983987734042354,0.2859598283118485,0.5602008295175985,1.2119688787636622,0.4951017837521175,4.163811385036924,198.96144521375976,56.85559843956622,0.5567739772461007,21.218424962852897,15.78732581287326,11.55532752256515,0.013651111163349891,2.683333
AM1438.jpg,0.9594625067718893,1.2730511201833807,0.8277403477506767,7.220263027714024,0.34564846108878217,1.3994988026677473,0.8288105243786327,144.0702576740107,2.092053930373316,1.090325305718487,0.7794283240587869,0.293885453749564,0.41447745849756495,0.6379461688257009,1.1508067099560735,0.4623834842925419,5.575011558407594,213.1922814073929,34.405235283742286,0.5131884693745649,3.8418079096045195,8.641631170132799,6.8464486246960945,0.043761994576335436,2.533333
AM1439.jpg,1.0958301094431018,1.2783650692775426,0.8597903254040838,4.842785492400594,0.2836516063416833,1.2628763873546895,0.7966670662801653,146.52259205303346,2.5373514503215215,1.2671450961233972,0.80166098045735,0.33299663633590276,0.24665992878397003,0.5911435061244812,1.139939427452093,0.5320881633954274,5.360606845401699,178.82614668588934,31.123098504965043,0.4736681793598716,0.0,13.683720459371777,17.81988782846767,0.06164695038612451,2.516667
AM144.jpg,0.9809158628173419,1.2804798766773253,0.861568009587763,8.216027037390859,0.36028846237534673,1.2298778683975,0.7542965900499073,144.0139238019478,1.854094155631789,1.179178903772417,0.7926382256967804,0.31924057218544094,0.33884745894691526,0.5337117124629768,1.0979578561821741,0.5263172143389121,3.9172966092272636,189.43432827176886,45.255963284155314,0.42960283543319294,0.0,11.036700284686514,10.66509216065775,0.16121082747786702,3.216667
AM1440.jpg,0.7693621334090763,1.224949039677217,0.9058933486476075,3.332477139047757,0.33289541105696263,1.490956838007492,0.8414567562338939,142.71914728963193,2.1423771891809564,1.140658337873439,0.7269451102367401,0.2957377958516575,0.32590648401355726,0.829871476462478,1.2237810680923455,0.5558781913687346,4.334765860414141,191.07522761131509,53.21501999885834,0.3468230214537989,0.0,13.437026748192178,16.47247394619164,0.06670768838094317,2.366667
AM1442.jpg,1.011515677923663,1.2676395199235986,0.8435451922642272,8.742277853157002,0.35637190007263575,1.3051958385732383,0.7594413630524989,143.3702245748118,1.9782496873384674,1.1690519003789914,0.7855454142221558,0.30853895009281657,0.3180529599817711,0.6511614172589566,1.2101856714004127,0.4820924260686607,7.505266648705916,182.12401419230156,86.55114140375902,0.532810275833973,0.8018867924528301,22.465366640703238,10.501113419534505,0.08181946270305997,2.466667
AM1445.jpg,0.9790178595926006,1.3002762753463648,0.832060160192084,9.717792649527212,0.3163628791415228,1.3091529755910838,0.808146187158747,142.62027369025137,2.2420485738950338,1.1731823911274393,0.7906426132259157,0.30694677742255694,0.27081213540955634,0.5542920453374451,1.2091665705637027,0.509343919149978,5.954131273190913,171.72222158622586,49.58551545059616,0.5295249632860286,1.8351102646058641,15.968306402899426,11.535843478795115,0.06065625883311987,2.666667
AM1447.jpg,0.901773187249623,1.2651240308096168,0.8268243894975136,7.095225805254816,0.34031626468820453,1.4255617134589558,0.8029859867764907,143.57062347631768,2.0855002634370545,1.0696577727451078,0.7780065440509708,0.29086974691792583,0.33630468376567624,0.6272619703406017,1.0433279043736392,0.5045974704397286,6.9363751456373315,156.34191538974017,42.22232541251921,0.5543616713541163,0.0,21.317042904739242,4.996111984579223,0.1274975593857019,2.75
AM1448.jpg,1.007163531997597,1.2835898370867094,0.7901094419838686,4.256794624261629,0.29292169203575213,1.24759178771133,1.04439815719715,138.21422651935347,2.546595400710018,1.2639513309906285,0.76281781082261,0.3189067313179515,0.2974216595710798,0.6783066730469078,1.1655010144837477,0.5177524502750104,3.758331698676711,115.48600333669589,46.13718730755198,0.5045934587074362,1.494140625,13.324750563244287,7.537993044156607,0.0866556090331911,2.5
AM1450.jpg,0.8447290522506721,1.268407938737101,0.8753186959884979,5.22901421961436,0.32297814006543013,1.3533432323276173,0.7981289477429272,146.31910905187286,2.1669422911377723,1.1319378452288262,0.758626605596608,0.30070652242088874,0.4314499192685766,0.6463160842507789,1.1957410685954772,0.4333614035857303,8.821062315267048,234.05564656083334,56.85100521062236,0.57558534816122,2.3020833333333335,7.683531746031746,3.343139364517853,0.1334527391328097,2.666667
AM1451.jpg,1.0198243421259658,1.2686245210949683,0.8970248125204723,8.601884089502763,0.365632238277959,1.4512936571704766,0.9010930043058395,141.7057511919557,1.9204666298231907,1.0638964884252389,0.7529198112015854,0.2910418271349636,0.3615525716917088,0.726983957415023,1.1955453929440876,0.44843061869656736,2.991349499702835,210.24536894572458,43.64721226369693,0.5294543288235466,0.45780969479353684,15.582972884559464,5.98136306190456,0.09558031295722194,2.383333
AM1453.jpg,0.9401588710036414,1.2624947944588343,0.8416279160019967,4.893142077637733,0.32463530455953904,1.366661957798033,0.8233573068499593,144.39143182752983,2.1442884187592592,1.0846853321859327,0.7595997586085002,0.2963557232157048,0.41349648655525695,0.6297071184263942,1.235584107558312,0.46185698302138667,8.916696458112954,222.38625397697717,32.11322548128467,0.4793245225849794,2.400524068322981,22.262720675606857,8.037812372307556,0.09088977353843078,2.083333
AM1454.jpg,0.9065243337394682,1.2595814377950163,0.880055501759462,7.465303901724183,0.3435547249668008,1.312313969360118,0.7894567010398215,146.92265533562048,2.10490818973776,1.199356644585952,0.7810147122002216,0.31041625703140857,0.2948047030943114,0.6584883299608226,1.1740431785375254,0.5639521326682452,4.0407589932452534,207.48195195043695,48.27511741806285,0.3706499760933382,0.0,15.145163410146324,8.395555119529632,0.07940331113494355,2.616667
AM1455.jpg,0.9532796757820912,1.3059949023610045,0.7560357053067357,5.726982217394257,0.2820616054812226,1.411718207459435,0.9035882137614878,143.53439093326546,2.8163558198676024,1.1827961437182963,0.7765075981174386,0.30899791209943495,0.43058357293289257,0.6254274685802127,1.1687504688695132,0.423872266548947,3.114733692613849,121.89774133648362,52.16068954365494,0.619084340917443,1.0450819672131149,11.356429829712273,14.710910869653148,0.09230614630574348,1.75
AM1456.jpg,0.9545715821413291,1.255856371525192,0.8642661614203728,4.493249157737322,0.35475937670355706,1.4505480527190995,0.946562243129525,140.58697763238996,2.087953840053775,1.1137392493303009,0.7389360450934708,0.2989946887608517,0.26270333392109085,0.6232687324550222,1.1372583982178521,0.5536434294737054,5.873690323041279,184.47258382643,58.83851442579909,0.44698982863044984,0.0,12.213145896656535,12.431719708404131,0.07132994542744062,2.85
AM1460.jpg,0.766520328333979,1.2134395245688905,0.8458317943429229,-0.6163880327748212,0.17447264848793453,1.3663366653494384,0.931221521174575,144.4911521595837,3.920118208528757,1.2267821079798618,0.7424393159103595,0.30783062831812513,0.3766774614114401,0.6700619247759912,1.1844458681593601,0.509017510455098,4.0065641805029575,123.02496814672529,40.664186156203954,0.4259733342429504,0.0,11.48096361714818,14.081838587266674,0.08297340334400044,2.116667
AM1462.jpg,0.9869833613171201,1.2798934576324543,0.796900143313506,4.113831973467137,0.26250366204452846,1.414229248962178,1.128536648180536,136.86848604396982,3.0427959924929495,1.2016742764455985,0.755821341436756,0.2990989920302667,0.340360923838827,0.6517689413723979,1.1945718486319488,0.4711501373096561,4.515547122331105,187.0137879942033,48.548852929268236,0.5356503073990776,25.663623390995397,15.328753351206435,19.87072591115603,0.07536695019363515,2.1
AM1471.jpg,1.0025150448040818,1.2377657046794062,0.8688182270522302,9.487055311304086,0.32926047720498475,1.4492800835099524,0.7948357136268073,141.83877494411627,2.1210496338569795,1.129393432475898,0.7959064896149614,0.3014197867504896,0.3082509522246292,0.6107071093753431,1.119258186119853,0.48074105526451655,5.223360738052497,200.91647058415236,36.986043868011365,0.5594859826655278,0.0,7.891008022582083,6.432518873242657,0.05328394163902552,2.3
AM1475.jpg,0.9543373394633798,1.2710235072172207,0.8153039605077989,4.181557798833621,0.2906809569669325,1.3366247999790608,0.8944671227832658,143.09639956779893,2.5449350761613347,1.1936689098520223,0.7937265629383996,0.3103267636973935,0.35231047146504885,0.6081978515375738,1.1290362404057932,0.48816992421346245,4.878456406400984,199.16501326536797,38.53833027883189,0.5298831682705256,0.0,11.476317799847212,6.230693977635013,0.030290812159098807,2.833333
AM1476.jpg,0.7651271687115655,1.2577144675999987,0.8105919096882995,5.113872062467941,0.3637565258377436,1.3911167965548619,0.8395249332424061,142.95243728213342,1.977837101355425,1.156128996280859,0.7559055360019564,0.2949499527445696,0.40688109601957445,0.7312709420889267,1.190829968406191,0.5301436174140141,5.969273206052743,172.77759229050525,45.427320058200365,0.385436919858851,2.9864864864864864,7.498918310834199,9.304610828884293,0.07232949726709961,2.666667
AM1477.jpg,0.9811390740542908,1.2808201498232188,0.8539949395259031,6.444261331718279,0.3234764505465946,1.4494655243541228,0.8693819724133687,144.69018624803533,2.3602334498761004,1.1341858633129818,0.7914832094668021,0.2982637026215655,0.31814466345736664,0.5824473330225266,1.175426399645082,0.5165792550693347,4.383823760238676,191.38365351593114,35.00094973859518,0.4495558179453579,0.0,17.116965933881524,4.330519891813466,0.024871828837236147,2.5
AM1479.jpg,0.8185335604325983,1.2430239027481762,0.9186520442597851,2.827422490932294,0.2757422158819077,1.2284522316659672,0.780106478131772,146.56368855689237,2.3312924546912273,1.2551091247133372,0.7480936045294486,0.3148994501457022,0.2776711138931968,0.6557975755174322,1.323575497327289,0.5293341439790339,9.19572394560475,183.31214161803558,29.493159230560053,0.43435704448435863,16.71568110748041,51.354166666666664,21.93029445397012,0.06614716178005167,2.3
AM1481.jpg,0.842757169524261,1.2759405083438904,0.8583857144648638,6.131635366624845,0.3336452211611318,1.3333517922684712,0.7824521365481881,144.62414759975795,2.0262482193360567,1.1921408839904766,0.7767016689989613,0.3096810797355328,0.3469618568973756,0.7533211890162673,1.3104228774816984,0.5112304494368607,3.923715503428917,207.58043749264965,40.75360091094052,0.3698532755803135,5.334539823991742,22.993816714397294,19.193724894224474,0.055914327667743104,2.266667
AM1482.jpg,0.8624310248636671,1.2488125151628968,0.8005713278714895,6.190723877747793,0.286744306750116,1.3643194121740674,0.8010347419339027,141.9216589548666,2.4500350838053886,1.1977721661368121,0.7771774418863933,0.30605477127244823,0.451318016873162,0.7604681615806074,1.1722463213962102,0.46506352723346134,6.634676209837636,132.89275695037276,38.56070813855517,0.44462582733209255,2.1823919728111347,8.48391282868415,16.860807483327278,0.05589836826038904,2.166667
AM1483.jpg,0.9153625779580822,1.2941625916750752,0.8553016855465233,4.908053103576362,0.3160569154226411,1.4000749632809852,0.7791010052495358,148.02883605387268,2.1849836277838746,1.064964031168826,0.7641557204302114,0.29790107408858546,0.33922218372569574,0.6201463140836337,1.0394269608310882,0.48564045273543577,3.432347142247435,219.38506578271904,57.43389207379886,0.5936452170528003,0.7447429906542056,12.52848450538054,9.71865623732478,0.03804820640574616,2.75
AM1484.jpg,1.0113043459095952,1.2775421126804076,0.9335450024355687,1.9139127270474448,0.3165041037042327,1.314927059154275,0.8094016177723578,147.672061803061,2.286058492024237,1.187754086489292,0.7616679452528579,0.31474395866273414,0.29159750055409955,0.7275069178940134,1.195553922243744,0.569662858134888,8.200734184275456,154.09581854099116,51.176412390407904,0.32896670204379486,12.793610664215125,17.372791143282946,14.01611757524691,0.028120930658253284,2.533333
AM1485.jpg,0.8864368437142908,1.2876671873568168,0.8904754143697563,5.25224286416618,0.3022198982769875,1.259372289533585,0.8021856899646108,145.2543015019243,2.2734962166147814,1.2000383076026493,0.7662768364248324,0.31473785889738176,0.30345253945490036,0.544275875500984,1.2850223333342756,0.48243609220508155,3.350826134912911,198.21742488357498,50.39932143529913,0.5545997732213896,0.8056872037914692,17.777819255989094,9.357750920850904,0.10846725504833281,2.466667
AM1486.jpg,0.9616024898792278,1.2762782638921493,0.8172392854386111,4.721102083568534,0.2748748518205331,1.4441101579077489,0.8882298954368903,144.8568479843492,2.775324573838073,1.123592396180335,0.7949500411999295,0.29296075463620475,0.34851630094748415,0.5766742757102795,1.1917717361843727,0.5144166094656168,3.3313494299947264,197.88392951202943,51.01237860812836,0.41979229079283564,0.0,12.91232638888889,7.282029499691674,0.028286012063976473,2.583333
AM1487.jpg,0.8878870150876887,1.2510149559816448,0.8705063086253226,3.6362984392171493,0.3161050833610674,1.2878818524658233,0.9353125029612421,144.12156721519926,2.319172907053389,1.1365231280039485,0.7598294683984332,0.30881853655626856,0.4823561300781508,0.8738601514502243,1.103665830283941,0.5074008645767749,4.906715872557116,201.62690066112827,36.82476795970646,0.3491241302011111,2.1665817327422534,8.281485980694727,7.875419393243774,0.018413192598405535,2.45
AM1488.jpg,0.9104638514109077,1.2887276241256378,0.8507456829905846,7.195783546750456,0.3445116596202959,1.2651775404294912,0.7220563475622666,147.5424274301995,1.9951006229954504,1.2534811871792155,0.7849018566162611,0.3275399206878692,0.36174943183909875,0.589941163791258,1.147107518088832,0.46500587727676956,4.159192682787173,199.5858714984312,38.97304305948222,0.5574841048864175,2.753674587023569,17.220217917675548,20.383172121708526,0.030760684756234398,2.783333
AM1489.jpg,0.9985582550436544,1.3242596268455356,0.7892339958717911,5.8139164767753435,0.3305734510620886,1.3550123928319815,0.8937356798519792,140.146904869445,2.1756703822881804,1.0889675691216325,0.7628726683393535,0.29580838775269486,0.4655269432384536,0.8132234500179197,1.1281346398900134,0.4492393051235325,4.29296706721951,201.7919436145409,37.35130616434171,0.503103478535566,0.0,12.397999301065875,9.031518723880879,0.011954658861145129,2.25
AM149.jpg,0.8149584727018023,1.274552547566568,0.8793977431637574,1.6833975623898685,0.2563783456223392,1.3646065934533744,0.8421292682960455,145.05162276334946,2.7226009871750625,1.1393687179292833,0.761938203716773,0.30972719878374516,0.48076630021397,0.8609613676970724,1.0700762566325617,0.5033265866647801,4.405977555582614,187.3013328904903,43.648860363017775,0.3583428196178456,2.264344262295082,11.323131861645614,14.071435085274402,0.06006193218864251,2.683333
AM1491.jpg,1.0171244478699468,1.2391520568063374,0.8850897036476777,6.442478429586977,0.3095042273925166,1.3523354952620057,0.851735047404608,145.88423958690737,2.4586351086441565,1.2077339472893471,0.7912482958383459,0.3130829823828561,0.26671856302122887,0.6987793536749334,1.1630719048520282,0.5354271207192961,3.116560393668847,182.28869382022472,44.587278118809024,0.4585274660752183,1.8658536585365855,14.617627032087839,6.068435667334995,0.02360742859576478,2.6
AM1494.jpg,0.9331181384614158,1.2343279970293808,0.8918024808697872,4.910577375474148,0.33567669394822924,1.3674192229151563,0.8552097473692999,144.3185561842133,2.1578113940067682,1.1136177725978007,0.7586760275445762,0.2992811804729019,0.2508389885731263,0.717106959122673,1.1337003736950304,0.5673857072711446,4.519443531393833,226.6297280781164,45.92157992996826,0.43643084101148005,6.189731121281465,17.346826424870464,12.054780922524088,0.015486005108025364,2.7
AM1497.jpg,1.046518488915036,1.2616976862852647,0.847768976575903,8.950195290848828,0.39698642800126643,1.3525925191144061,0.7488737954766423,145.9972699929059,1.8144720812835737,1.1234771929617884,0.803733384100909,0.30469981162337784,0.24008324769971268,0.5600068961233896,1.1326640784201194,0.5347152081059755,4.710710689146657,207.29510540225272,34.37018047732778,0.5098153809476513,0.20078740157480315,6.076647564469914,3.555787964197563,0.033277085212097525,3.016667
AM1498.jpg,0.8724807834428342,1.2586793287441815,0.8556157894973913,7.85090497546646,0.3599020685393866,1.3437367573090264,0.8375092566310582,141.2267575019018,1.9637730949298244,1.1490441274146663,0.7649309737559433,0.307514980822864,0.3661584214896272,0.7744305683957238,1.2078653569386344,0.5199054978815525,3.362242982640139,226.17998570947177,50.142874375469745,0.41020374428778883,1.1323268206039077,10.376083181069884,12.267733984869068,0.05637747617924913,3.066667
AM15.jpg,1.0421424668566475,1.2683099445310873,0.8920096293329934,4.519158760084164,0.3420157257459716,1.2659452691066135,0.6926052224582966,151.61956077776233,2.080742412676117,1.2204552933647768,0.8199088280004821,0.32726021577913267,0.26786769726779824,0.4215516950149089,1.2183825859314494,0.5071289765375288,5.615985978484213,177.5921169972527,69.18009513932921,0.4858069401017702,0.0,16.089481229094382,11.283224670023245,0.03282481770562922,3.683333
AM150.jpg,0.9732128542326935,1.2837791337710476,0.8273501728230132,6.891725760216435,0.3539858609880967,1.1827778366944723,0.7799571338242478,142.65487946624734,1.9617793470830622,1.2269125784371249,0.7973738239325892,0.32737897941932614,0.3480563939121632,0.47560078315349164,1.1521492191708724,0.4905650942686801,4.1777087903306755,198.26752407052822,33.310266724134635,0.5136997725977054,0.1905829596412556,10.091415313225058,8.140303964693587,0.027844009306318952,3.516667
AM1500.jpg,0.9432524358897202,1.2736838027399677,0.8606457029428093,3.5608864220544354,0.2704095998346917,1.3084532248057663,0.9277925241836007,143.14966588590187,2.6962729957415434,1.14921862976139,0.7473023580158765,0.31520902911430393,0.36829817567944945,0.60910221663256,1.2012238435490858,0.46230372735496555,3.742891320800635,169.59148598242797,40.36609368570899,0.5580239264078218,0.0,6.181144067796611,14.309197447235562,0.017843652469118242,2.6
AM1501.jpg,0.8646781084763985,1.267380711625773,0.8572781821918453,1.983889454479115,0.28882277913684784,1.4357860348599423,0.7984607890936405,147.1789678923612,2.4593772943112033,1.1219745597312947,0.7749562628540065,0.2968314960231441,0.29398823773045835,0.5994874256589052,1.19577342508953,0.5351756264534273,5.806786685430318,183.91372518002953,39.496307762612105,0.45731421427716146,8.000297901363291,14.222082373145064,11.033611931123161,0.03628057934288196,2.65
AM1502.jpg,0.993129337488147,1.2753431651409175,0.8506112810308465,8.482565649688388,0.34262470646280574,1.381092082349896,0.8515173129408107,140.3903498953307,2.052857921426543,1.135441870007047,0.7813655013764568,0.29809740781810223,0.345603874790325,0.5678264356816535,1.195133916055709,0.4597709757781358,4.94963326621409,196.32610946420388,62.05718836919584,0.5456231762233286,6.005601572815176,15.60867122389737,22.69712059776701,0.007380257587786455,2.666667
AM1503.jpg,0.8101047927731164,1.2137175545080394,0.8929584121805675,3.9390370547131086,0.30068149463818905,1.4250946294331146,0.8629757533441743,144.02390528430573,2.41139170249265,1.1414048953076978,0.7683791225311409,0.2976298043269058,0.3241568848068531,0.6691133045121301,1.0973873638038745,0.5550837960091606,5.268910363881699,198.66479923885373,56.93318890088159,0.4055866989531881,3.476947309315211,15.40310262529833,7.925347713901715,0.039773954938720754,2.416667
AM1505.jpg,0.8876403927319767,1.2472152172751978,0.8774139246761444,6.813190308286959,0.3419141377939189,1.3639053647009773,0.7027035392410106,148.27073374877187,2.035836671376441,1.0842806187603118,0.7939127089418995,0.30033656846026563,0.44031938249607316,0.7427423438831688,1.0262403647831901,0.5379281417471706,2.711935003324355,228.42213349281172,37.61928989091598,0.350131700313699,0.0,12.763422465522687,5.392780432584203,0.045150288569244475,2.783333
AM1506.jpg,0.9146238641047586,1.258069246021882,0.8900942278082128,6.09993644806519,0.2975184368608831,1.3910772796424085,0.8580944686548144,146.70075973117986,2.4822576559936147,1.130576778974774,0.7627652888517874,0.3074142514384848,0.29020577242817763,0.5728332541152127,1.1575231561629555,0.5163535545728578,5.001678930890241,201.40351083840022,48.93172212291404,0.5159290059007423,0.21144278606965175,12.609743321110528,10.632176097607342,0.013033631252429937,2.633333
AM1508.jpg,0.846649061859247,1.2853814270372308,0.846724473839064,3.963269522572152,0.32446859809720807,1.2674372955488709,0.7896613802007222,144.56385378279117,2.137001403848569,1.16263682690628,0.7756258794258417,0.32143342929970636,0.3677455990139862,0.6037394846025594,1.1388990662063931,0.5114979336026787,4.976996023643577,175.18245936904043,47.230966831727,0.48619269083914624,3.286934983288238,8.937076466964424,14.204045637544752,0.031380066500181165,2.666667
AM1509.jpg,0.8045227024214973,1.2203284741733023,0.8676143755978167,5.076467558685441,0.2957485927965453,1.4964425812022537,0.8780508047999153,142.33718063920585,2.4676415530508873,1.1026663102857879,0.7479151352202215,0.2925567506918637,0.4451765749661183,0.73579778630798,1.048418619512403,0.4958255645285548,4.411349692472856,175.2044674322518,49.352749529900976,0.4518580012744664,3.442195722981009,17.371310507674146,3.4232658679617742,0.07491269965573853,1.85
AM1510.jpg,0.8635479353220309,1.3013323944882318,0.7955028459960993,5.163588845946945,0.3232340506551835,1.3985434826269987,0.7809018241522975,145.61643712290606,2.3084154082241146,1.158163393788886,0.7750717971252318,0.30053504957037963,0.46547026758920496,0.8235653546427646,1.1180550612307631,0.4861815143431593,4.697336261496094,185.47913660965216,63.2770763877821,0.43156716314478843,6.333676140613313,19.93118252414925,20.71550608689988,0.07834224095907731,2.7
AM1514.jpg,0.8877630817396452,1.23092816189804,0.9021145629322855,3.878564864384857,0.30265059771204306,1.3738996339228715,0.8947067667820434,142.39170664050502,2.4011598215216425,1.1373766403202312,0.7448626132654839,0.30735724685147764,0.38539477471080436,0.7849286907003847,1.0076610482807598,0.5194658347545791,3.894150997629154,206.12025974025974,43.15556869360148,0.4367380077547689,0.0,16.547853511253013,14.150615976509528,0.04657979412606835,2.866667
AM1515.jpg,0.8641868897419877,1.2673577109267868,0.8608305382056537,2.4384031451454655,0.25982911114900586,1.433511869002398,0.8754053325729055,145.40417959513746,2.8869439353253936,1.1827493125687205,0.7606876560950215,0.30728772582420866,0.31806749917122934,0.5626624102247477,1.2183768326743312,0.5077786953398999,3.662084124353957,166.3406574249613,53.491314654486075,0.4838445443985556,0.7313575525812619,14.230609252868355,11.22833356263746,0.09127273812536926,2.633333
AM1517.jpg,0.9472100853381042,1.2831922405479173,0.9222504453005858,4.883205227977324,0.2840184239180421,1.3948889957599158,0.8189902275851916,145.7343007713127,2.42726325611069,1.1491052470538574,0.7513870225557688,0.3041686021267638,0.24319296330157095,0.718983608078095,1.2220513566905367,0.547177547880291,6.998159291923054,160.59528456877422,44.04107815073432,0.4371558684595486,5.094283542030228,15.912453192603948,14.531034367706752,0.07527766936605107,2.383333
AM1520.jpg,0.9128232708758977,1.271111616616411,0.8792273544903516,3.58500710833449,0.30638989739578604,1.344475793637584,0.8809946754160549,142.90429262453142,2.3559128579555213,1.17101067682405,0.7464869632572942,0.31116974048154117,0.389876059241342,0.7569073192419088,1.1661309195622045,0.48839006359591985,3.5626970057058047,192.17418125451903,57.471170676813585,0.4453250533395297,1.2540983606557377,16.942556349857416,10.11886510015161,0.013005504844008179,2.666667
AM1521.jpg,0.8760554799851507,1.2782485814769524,0.9120401493356591,3.882369844242376,0.3313231925451595,1.312461342730853,0.7300759870685998,151.3189185159368,2.2357259740288677,1.174308149570581,0.7895585319938963,0.31673040254499374,0.38928431667787106,0.8516459513894429,1.353863002605211,0.48411858582593764,4.497282265603996,200.2715858273134,56.19335453479641,0.37572472750898017,0.0,9.768223234624145,8.927788853179663,0.05356487372350407,1.85
AM1522.jpg,0.9402136262157104,1.2784011305282983,0.8051834457085888,5.5771597804679125,0.34589483053335224,1.2781103526396715,0.8815010793068467,142.16920573729476,2.0989842380567563,1.251913012571259,0.7857439955220309,0.30606532439980183,0.278193143607342,0.6668292595040034,1.2679048276397376,0.5776880496021117,7.266023165233653,193.33464046475623,63.91094055000772,0.33190396768077873,21.04712822475238,15.182939417446574,7.283949730965205,0.023386473416446292,2.15
AM1523.jpg,0.7830474589948878,1.2395336813842883,0.8918200432507287,2.4678072682742864,0.2881956094210204,1.25341273892691,0.8896459112120657,145.27960577484345,2.511500926102433,1.243394480291245,0.7453679055962682,0.3278514640195971,0.5035624144250529,0.7409285453884631,1.0327972367265674,0.5420676330137909,3.5608743554332705,220.12209927598622,50.55517619906314,0.30236085753355507,0.0,7.562600462125779,8.923062468280676,0.048057229939803124,2.0
AM1524.jpg,0.9147078783681272,1.2931044441771837,0.8900119529432613,5.717044437279275,0.37890109324961174,1.2933965242773546,0.8466767943563225,143.83992380784028,1.9408267378470678,1.147497073328486,0.7584461162615261,0.3117258930329586,0.3740199169431008,0.6201530380585701,1.168450642541111,0.49970253772389595,6.019673576439292,223.7458148490474,51.995357810656174,0.4621929257765562,0.0,13.638160423874709,8.323609200588919,0.03051617785137295,2.816667
AM1526.jpg,0.8886178829994086,1.253904189856147,0.8828454865876921,4.872916957629121,0.3059256985159935,1.1989332017665564,0.837410518762893,146.37288362310233,2.2697564523561296,1.2126095779726729,0.78945969880709,0.3251318807963826,0.3206085170897186,0.5325962438971725,1.2037538496111557,0.513097612257867,4.451504561943475,194.8026414729385,40.15752106736181,0.4810872329668688,0.45780969479353684,18.884082367679298,15.333750903594208,0.08559512159977109,2.916667
AM153.jpg,0.9621459043135595,1.2766074000225014,0.8288965119760163,8.527998053986096,0.3786638008931418,1.2914939744968035,0.8203802954459456,142.8380367945441,1.9434215595660993,1.139661742394422,0.787756498411074,0.30952979021691335,0.3718525789894469,0.5654412249111159,1.2449540776535786,0.4476667098520134,4.571584192742801,202.79416260234206,57.82710179153125,0.5979389088078718,4.681897890914636,14.660659374193095,12.902780937335947,0.031308981360639976,2.8
AM1531.jpg,1.0517566646445697,1.2946917391584805,0.8585759701203353,8.45369460100874,0.3672892492296473,1.406533914870379,0.8111466707866606,146.88205178121666,2.0255026971723593,1.1162426048146286,0.7991208472943071,0.30232885971974177,0.35912321114410084,0.6418117333306431,1.2400497751858708,0.4620295040188832,4.734806942180185,167.88985532498157,52.04995591173764,0.48532788704464913,0.0,13.094772083440638,6.961161779744032,0.019649399803641776,2.866667
AM1532.jpg,0.837171049545126,1.2445687720428205,0.9028749520015434,7.058441867325618,0.3314139240588631,1.3642179219053334,0.7292086162080759,144.87267627929674,2.0269472144493257,1.1275334181219003,0.7643390326352182,0.2992763202758268,0.38520718520805036,0.7462729079475083,1.1237666146008403,0.5234067411932617,2.2450699209459017,190.57136009624026,41.41743947668556,0.4003712226417152,0.0,16.37643349475623,9.688687560805676,0.027700918742930004,2.7
AM1533.jpg,0.9500918280392722,1.2505222907653266,0.8626239962565245,2.7111899490232476,0.3268263350969607,1.4744034426918229,1.01733277756989,139.48755337646062,2.321256034004878,1.0488879946244445,0.7421156573262615,0.2947874680206127,0.3650031960355508,0.5852517525932133,1.029458212201184,0.47934185217893965,11.773704270341137,180.23683064057286,49.606890520812385,0.5879190842001281,6.233675571976694,25.004244031830236,9.716954864175364,0.0363953790050464,1.833333
AM1534.jpg,0.8505482187416136,1.2144438670717923,0.8364124746370404,5.459625285793507,0.28128597353586116,1.407287190400653,0.8367622718524222,143.78953963673524,2.459817771139238,1.1590868914774382,0.7935337424382948,0.3028316515359609,0.3354479719761672,0.7042712565490339,1.1353275964647782,0.5329899606767242,5.259158431628448,196.76651006666145,38.31425979223775,0.4223375657424123,0.0,7.980580049723658,9.153310163898311,0.06586053676914391,2.416667
AM1535.jpg,0.7748320849942089,1.2217881274345457,0.876963955415191,1.5086318532708207,0.24178291198840784,1.2724511182961176,0.9051247580532952,146.08399397626994,2.9243368978817954,1.2405317255903565,0.7417468212459224,0.32400204708560293,0.4593255729196778,0.6796444047376633,1.0980755142300136,0.4968339390581737,8.251681027888942,197.02793762527946,45.98550753849065,0.434418885309999,0.9550561797752809,14.310965914737157,16.771978043695455,0.038644912912170454,2.066667
AM1536.jpg,0.9132103871223837,1.2667365977847913,0.799670623319422,4.799625903893502,0.33207382588313417,1.266211627346816,0.9633046481725323,141.14112462169274,2.346173533340811,1.1637900953323703,0.7642761982904236,0.31477273141422074,0.3929372523972776,0.606648062444281,1.2560348451115082,0.5075771399047879,6.373979256060501,211.40830791575888,54.48342907892527,0.4318428527456402,1.7150502114164907,9.151610017889087,3.4136180017089544,0.01930885472951728,2.616667
AM1537.jpg,0.9931570925430683,1.2998287796305348,0.8750281574857983,7.473427589114353,0.28660132010172684,1.4037635130865322,0.8663243071612647,142.93378457017025,2.5041020853903957,1.120501332521495,0.7913634228051519,0.30120967146061844,0.30890748920629735,0.662335391932933,1.2069987135182192,0.4811020310688326,3.0697237237495925,189.87245345912606,48.966098944075895,0.5259948872661264,1.3783783783783785,13.747209896463627,6.859072294716896,0.018035179712277,2.5
AM1538.jpg,0.8574803960834935,1.2647019685032155,0.8841386835259623,5.1512284718089685,0.3164177256705647,1.2604193480849297,0.8745701720259602,143.06777308358997,2.2096693560011564,1.1570264549501932,0.7660800907707912,0.31111729607568167,0.34669149804869664,0.6740121402161272,1.0457797871188506,0.5367407491767029,3.189169802052173,185.17593944444624,38.631361131193216,0.45377262750701447,1.460720130932897,10.139911634756995,17.083836692432797,0.03878057090755942,2.816667
AM154.jpg,1.0034413447275516,1.258387749174805,0.8207232520798721,8.955504317510554,0.2999824255748619,1.307008815746572,0.765600172760639,143.83275241192968,2.2529696952999334,1.177405482130354,0.8072582854900594,0.31282412752098265,0.32665845744587246,0.6695125515529641,1.089212893792343,0.45749456241389197,9.904466371636056,171.96607393383925,13.414222081987418,0.6477351236869973,4.316807738814994,19.479193718397212,0.21278201331094238,0.09419099590085919,4.1
AM1540.jpg,0.8604047670699735,1.2452970008366517,0.870741890763188,7.2023858281136,0.30541158251275935,1.5243618981970328,0.8259064696854301,143.50603918383376,2.3823136043597266,1.0930456094819199,0.7801865595962622,0.2881300763241906,0.31663739300222754,0.6214995205043248,1.1541084811649995,0.5188823226863712,4.645640944590625,200.57817811643105,44.512062413951696,0.46550813733904295,2.7172131147540983,13.949448095176738,1.3098804243132776,0.023213267557471433,2.783333
AM1541.jpg,0.9080112045068248,1.2714538897017331,0.8996976988311485,5.047221260718083,0.32017143729117614,1.318099072035958,0.9173137411784562,143.72580090745313,2.263567098186953,1.1091947198944976,0.7549240184290622,0.3087588825251811,0.37959069314362226,0.8688570506118617,1.1025894835711763,0.5117575919232119,5.029779981012018,168.3361285814116,55.21180425708728,0.45653221113517667,0.0,12.907163101423848,12.250542528053202,0.0332230974242277,2.65
AM1542.jpg,1.011607297365583,1.3118017067472274,0.825797679926372,6.418168681341923,0.33613342093436044,1.4578974155746205,0.8456275365629835,145.22903620024886,2.123919139191337,1.0275362379688415,0.7691706654326239,0.2785664805572875,0.4208663916523412,0.6644305032203571,1.0991033260789822,0.4590433098992697,4.458921834906715,216.3869723653708,41.653258079656524,0.5337328064070948,4.884072580645161,15.235008386916409,4.663647199772242,0.03491746003621783,2.85
AM1543.jpg,0.9182659971448699,1.2842391228176553,0.8199285597967317,8.330394307301841,0.3830043815147074,1.3330627856439043,0.718112453506402,145.16848383712318,1.871776704249506,1.1809792740698495,0.8084584422491592,0.3111162322549481,0.3193419992608887,0.6331815202469898,1.0987761096293902,0.5212108793452209,2.930931049740785,180.9925177231614,47.56292588642668,0.4870930544801468,0.0,10.214006076896109,6.415856561724709,0.04853553023537302,2.733333
AM1544.jpg,0.8311435711247908,1.240670045500891,0.8767538891127643,2.4946212603732723,0.30035609120364315,1.4110074305025082,1.0505088395370465,138.96215128589552,2.4933891250250837,1.1454348088261845,0.7177755811758321,0.30227563023644227,0.3287589930067688,0.9079774041817723,1.0290797225711608,0.5501051393020442,5.162634734040026,198.2425264008678,47.6438421903415,0.4361100941310171,1.712686567164179,12.60521323104842,14.197293805894404,0.005615483690656433,2.55
AM1545.jpg,0.9154264935963555,1.2210158711530448,0.8720362964333316,6.315485871541272,0.34112653243801894,1.290498045924756,0.7132805683468806,148.1102152374567,2.0141158530532413,1.1730616469267012,0.7869822967980578,0.314079550861786,0.3045073262953187,0.6854014681612489,1.1689753124014481,0.508914076905475,3.012128435331207,215.3341544687767,58.04263714500132,0.49938752480305304,1.3014022860168517,12.202286104516926,16.643454091469053,0.049747764360028555,2.716667
AM1546.jpg,0.892888765244378,1.2734975389695773,0.9009152461979784,4.513035800384936,0.314422797093034,1.2546757372610169,0.7874859938520945,147.59192081801814,2.2774268939226077,1.212601203285901,0.7743334460551922,0.3236417643414868,0.40505859901986135,0.7024246342414997,1.181047076689503,0.49656046248113944,3.034917677370599,182.66454483030952,54.758561924326614,0.39206128703535187,3.3484848484848486,6.995653829328753,17.316802447375565,0.05096671073046395,2.5
AM1549.jpg,1.0020449369740818,1.2856484580008118,0.8748463448892225,4.1908226813528175,0.2523381635942108,1.3130907770703044,0.8719478062835109,147.0175430550825,2.829356146617393,1.1761786490778368,0.7840595981707343,0.3093407032267245,0.3675097787303649,0.6779498494547758,1.1776279948484718,0.4622037483989075,4.638380103754787,190.47671757863122,76.8026363407202,0.49839738252207655,2.3735146966854286,18.86897590361446,25.154760696881283,0.02192815179193832,2.266667
AM1550.jpg,0.9552756117473864,1.2911687386190378,0.8918246135455496,5.6601733563438135,0.34855234991098494,1.3658053839572657,0.8982457115194221,142.16272953112696,2.172552618111599,1.129678967279052,0.7556699204704268,0.30245862963056774,0.34035743644425026,0.6590109641768191,1.1361494677333834,0.5185767950148606,4.608271432343988,165.09396778396996,52.63463764042929,0.4401754768280501,2.6842105263157894,9.549310344827585,16.32852118995119,0.02136695404982931,2.866667
AM1551.jpg,0.7891967339355361,1.2274999567306957,0.8713994793643242,2.7647832149579425,0.32601213461795775,1.3582931340366196,0.8977409836017992,143.2209173615194,2.202202546962152,1.1384614134166458,0.7287070581472752,0.3020548184759301,0.2627932365234539,0.8290913793324529,1.1669787254781483,0.5677386742041743,5.822710958037733,142.1651412859628,35.66514128596279,0.45158096071891857,2.1214642262895174,7.490926783084367,5.581410979384131,0.024650808949602792,2.45
AM1552.jpg,0.9158942275605428,1.246762318190315,0.8648058287699414,4.864792221296905,0.28867673465488053,1.4684403252562497,0.8482326811326111,144.2819740948462,2.453848981266953,1.1017953131346931,0.7755950113340746,0.2965149410270255,0.3530442133825046,0.5355113319961476,1.187940210457079,0.485619591390902,5.259099323394186,151.80807901817943,45.31975035338017,0.47283427396514593,1.9528284671532847,7.78778300499853,6.168522456652951,0.02496129325180068,2.583333
AM1553.jpg,0.8904948802892803,1.2422792014639172,0.8383093766034881,2.8928296798295854,0.3168850121665043,1.2580029469094467,0.7955883739890234,146.47926485774312,2.240318602116568,1.2614288300760697,0.7840996199874948,0.31941406764524655,0.31182149909899665,0.6810500777858621,1.1641843882487841,0.5551867898019908,5.487347965793297,170.3037421010381,32.151503295067954,0.37871510004767234,0.9992163009404388,10.758847744468373,15.228743584211486,0.07811048794666786,2.85
AM1557.jpg,0.8376900415209948,1.3032914943064215,0.8805363537303449,3.2316801433726647,0.2829443422940079,1.4067343873774152,0.8373717553694392,144.27007588135672,2.4758017159471004,1.1023673292887972,0.7438291501137445,0.2989642033109285,0.4647531174117597,0.9291958357164024,1.1205459366320236,0.5020952030325055,4.69736294793146,192.5383755485563,42.9238504088915,0.36345300794667335,5.331818181818182,18.474792169482434,18.912288271540234,0.035179560996340724,2.116667
AM1559.jpg,0.8970111948016144,1.2673455718622113,0.8675945469264285,5.469372589430678,0.37857134338587406,1.2513140102272324,0.7913898354732428,146.28653373212717,1.997248313151657,1.2280522107499205,0.7760420414976266,0.3226314395751208,0.4094948984552415,0.7703866744617586,1.144266463548788,0.5276755987573143,8.213195133405735,153.10710681571186,76.41616377182764,0.36245612162265917,1.0282203367289944,22.40302604119408,11.69460167831916,0.10732645516598302,2.716667
AM156.jpg,0.9164399686581439,1.2767822404252134,0.8214150075476662,6.238219157100923,0.3139137645983626,1.2508083789971078,0.8650210488401346,143.18465220445157,2.3481897884703633,1.158334079183792,0.7770398196257244,0.3152319231245326,0.3579103790037987,0.6332556828876991,1.1488686348154982,0.5081037117455839,6.070593134493566,161.66719326718345,46.12358271951611,0.4829759235414588,0.12891809908998988,7.856665279923927,12.728406957714228,0.037354692330224044,4.0
AM1561.jpg,1.096979191118942,1.2998214333606057,0.8552369104501115,9.281400483837228,0.38076258559287707,1.2283044491421307,0.6827231714258063,146.20420092177412,1.8336579128156105,1.178729931048404,0.8131255765426215,0.32559138050875114,0.3367847398040666,0.6143327604301886,1.1154283620902474,0.48690910948060956,7.893595231849552,187.89770475963843,75.71398638780126,0.4860333082106704,2.504091653027823,14.790757972278762,30.523721215892905,0.028605017927466614,3.216667
AM1562.jpg,0.9839055021752714,1.3033499410286014,0.868160639829802,8.032018904505932,0.33974118422246713,1.2171332194235074,0.7372443128029124,146.5576726015516,2.0260859716996173,1.228907893969951,0.8156385482162257,0.3194556897623453,0.26512628089867046,0.6121686309380383,1.1938864911189968,0.5694595646532399,5.6608761920572,157.72714625802877,37.603450281873776,0.36960054778951534,1.1111111111111112,6.200513196480938,15.109245736879402,0.09403195762283253,3.866667
AM1567.jpg,0.9023444507824263,1.2978710444742405,0.8320871965928482,4.530170570783001,0.3052522588719884,1.2244926661105733,0.8021419672549996,142.55065054090218,2.2930716901458865,1.212517769780215,0.7416532890647715,0.32644801545310037,0.4252820691556583,0.8817573475114374,1.0682916842234031,0.4784291283790587,11.754557467416362,166.020942113165,57.34998475194216,0.5148781254057461,0.0,39.321130521864916,23.77095459905594,0.022949836010257713,4.233333
AM157.jpg,0.8366361928583712,1.2597395735130126,0.880081833877144,5.389285049812475,0.34005553898277474,1.2799574662842792,0.7946318766208706,146.4971801728002,2.0724636476759906,1.2061729445362017,0.779891117762506,0.3173518964665832,0.2979124775752269,0.659799686367827,1.2004015078541257,0.564160371304183,6.292354619012819,189.44948074226738,37.98078509009346,0.3794600313264323,0.6719367588932806,11.582509255348224,20.322849778294653,0.056126289507096874,3.666667
AM1573.jpg,0.877048072535403,1.2867253569083672,0.8843000138674594,3.5652182272836646,0.29671823845842504,1.266093963124647,0.743119055248301,147.54764068712578,2.2956566913873133,1.1420101209300562,0.7757817652687996,0.31403337806295856,0.37228890416713045,0.7474837010221849,1.1169454899073217,0.507557218735749,3.5136406746092437,204.63520454039934,45.75923554815128,0.4747242958532835,1.722972972972973,9.256523293220543,10.95581715807532,0.011400311451394314,2.916667
AM1574.jpg,0.9499880528195761,1.2490725952629982,0.8499927270189014,5.303931547387837,0.3203423621303828,1.243456359557356,0.6888084961340234,148.72529588759062,2.127190613606497,1.2372678506838188,0.8010492317357399,0.32594602905944475,0.2521097184825986,0.6781198697578396,1.1625730419722387,0.5472494535819906,7.016792744207191,178.62422724122598,33.42872794446086,0.4695680173854453,1.881918819188192,24.30206320016513,8.556585639779627,0.05619804640641547,3.383333
AM1575.jpg,0.9061700917287605,1.317275270829221,0.8333270491282218,7.315297613935421,0.3105440505138324,1.199087736359711,0.8107822873462905,141.9170875683908,2.246103460161184,1.188469467953511,0.7854863967270351,0.3214676231678668,0.32149459357362214,0.5517462669557357,1.164201110016435,0.5214838364134756,9.738713656597504,210.1631894259932,78.10053882358355,0.4798613338653645,3.750014149394972,19.207197056138746,12.547367964428545,0.021155696749055614,4.183333
AM1579.jpg,0.9827779381823661,1.283022297775105,0.8286661340217187,6.490446681317465,0.33110646072108574,1.2880138993427899,0.7386682622748563,144.31147380999084,2.0478903238659076,1.1306032143121434,0.784537215010803,0.31185535362237965,0.4298381607390346,0.6209805615642465,1.129488837685587,0.4561851210835758,7.839380748603499,220.0277457998062,81.46572757976418,0.50807484347741,2.89,10.508241758241759,13.433813916664192,0.01898239123938385,4.283333
AM158.jpg,1.0315318124774902,1.2501124969443076,0.9067292640501082,5.441952133414938,0.338223345412533,1.3508536211757265,1.0226089756385126,141.99496015029302,2.3644794294100615,1.1207660324536275,0.7626571762036869,0.3006770493191048,0.3085765390893947,0.698688249249987,1.0627124798569767,0.5330201748125304,6.265669070600868,177.19901975311484,54.24695583833454,0.4562152057169363,1.482802099702981,8.86164421941604,10.027454275378204,0.03455670774954768,2.583333
AM1584.jpg,0.9212824544450291,1.2281567232367436,0.8869360891297006,2.0102178726880062,0.3244218028347331,1.2360301235167508,0.7888389214383912,147.5785266670867,2.3289063221583324,1.2253579562033257,0.767476145990961,0.32765646063293846,0.37031311300582703,0.6589698726733344,1.1207887309671383,0.49614256900075954,7.007351018888267,196.96001402269195,58.747315609993535,0.49360877662597363,3.5322751947132405,5.070667625241005,18.72971319328734,0.01901921648660602,2.333333
AM1586.jpg,0.9504284177328184,1.2557074964132942,0.8432538189401174,6.2120496318382,0.3527702433923572,1.1479768746680852,0.6098354048568185,148.09974697993084,1.8095116984828763,1.3035346947451567,0.8166065215103722,0.34321476057223516,0.2767741730040589,0.6086859047964077,1.232592673361548,0.551688420817912,11.742477351960048,221.52309739679924,74.43785450037393,0.3818901600788961,8.695081419131528,21.546646237657477,14.04819149262751,0.0612452747169447,3.466667
AM1589.jpg,0.9159909045746407,1.2455626405974285,0.8268014377987754,5.790272881217529,0.3357862810974592,1.2776296040957231,0.7890130243621076,143.64263770650268,2.1508809132505307,1.213100683623254,0.7892159329594114,0.3109180322074373,0.2974567522303776,0.5354146021706121,1.134738144801985,0.5364316054164151,7.372281999817268,147.98421409194617,35.43733909194617,0.4498978952235701,41.56332821871949,12.16770036246476,16.075574914295956,0.12394064635667668,2.666667
AM1596.jpg,0.9898557408573523,1.2613322370722908,0.8591017942543737,4.82892477760111,0.3378535812110059,1.1989695980644726,0.7323360008156669,147.79185440841843,2.132397324406699,1.2509370245357858,0.8016834327068304,0.3280255839104687,0.2679041768841566,0.738902118534009,1.2342843132139352,0.5443636627637518,9.068809154456524,193.20175433918527,61.412523569954516,0.4414369683840991,1.4854368932038835,26.30664294187426,20.183164595595514,0.07244899363710597,3.933333
AM160.jpg,0.9618779743704833,1.2767090723250119,0.7949172552515125,6.309604214089578,0.3515803757181504,1.1587130441111384,0.7484684443881617,142.92776854400523,1.8771324727707581,1.215022485486947,0.788702025854818,0.3272006503445555,0.3426093956357724,0.638479736198812,1.1883966846379197,0.5155647262454964,13.442650342233401,204.44708716591646,62.60362338573327,0.4328370246528247,0.0,25.706905935638858,13.474593531405318,0.07128572153901237,4.183333
AM1606.jpg,0.8924344676569805,1.2771798683428786,0.801398612916561,4.213233723182474,0.32308962342462705,1.2382668198667617,0.7609993139252225,144.19000650973175,2.067066833438024,1.1315325155466063,0.7912572701831561,0.30954686580986646,0.4671331625220386,0.6307412833096487,1.007052497424889,0.4777192992524732,8.561208415218294,154.33010989655625,33.36909448404492,0.514964255991563,3.8403614457831328,9.822654462242562,15.162537193222654,0.07900619852253846,4.366667
AM1611.jpg,0.9755941050105136,1.2724662344295747,0.8210499028484942,5.702398101970362,0.3137081017396733,1.2937147536021607,0.7694947911079826,146.89335418813693,2.314383558689582,1.2018740344903216,0.800815920482173,0.3130156601425469,0.3441171256971048,0.6033785706479191,1.1503631899138753,0.49384224562388795,3.2197583851020237,173.36760814965658,28.97571049507235,0.474508858050521,0.0,8.549274612697232,12.829525179994675,0.016252497889540387,4.466667
AM1622.jpg,1.0177134985932101,1.3299814036359285,0.866968759491458,5.752651365459552,0.3216263027563099,1.364314604001137,0.7196758894904992,149.18962332097223,2.2117167913515443,1.093256722883195,0.7970125159629141,0.30655738690687645,0.3261102417893405,0.6082512946133553,1.1201295332129726,0.47974258084992594,5.5378223602386045,182.80873219570253,47.2365879071254,0.5594575091517294,1.1805555555555556,9.747602114054548,19.3182747364951,0.04047070632150375,3.333333
AM1623.jpg,0.9669928896650128,1.3073901148691878,0.8242727707389849,8.238940253565968,0.30912005160166245,1.210803302124871,0.7604785935945267,146.8439518651981,2.2862069210206912,1.171671278117588,0.8008165921395587,0.3192675820677907,0.3512928058475032,0.658876675714832,1.195603137800066,0.48775601725164713,6.720979206585246,181.5242155026232,48.76825020978154,0.5069887290204157,0.0,24.879135040217513,17.832637284729188,0.15988184364690988,3.4
AM1625.jpg,0.8806454642121135,1.2922686290371963,0.841728109647099,4.862129645545414,0.3358467911628525,1.378147988190303,0.8737211635777672,143.71660370828172,2.2352076977928954,1.133756935257085,0.769694118742985,0.3037847868104493,0.3397728639590801,0.691647037523355,1.2131522211087498,0.5206540017672725,3.0638403406778396,204.7561923363204,48.37077566965374,0.44326316145117617,0.0,10.983385046541887,23.91395873729715,0.025411683710570433,3.383333
AM1626.jpg,0.9742424083158843,1.3557008497026803,0.8324833375719817,5.198260506744448,0.34758575682856474,1.2433864830569092,0.7507841532974847,147.88789215118396,2.051246726883438,1.1663783194618949,0.8034068548452713,0.3254809928500663,0.3721141501922996,0.5271568556249249,1.1634758480305158,0.4690778148409356,5.070255317423134,203.6186224418624,46.38561273312453,0.5250148946912906,0.0,14.573417030567686,16.746507233014967,0.05899416561066462,4.1
AM1629.jpg,1.0698444285734818,1.2984343529385616,0.8698452404315055,6.853143441705335,0.34491949396947047,1.1324499633146272,0.68853777891769,150.61356124096406,2.0216015727046974,1.2615271968092079,0.8240676581292484,0.3492442248569101,0.2433178173061637,0.47414511610069465,1.1417183066561662,0.48204952375205246,4.49932329862215,153.31907303194612,45.44759967771415,0.6553453709690654,5.895953757225433,13.481149790553228,13.376441910603013,0.04231164227234098,4.333333
AM163.jpg,0.894831622402701,1.3021936014980242,0.8639344188078416,4.25975614343551,0.2909690522777333,1.5472997434145066,0.9313406999943836,142.32159692894675,2.480231200101262,0.9850911096387371,0.7332500382553726,0.27831862429152265,0.40183830807801796,0.7152455624144975,1.1218960006905965,0.48918277447226427,7.616112318847399,171.1520518986266,70.06241604428487,0.4689289977467874,2.908064292141268,8.10561394514227,24.95934197917387,0.0350003978273347,2.116667
AM1632.jpg,1.1612535462983224,1.2978157534190202,0.8391502700396418,6.770991369764603,0.3448122714741917,1.3223760027961775,0.7933656323915556,146.50627426014825,2.1492969331046496,1.1735650435109652,0.8148849957607648,0.30928937147866725,0.28541835983912106,0.5351635631813253,1.125696656219744,0.5124861360591295,4.3952115330448205,204.8032350223692,61.11985771366207,0.4807569551845927,0.0,24.817018732562772,15.420890177696577,0.08997949855080163,3.95
AM1634.jpg,0.8034260443700928,1.2542096870305373,0.8022169741729,2.807861769398011,0.27997731647339863,1.2352898812049427,0.8308663583458616,142.329751313045,2.3940557349258103,1.3054707838618036,0.7496452358954995,0.32236240411114614,0.44375098326728485,0.6725461998816785,1.1792638496155268,0.4975228503709819,11.187708725421142,182.93935044822206,86.66949247873232,0.38084681916612706,22.46650395755004,16.57140994889978,55.95003876876952,0.025713950003879084,2.916667
AM1639.jpg,1.0174401498154264,1.2639044255394631,0.8183941937041627,7.420207071704562,0.35752198420295467,1.2707214239277098,0.6236804679059509,148.9608634629335,1.9349071027787783,1.2345619299827757,0.8197472739214592,0.3280142645040311,0.28190274069067167,0.5006698819369523,1.1769889558352538,0.528356635101136,11.87035956254168,159.36190223402085,52.34688346055401,0.4434682557213237,7.5285714285714285,22.485221674876847,13.637400300840802,0.08583316880290619,4.3
AM164.jpg,0.8152497016490656,1.2455158568947513,0.8985664419580697,2.787034250283341,0.2757107774559297,1.3440283136261133,0.8917769140465506,141.0650444010842,2.3846573672776668,1.1794254837363438,0.7318902674980976,0.31286193173513055,0.2780473648349291,0.7120201367538808,1.1178711390116403,0.4795124796093979,4.283168533815183,182.24238277125963,40.3590305628791,0.6774101626262835,0.0,11.586062717770035,8.55753354895512,0.07130874526794098,2.0
AM1649.jpg,0.9351573738794389,1.280328022705263,0.8366562702754065,5.7026944910713695,0.33333729652141403,1.2690748415244015,0.6933542054644676,147.52758792240206,2.1113761335474797,1.201382796419142,0.7979492183317723,0.3184304884772582,0.2674430724539965,0.6772553681711373,1.1549697420734255,0.5647761232836678,9.735178473952477,190.90562750219823,48.47252405392237,0.4170314342358151,2.1172161172161172,14.799685436286195,15.012224323404865,0.00877314586119026,3.55
AM165.jpg,0.9291978582028692,1.288587102580627,0.8295635818583174,4.630090479862951,0.3036439013218963,1.3563907065367737,0.9155442601210751,144.57045127330275,2.482643533031413,1.151913759190159,0.7829955447559691,0.30662553547583804,0.42677067933027,0.6802010143513414,1.0681700086098873,0.47381778347374287,3.6468275097316076,191.46225506465788,50.82306092546375,0.5145133776508805,0.0,7.820945945945946,10.340304243616885,0.01473150739984091,2.716667
AM1653.jpg,1.031406574542995,1.3235679144732115,0.8611167669208891,7.91703941923738,0.3414978607376451,1.2196277873086185,0.7284580405233216,148.36655863613333,2.1330732592918507,1.1966090179591133,0.7975598583447134,0.326438085025551,0.311713451786399,0.46303703272898217,1.2250346135706036,0.483519834304389,6.657388626281317,151.56264295645994,39.982160059075625,0.5399159788232452,6.021986970684039,9.179336341821568,7.649655405138745,0.12188909512531546,3.183333
AM1655.jpg,0.8560681401513671,1.2651199185511741,0.8623185676069308,4.4872333363232055,0.31831454663066383,1.4211746195788837,0.8207972347241504,144.63826312809246,2.1861803481576207,1.105280882509782,0.7693833613423673,0.2934493627125827,0.3288892325982719,0.662546452044245,1.1374018644916672,0.5242795921410214,4.116798471679229,199.25912279843442,58.84071672632817,0.4571857894461737,0.0,8.614799407339866,8.37128171897416,0.033356717387972856,2.85
AM1656.jpg,1.0532884246386987,1.3169985103021276,0.8809875573754925,6.469440976053731,0.32323037779503505,1.2869649200326008,0.7588708170176863,149.0240840218548,2.2391415293535397,1.1492282831451965,0.7932177790297696,0.3169630778155749,0.24019571574720838,0.5641026843156308,1.174989456454799,0.4848662628384969,4.504080085331642,158.30465712688135,38.56172969760705,0.6682993268400871,0.0,6.763061888296313,9.57494781751511,0.029112666394461334,3.633333
AM1657.jpg,1.0031439500746322,1.304606399376448,0.7853228892199335,6.388127297065278,0.35682002392659173,1.217588718122053,0.7229714138249013,146.50440368971985,1.9673283987569763,1.2214691036293703,0.800301827999477,0.3260087893377619,0.3129892703302823,0.5023962405835618,1.2337907304357831,0.4814077690460264,3.047996831567527,164.29867776189502,33.037664546035984,0.5624418615846671,0.0,14.30183274951133,17.942919564749275,0.0801267382364816,4.1
AM1659.jpg,1.0219604700026341,1.3174177716384636,0.7808265884711537,6.22670655038091,0.33346152668253004,1.2516701512087411,0.776741184810282,145.2476768989464,2.159321761717692,1.1345137996782582,0.7773528726817323,0.31123945690571975,0.4118280130120687,0.7454454364537413,1.0998557320073843,0.4641981421871885,8.927866314356695,161.37081946232328,77.34797682272938,0.5497709076083958,1.9190968955785512,25.105278060935554,26.64140911584225,0.06325870079026408,3.05
AM166.jpg,1.0640862376925782,1.2820387254718364,0.808806831659921,6.698632271098425,0.31942857987945106,1.4199761435618117,0.8491965486774357,141.77906904104043,2.3306485383147244,1.1471074423104344,0.7855777915270787,0.30331077279749047,0.42826526799030046,0.6604979066234947,1.1323525043179599,0.4118063534163242,5.529576994329069,175.03840040689172,43.37692908519597,0.5726738586881619,1.5228352490421455,20.405964002440513,18.571088465565936,0.023477617147806506,2.25
AM1660.jpg,1.1100593035432713,1.2980227425638444,0.8914292042308625,7.794056174554085,0.3546554274574548,1.2122847152555807,0.6982339921292332,148.44188424419428,1.9069589603393589,1.145581592922275,0.8167575872799842,0.3265416287859946,0.3646275929186994,0.45371968248440886,1.110871994701779,0.4046758404917914,7.317624656117127,174.5051931371679,55.36034465231943,0.7141455407772189,2.8388189738625362,15.219725508073997,23.941279175435056,0.05985394523960573,3.583333
AM1663.jpg,0.9290799530485837,1.303720034753147,0.8254931642654053,5.736646119607232,0.39425122476352537,1.459905925104652,0.8350863769640725,143.71692819097507,1.8306191459506236,1.1008244127679405,0.7578929450749474,0.29766279290008857,0.4162412175917944,0.6944256579164246,1.1483775099583238,0.43790577598980374,3.971523725372161,191.33972371133478,46.534625027124264,0.5706609966442744,0.0,18.702088452088454,7.711530999125898,0.02893247772150529,2.483333
AM1667.jpg,1.0568793984176348,1.323282251175998,0.8379149180965711,6.808139364377193,0.32818394206665186,1.2466669452598613,0.7955204834473739,146.4708785546641,2.1980955266150453,1.1934283270240253,0.7996345141381751,0.32565080011299447,0.3056976903661815,0.5627829127447642,1.238267134394374,0.530728325586505,7.661254016203053,185.2754612741632,57.878635877337814,0.40118134581357495,2.6729559748427674,19.216686674669866,15.63795614677612,0.034780671280887715,4.233333
AM1668.jpg,0.9015273943742514,1.2564066236972826,0.8263614034542826,6.9869420526601145,0.35744015389540507,1.2359940217739036,0.6078062570505657,151.9499175240926,1.9865441877425347,1.2045578945404902,0.807993257170142,0.3244222175758187,0.3870609186134546,0.6101384823830646,1.1468389031990245,0.5030829966545287,4.729893706449101,168.29030532257968,41.13116553763345,0.43698362726010037,3.3500391872941786,7.088249211356468,13.969223624998804,0.037723319108362345,3.033333
AM1669.jpg,0.9444256474522363,1.2852373606812035,0.8525686635589493,7.578427425972723,0.37711551752086103,1.2985458140568105,0.7339274675179314,148.5620234183549,1.8676585068297444,1.1963302392508133,0.806097937381272,0.31459246530226687,0.2516243052145948,0.5523969600496371,1.18582317681916,0.538581730205368,3.94935217580143,183.77057887853152,52.25499134855551,0.4900958562349908,0.0,12.11130799669522,11.668283099336051,0.05086447115782518,3.183333
AM167.jpg,1.061421747453034,1.286494682190269,0.839657059972741,5.104902644832986,0.3575090183128281,1.2925715177051968,0.7945271590473549,145.33033513932716,1.9641852538963773,1.1385866483051346,0.7850607402652334,0.31299678124506153,0.33186833681821126,0.5861116545368705,1.2539859606618942,0.44036836450060796,5.104236531029882,201.40861683644994,26.64437494337369,0.6217566235674944,5.472150983099888,16.938558636314596,8.508230113604597,0.024497589270330543,2.533333
AM168.jpg,0.9252711414852075,1.2547182241671182,0.8683100133432167,7.875286789138098,0.3113199227574084,1.2965705517312551,0.7515555131196759,144.13262417629682,2.1490981557472417,1.2202865288658338,0.7957661032758029,0.3169694296125601,0.32684785471041744,0.696632608135801,1.2214494029131082,0.5145714166290403,2.282462173590535,203.72362136642408,28.69009646220954,0.39604700688038086,0.0,14.376892279499643,2.6695035946158185,0.022849561916840757,2.6
AM1681.jpg,0.9570881442909032,1.283769866236051,0.825970368616727,5.899223917624555,0.36264692321999464,1.119486937870828,0.720778484665739,147.84186602390065,1.9366149608561547,1.320327454978553,0.8036972985755116,0.35990655972754365,0.4054260479514256,0.8331766970740717,1.0980953420311077,0.5082488813310377,8.8289775702258,167.93014678180654,57.0834469947235,0.39553914020883446,0.9444444444444444,17.91055777534317,5.731511511818766,0.0512691912558775,4.1
AM1686.jpg,1.0265439290782257,1.3190395227001712,0.8555663224718058,7.86242337344342,0.36571732168425825,1.2836464857368517,0.6915563170251392,146.14082310258368,1.823382728374947,1.0898885654747203,0.7874321660280189,0.3041987103403234,0.3636991593314229,0.6549651761500982,1.2347433898092643,0.4145717841037525,6.787400971830261,204.57099002162056,60.78265308857519,0.6852177083429833,0.0,13.439472064029552,13.053828600300776,0.032708899929257115,3.583333
AM1687.jpg,1.1786815123578804,1.3204766130482424,0.8370988372056801,8.818715704814219,0.35586661780159123,1.2322622993411425,0.6483174250039464,154.25117042408866,1.9728705737067413,1.1963287786471744,0.8158919808799392,0.33548257675105386,0.3929878295937206,0.5371052966889514,1.1062412337539083,0.44098331287337367,6.783977275454594,204.95767440630453,63.07374583487595,0.5270221391333879,0.9085510688836105,21.335454127649797,32.848553024604115,0.045627624024091526,3.983333
AM1696.jpg,1.0950551686062906,1.2891985853717025,0.8389260796785801,7.969204597588127,0.33827675113117006,1.226387290358716,0.7215547898700966,147.6735747516346,2.131245431025119,1.2826116131677037,0.8190428679121816,0.33314168703894576,0.28669709515125247,0.5012740783527165,1.1910052585286781,0.5120187496378105,5.163975013913849,194.47341937436158,39.27617653236794,0.44885657397542306,4.578096947935368,19.527209725062484,13.280142945677312,0.11412171590268202,4.466667
AM1702.jpg,0.923191377613531,1.2291778348299538,0.821063768470056,6.478637500024102,0.31462283781589573,1.1914842001387846,0.7231456845072066,147.00226730033128,2.2384609529333432,1.3030356403562253,0.8129729248952474,0.3371332844745628,0.29243276724142053,0.5720594166479359,1.1475781025830767,0.5717499555230533,6.163144385372806,203.28601386278194,43.84505908891259,0.37543764917590944,4.768071000855432,34.51193181818182,6.132293209773508,0.13847692645849882,3.5
AM1705.jpg,1.0377360081886897,1.2799729369920338,0.8943642830472969,7.740650487710855,0.33165931433264106,1.3259661614980347,0.773342153169634,148.93943251495034,2.159888528319632,1.1554386687885487,0.8084770937174575,0.3106311562330854,0.3799249281153534,0.6016119427907011,1.0353399463845736,0.5050488492623499,4.179210486553306,184.8097047644183,57.66701608517303,0.4328221819403578,3.7695652173913046,12.292623777432729,20.38470862678321,0.030319516473430685,3.433333
AM1706.jpg,1.0518090956100707,1.3001306144681763,0.8339001212553673,6.303340689104956,0.31291861036037305,1.318129658275204,0.9393973053152804,142.54302693003928,2.368770656686788,1.177511504168813,0.8014578282614463,0.3180034287085069,0.3443802042941536,0.5244871166826993,1.1394324256598947,0.4882478329741175,3.503384784851722,196.52539490782098,41.46567720966681,0.49984868463130394,0.0,10.902971805943613,12.9103048431096,0.01450725532053638,2.6
AM1711.jpg,0.9278663527809854,1.2427482292157035,0.8306168498621219,2.3101761925624222,0.2730376940680086,1.3055385651317504,0.8322127329088578,145.95703061107344,2.6998449301623446,1.2189697871325702,0.7805562836663608,0.325677819952807,0.281377659394869,0.5804419141679853,1.262413785788783,0.5148704879455483,10.418861313805783,197.8123357247399,61.84518474558641,0.48998290185766313,19.26895495690823,6.546807600890375,14.357536575074505,0.056186851009064454,3.216667
AM1715.jpg,1.0082637110759782,1.2963386416591796,0.8777469387765505,5.6790599856587995,0.327533090201049,1.292816264480563,0.7930036944215273,145.61992567514767,2.2152156552681275,1.1353495171697463,0.7846927274757013,0.307807798836422,0.35489494340649624,0.7494882111529118,1.1838077224519525,0.4733181757323448,2.8055710140588337,205.8199925926053,74.65140620517073,0.537580948384345,1.0349025974025974,15.04985696002409,23.80357818884613,0.05746689862158879,3.15
AM1717.jpg,1.0502174076797488,1.322359234600589,0.889059111036585,5.5977932459167965,0.3371844895022974,1.3105264599474158,0.7735533240442897,147.90230787305103,2.1961099578004495,1.1144845951362177,0.8007296430319268,0.3129136258164465,0.3097612728522561,0.5185530861589214,1.1456053944079896,0.4980756204282141,4.847382043135708,211.68082278384964,68.043757146784,0.515819849386359,0.8557432432432432,19.00249008187727,14.548632041630981,0.026478521237570822,3.866667
AM172.jpg,1.0775416734560717,1.2910500587275462,0.8114850342409307,5.767316729339475,0.32585121646202997,1.4034742699578908,0.8381041837092554,145.3189948516424,2.3466478944770333,1.155017728667982,0.7898376521881588,0.30423753046059154,0.31941465540035435,0.5781588625838429,1.2241536473749675,0.4700742761505452,4.3045086074374,151.53851506183378,42.63174814454054,0.5234373644326099,0.846613545816733,19.296064400715565,20.411773776921436,0.04881900108105391,2.85
AM1722.jpg,1.0035069214962713,1.2875164985998413,0.8683579286864205,8.27432710867263,0.3547577962964906,1.2646780725546884,0.8025539999124645,143.80633833014156,2.0042595916036383,1.1462753965684527,0.8007702961029332,0.3131165583104192,0.2891109803837718,0.7016432867216578,1.2816420158072581,0.506770291155753,5.900036964146429,195.33615594118385,48.48737006921917,0.4920038440899004,1.4111903521066185,7.240598593820551,3.9188719267580296,0.061504125889039175,3.183333
AM1723.jpg,1.1727565431235436,1.3614721941146473,0.8433606247033442,8.34242261376011,0.3826060460775681,1.2477112354422912,0.705819088713668,150.3471885669472,1.900034622918432,1.1440654463145177,0.8243176371555936,0.32500510134318006,0.4269812416414584,0.5751502348389428,1.1542458363795058,0.40351334317566356,9.677687627446858,170.04779369637424,59.94670080019938,0.5997083410705487,7.183098591549296,8.996533248468786,3.391825084897093,0.08700149810631405,4.283333
AM1726.jpg,1.0488887447783766,1.3364424836058948,0.8087918134980765,6.522480826169477,0.3869603474136144,1.2333729684599706,0.7739846561892895,145.86460162227797,1.9100456618711055,1.2096179979504462,0.7963659767651545,0.3257720929142524,0.30016944686626207,0.5820258055608161,1.1666746202691307,0.48326786840564884,5.197861266502496,219.97996056520753,32.979960565207534,0.6030474109537164,2.361111111111111,9.596123417721518,8.371064806221568,0.03190135656543126,3.566667
AM1729.jpg,1.050992480298831,1.2969727735172165,0.8421403898848162,7.687849186919077,0.32382417333247826,1.2240721957360703,0.7665324823235611,147.6556117455748,2.2544794973524533,1.1845943351434638,0.8097415954075832,0.3297455328902335,0.3209172845924832,0.5978294311504383,1.0846759150106444,0.48379329679763194,6.875198619049625,210.8107707488936,26.76718262507805,0.5894258520804968,1.8451519536903038,16.02472681423368,6.76524744996631,0.08645700644505214,4.0
AM173.jpg,0.7875282785805774,1.2190076783676833,0.8261665928587217,-0.5766117391107255,0.2368353032035651,1.242672042513703,1.0167188630012234,140.56110391619382,3.1464290958597365,1.3662564552946823,0.7536184456248786,0.3384138009440914,0.43694615468232845,0.7250362256669859,1.2259375759227154,0.45634527535034486,4.776044444128533,164.20463573463576,34.79670890536747,0.5085195459316665,3.711472602739726,15.910899076443751,7.712218531242925,0.031280178766806874,1.716667
AM1739.jpg,1.0358348312055308,1.2927125665568482,0.8832054377596332,8.200934843511012,0.3457666818139151,1.4044691035406323,0.9142180337950313,143.20392688095367,2.23667589801326,1.1347710001527112,0.778950041392988,0.30219830416494736,0.3072714047029421,0.5278447561082017,1.1204150573175118,0.4529177637211207,3.6621264467092116,186.4817457082031,57.50071892248883,0.6584016049867119,6.45369175899226,14.019082804103567,10.696909443842472,0.06880165422623122,2.716667
AM1747.jpg,0.8700729572857775,1.2722118380089684,0.8307749685346162,5.3948969534095115,0.3530132155389822,1.2956026134930043,0.8499916512417711,143.29705949420935,2.0765508289056163,1.2320425113053455,0.7735497245837316,0.31671572043802065,0.35241313153335785,0.679089519683652,1.2178980442133327,0.5059358966961297,3.599663798653533,204.66965616474815,39.228788425070064,0.4517314847077365,0.0,12.689333425445376,14.13175974022505,0.029985736987745863,2.95
AM1748.jpg,0.9496069470358538,1.2639131590575683,0.8429141041123682,6.992422354786405,0.3351706029030229,1.2710352570991854,0.8293306018400423,142.84491003231238,2.1226080692896594,1.1809343360322782,0.7715126306885339,0.3107751426066056,0.30235840818827037,0.8679990416263902,1.1159963729054694,0.5292640138214585,5.345709025747039,149.41859073232465,44.0423849445433,0.4678629305286176,0.0,12.50269396551724,9.251652546959946,0.0504392395234752,2.883333
AM1749.jpg,0.8980634327810236,1.2386508761560855,0.844878392544933,6.020977841169698,0.34048133123393937,1.4234214058171701,0.6984514884249655,146.680715260127,1.993801812060995,1.149668988046434,0.7935900545071229,0.29984750420665296,0.2850130951279765,0.5663161476698455,1.124388059701439,0.52440005371746,4.475519424826619,192.01124228398407,47.57000722422313,0.49350445460780445,0.0,13.127543424317619,11.520401981315828,0.05075775264899061,3.033333
AM1751.jpg,0.951278167091403,1.273320331132592,0.8389175493558791,6.470027938333695,0.34549746863020114,1.4005400445531553,0.7674768371014036,143.50839320982385,2.044775146195036,1.0962914563248045,0.7912014106780296,0.29797574311931246,0.2847110158224899,0.6244625854595929,1.2252721256784458,0.5504826805846741,4.496965601845546,212.97466360074947,50.0683791465047,0.4110509087028747,1.536144578313253,9.405851585485452,7.175211039606054,0.11219316907062456,3.933333
AM1752.jpg,1.0732528719181025,1.2512947105098777,0.7853308062125076,9.286647594312331,0.41617572929302427,1.0666280517850013,0.6849036974098239,143.98121004266972,1.6980338805166149,1.297402232579422,0.7965311767645686,0.351213558865794,0.2931220915102144,0.5150096215391816,1.0867158320958503,0.5014058045856512,4.947150221234773,182.68507476744927,47.30592068889942,0.5838627285921972,4.0554103295310515,31.60532994923858,14.043175595192949,0.19589983269317762,3.9
AM1755.jpg,1.0519606244452009,1.2703983106256955,0.815642998259879,5.897904777816692,0.2995384228999344,1.3714605054489193,0.9360504855178583,143.45331564416819,2.6861935805571178,1.1718650384874203,0.7879542159435824,0.3098181975716026,0.25044591244902853,0.6043199979192441,1.160989697923877,0.5421484404808297,6.931550692267554,168.4363566002679,42.0582647274764,0.4807403500300547,7.147320554249902,8.403335037055967,6.872638790796685,0.047392519241123046,3.15
AM1758.jpg,1.083784495017754,1.3035394359300299,0.8516894770860626,4.679487821563788,0.3210788027613825,1.2074073561063625,0.7404643790570309,150.5979288152824,2.2390812635379413,1.2528178799211642,0.8124032230490585,0.3314112973461976,0.309888802598378,0.5667447769310685,1.2783696273654641,0.49179765780822876,11.022670322661977,190.74055707852563,66.08419969020947,0.4376708202848155,27.34936776092483,10.934736805747445,17.708221307722127,0.16279895088278268,3.616667
AM1759.jpg,1.1367532206366098,1.2741649908581674,0.8466816809862837,10.915286314579799,0.36633691687995357,1.277913544236436,0.680640723482557,146.68007554108073,1.8921559870909626,1.163282054934424,0.8117788112128256,0.3112581838234533,0.3029988316099529,0.6884640039045898,1.1354710017550447,0.49137236200824475,4.574624971224525,160.0960818000491,53.13602262845146,0.5286009006604169,1.7438867562380038,21.667312517240926,12.04581875533934,0.014699425467114178,4.016667
AM176.jpg,1.0276521397571166,1.2618478694735396,0.895527879630767,6.44113109999291,0.30966637907515265,1.3753834914833543,0.7019526526190691,147.39475649204493,2.1435081882857774,1.1182188858789266,0.789091658686008,0.2974399580449146,0.2838235174949809,0.6505700460860657,1.2186779857803427,0.4579748424298393,4.533450197235451,181.21105031210368,60.2301450787232,0.6109497372179573,0.0,12.87838192802732,10.268630023199933,0.014576177388401357,2.3
AM1760.jpg,1.1096482497151159,1.3339640599228446,0.8027140320155273,7.276660565991191,0.38027066788091224,1.1508067183733526,0.6777518267042895,150.45377476167957,1.864980731810373,1.2359448333153034,0.824289058906699,0.3432258402878897,0.4442513194452125,0.526239873695757,1.095519782149999,0.43332650132775563,6.671511208832944,210.12357716271268,68.14806695863103,0.5396459073024511,2.268683274021352,26.460526315789473,27.784021063775413,0.05885606845191599,4.183333
AM1762.jpg,0.9616654273708272,1.297284380271377,0.8620134796993222,7.705555633536536,0.3414978242663521,1.4315183250710817,0.8233458405029981,143.99975131118856,2.0955782483401477,1.109522105433829,0.7720012849673794,0.30387291015673584,0.3813910156362133,0.8785278419006265,1.206969442019646,0.4818869945622698,4.71767663095594,201.19103244491387,62.68405951628384,0.4452997869027186,0.4166666666666667,15.442974872153343,14.902943375089052,0.03148774213828051,2.2
AM1765.jpg,1.010502023024881,1.2915594631813228,0.8155544548405804,8.712778843227005,0.36184001582024095,1.1878569788162963,0.7680376060399843,148.1735605004967,2.056784972699649,1.2063189214866625,0.8124182578762359,0.33611351208360113,0.3704051698003983,0.5488033315891601,1.1827974447061087,0.4717154420889807,5.381803000560504,197.63393398096377,52.92101117090306,0.5080712833241537,5.030349013657056,11.43541750301084,3.312700032670037,0.05364475251985076,4.3
AM1768.jpg,0.8884684470815185,1.2561947314996749,0.8136007197459498,5.61859587936906,0.35915402176447636,1.4041304698080341,0.7167919781862161,147.7591417375415,1.9078027074725814,1.1012921642169196,0.7830240662035479,0.2950591907111924,0.37049603694580174,0.6653067965347205,1.2273306006249212,0.4818736884388741,7.233201017787552,184.4958224598519,45.22016512312587,0.4802733217884237,0.22135416666666666,23.34759893285905,19.7498118094491,0.04274969072978109,2.766667
AM1769.jpg,1.0705197551934964,1.2830060837470185,0.8220640450814429,7.997389927402189,0.3999663781290311,1.3219447376643576,0.7742006016222813,143.17625896873068,1.7785746329788021,1.127183691399199,0.7925573383424931,0.30444352528679497,0.3390767954309984,0.5901556019771113,1.1935962266234865,0.45419360641619694,4.2897567228863185,175.82380557398807,53.29666444009182,0.5943697872234394,0.0,12.350866145779788,8.36667795241867,0.031676572987953136,3.833333
AM177.jpg,0.9398835818151079,1.263773959284427,0.8146991187480808,7.2936166689143835,0.35271399649460994,1.3747649530600652,0.855586291879364,141.49724002022344,2.0817974027060875,1.147428300049153,0.7862356951774125,0.30485256372159597,0.33982601514034644,0.5160685443787906,1.1123130715184046,0.4952443008648562,7.69720460903646,202.5137374495838,50.1540720220745,0.5445818036749395,5.078643554168504,10.58784965034965,5.113877143395072,0.025394793692407512,2.366667
AM1770.jpg,0.9286913846674139,1.2761465142983868,0.8433064397975055,4.729845182901275,0.35704685886205856,1.3786282991754333,0.7033673888640648,146.5394749746965,1.9038118626658491,1.1001549298799673,0.7902613646272056,0.29896505329808787,0.36096297416448553,0.6625923270690905,1.204898117993572,0.46141713865202244,4.215207280948912,200.04337864920168,43.623122537443834,0.5563530109562634,3.473653622626889,6.8595467032967035,5.8158636853848975,0.061626273531065166,3.366667
AM1771.jpg,1.0169388474419074,1.3365003381297134,0.8639415878562855,6.3646993123029745,0.3602395618627665,1.3339445154627148,0.7817904929831848,146.7558401477379,1.9837679611753205,1.0884186817795372,0.7987471815230373,0.303698872547726,0.41806572133028275,0.6621812767335273,1.1371502233868134,0.44274129047879557,4.262312097922638,175.2533412145786,38.754129858111725,0.5493506625137317,0.0,7.784680241807191,12.368697813295213,0.028875638146155208,3.533333
AM1772.jpg,0.8793468175239412,1.3017042126723672,0.8496421310058674,4.668798456557845,0.2887321716389861,1.293413971201905,0.794233433189274,145.76811452391985,2.382492664169977,1.120780958083689,0.7847452697277687,0.30529714829421606,0.39303499397006897,0.6654679311897439,1.2040429996230135,0.47018972471523457,3.358948495911198,210.76769241630322,52.158789395635495,0.4961833194296753,0.0,9.372961683370313,16.277705905888,0.02294036693777965,3.4
AM1773.jpg,0.9918719868892836,1.295752510052157,0.8187696004915659,6.149955470790999,0.3794069249807771,1.264016647441548,0.7037621687979229,149.3273654154882,1.94793204929308,1.1728652182049202,0.8055900093838202,0.32302080013908885,0.3471037203142963,0.5642218576598803,1.1564341242319016,0.5215532968817045,6.176650739661104,205.3607683503509,52.974478905301936,0.4235288398098568,0.235239852398524,13.988591621628231,12.124272012999015,0.16727066300498514,4.383333
AM1775.jpg,1.1148421896245109,1.335021600852095,0.8320497960910624,7.342617917860479,0.3625671457753067,1.2149594049525907,0.7281097031156303,146.25374661253,1.9474026236973154,1.1847668308354609,0.8023101391381882,0.3237402322029828,0.3590556887893543,0.4816309185933931,1.1163471815476376,0.4669854841134425,7.696890904979778,215.82097707352878,49.72809781656284,0.5290413037624113,0.925589836660617,8.689831844456123,16.730326802120786,0.06440427348501336,4.45
AM1776.jpg,0.9885647395301622,1.300778651406189,0.831455814304996,8.245861890306568,0.38913012150133286,1.3111416977386514,0.7611701144439212,144.60616911055783,1.8845583977370035,1.177683982960338,0.7935795866513576,0.31302517991984513,0.32824001186152774,0.6958313820808194,1.1698673720090407,0.49860874081197787,4.91710194186045,199.17351747561432,79.72560080894766,0.485872493814501,1.5118577075098814,15.627809544359334,23.99102704227063,0.03126354169450572,3.866667
AM1777.jpg,0.900412506809922,1.2482162931270209,0.802546516405517,5.799269308134026,0.3424481062420407,1.100114021675723,0.7457590642355879,143.48330926286326,1.9182547555848668,1.2846741840241278,0.7989712630902465,0.34133299691508484,0.2829475022352411,0.5347319570843364,1.1704603093001684,0.5437114703497518,7.048035335099677,206.86349495544596,37.293602482327685,0.4678943957638098,0.0,17.696338750726436,21.600642190466246,0.0970138846891133,3.7
AM1778.jpg,0.7726147642117629,1.2250243843820279,0.8400462446909338,5.207283925190613,0.3189660388255356,1.2448066937157765,0.7239119840588025,144.42273889821035,2.0458658113625607,1.2368392538485213,0.7864588820999411,0.32070272314404025,0.41206014852409656,0.8323992841562686,1.1060283993250324,0.5596277219435044,4.785515132242463,182.07116580349432,47.99812363481962,0.31523998103152406,2.5774932614555257,21.705243445692886,11.377416620998346,0.029656584213635512,2.133333
AM1780.jpg,1.1957709532536656,1.30959181080767,0.8639540617058258,8.298220120770596,0.34839838025545,1.3701434164390793,0.8240120532915345,144.8537254554921,2.1782948150252355,1.1586586494349964,0.8070142248666564,0.3072788172806133,0.28934567867774935,0.5643357107858146,1.178404882433489,0.4832795107909126,4.053974124605269,165.27510672355095,46.39025823870246,0.5224833778270654,0.0,7.7500580450429535,4.035850521854485,0.023527061054432093,3.133333
AM1781.jpg,1.0293790762083141,1.2926731817252035,0.8666038420594763,4.8293244604043455,0.3420230474844056,1.494135106580895,1.0035823183909023,140.29753646423956,2.3271207738047464,1.0596046638556658,0.7613648306513462,0.29211180626512806,0.35141137718547294,0.6252954457788164,1.096041542951958,0.4764525793504832,4.125245646358444,193.8550459122737,53.21599265783584,0.546437849823772,0.4458041958041958,9.181638519583185,8.015948928015433,0.02168685775892133,2.95
AM1782.jpg,0.982677678513743,1.2972028800010214,0.8282144152678401,7.066561935721744,0.32991703779200665,1.321208230928051,0.8829507300888148,141.28395591376642,2.165902452082661,1.1708930813170166,0.7702026555810347,0.30891323961546646,0.3999713894216021,0.7284685232468225,1.1897333167236728,0.47563834173059844,2.592905883729121,183.42636875765874,48.39425070210319,0.429561065524748,0.0,12.624303970789594,9.331139559269218,0.019724411721473527,3.0
AM1783.jpg,1.014490982332098,1.2710349122435756,0.8373284299602228,6.100269216938286,0.3132828793583159,1.3108162004851716,0.7371650526575623,146.99447788859948,2.3163906881285548,1.2160182969659623,0.8051328157777125,0.3145485190102433,0.2636521290701838,0.6192736720947234,1.198127495294136,0.5852283827025637,8.752842109210706,191.5871297487268,41.847569309166346,0.3279859088707026,0.0,43.84839998633927,12.384451688362617,0.019926272022997044,3.166667
AM1784.jpg,1.0456453792534117,1.3169331263476216,0.824852908232994,7.478855686533194,0.38736666722762453,1.1774168178292377,0.7820853783345157,147.02601150277113,1.9099723278115235,1.2638645550846648,0.8076847338402461,0.33805271427799016,0.3782749106332448,0.5307840486789682,1.1770597032656225,0.43402980648341,3.1261004256269898,214.0856150026185,27.48290384516281,0.6284567752743306,0.0,13.24067055393586,4.881864951480367,0.022330127821262858,3.516667
AM179.jpg,0.9597210774748449,1.2592913362238243,0.7942444855535302,6.220471392044287,0.31152834410683333,1.2760393912143928,0.9600100435386445,139.58292169230253,2.3840193939185865,1.266140546736096,0.7772532000777828,0.3211088914101128,0.315558262895236,0.6714515192613651,1.2371253861738079,0.518010623797395,6.810399875007571,169.2935485338973,58.043906187688435,0.44845958781512035,0.6589147286821706,18.00598404255319,19.645391362159174,0.012116195655292579,2.433333
AM1790.jpg,0.8994261981993537,1.2834747278909167,0.8584012038811518,6.423262659348197,0.3580936581476052,1.267747113274155,0.7834185284402457,145.11509667826255,1.9882230314743385,1.1807924521550845,0.7798211041959903,0.31919996071227613,0.3592734368739275,0.6753671248277935,1.1715123622920818,0.5137390173758046,3.975134077208867,159.58360872182845,42.198354308536665,0.43231568959446076,0.47222222222222227,20.736953546621223,11.976930140493849,0.032431806992484075,4.083333
AM1791.jpg,0.9296863876137569,1.2532100517770748,0.824321897764849,4.370612452061186,0.3110005996170328,1.3787377222424062,0.7624671600230527,146.94662951893113,2.4237160298872595,1.236606639230015,0.7761475441669581,0.31407330571123787,0.27507109629837756,0.5572565258320752,1.141239673003898,0.48552058438133766,7.267085821531174,122.94111573722196,42.930436125571475,0.6273748325491648,0.0,17.549654748204293,16.069583269689495,0.04199632289557368,2.25
AM1792.jpg,0.932355603423786,1.2976410562269538,0.8484318122832233,3.3990060727630182,0.34228394597765466,1.2878172258805267,0.9139974921664173,142.89021259025913,2.1927121065788633,1.1960098786926345,0.7471043746088059,0.3145530973686831,0.36094959469907834,0.7599051239661977,1.138148418720243,0.533053382982454,3.9642695248778965,198.089650195565,70.01521937244769,0.38927764787795704,0.0,7.562227074235808,24.300520896628086,0.023806732697356746,3.333333
AM1793.jpg,0.9595901227241339,1.276022825317284,0.826922271489353,9.379407501738024,0.3640251517096932,1.2458403892631684,0.7267828456469212,144.20735540014357,1.8250200103276346,1.1811854724750144,0.7964433521883482,0.31583897493998514,0.29563329788843073,0.569592090225775,1.1618247618084183,0.519599099661221,6.257135067317545,202.33160135472684,66.26804752852712,0.4940435700236815,1.9615384615384617,9.225253347810352,7.815353161085241,0.03658892611245616,2.666667
AM1796.jpg,1.0439606855177967,1.315315372954344,0.8371578499772107,7.688213962098507,0.3768949969413692,1.264521378925262,0.6846800105080381,146.80954783897863,1.8257529141974767,1.127872557515609,0.8039239952269978,0.3154043511370716,0.31709408522403865,0.5613404423039061,1.1367341140910516,0.4806517165327406,2.9130760647687604,196.76106636365967,52.09590119849449,0.5687293911030277,0.0,18.308566003235107,19.04848913707889,0.022384844427568034,3.95
AM1797.jpg,1.0284561089794162,1.3209627502797945,0.8255840044293351,7.34641319579276,0.32644504609729674,1.2373405124973926,0.7732647911687354,142.45767121562562,2.101534561967947,1.1876445864205405,0.7982846307830179,0.3112896618066505,0.23631102163835702,0.49667442125989786,1.221495586174015,0.5247643266408295,8.991294613862081,174.18446784821828,39.856161583717125,0.5350871393765803,21.98287131055423,12.112575703598147,10.601881024078608,0.10166285763637091,3.333333
AM1798.jpg,0.9164882214731973,1.3029060314324377,0.8674571228913925,5.918805897625692,0.34594680903377856,1.3528040341752712,0.7819261915556893,148.07825406840212,2.128192941219812,1.1077707419009748,0.7761525035919548,0.30759473441140617,0.27802952115603013,0.5556853977394365,1.166801900365683,0.5291775347788579,3.2363620270694318,209.27343680111147,39.33015689975511,0.5105831381612026,1.2695590327169275,14.273006551094582,6.75439068686768,0.024509155841021826,3.016667
AM1799.jpg,0.8727662000378713,1.2583329486579677,0.8827576152869329,4.974515211217179,0.3160225219332078,1.2869797512333427,0.7797028064114575,148.40790254527616,2.239094014270289,1.1950414211432452,0.7824680413621109,0.3159302711877411,0.35974579789154776,0.604376241907491,1.112055462944519,0.5030067058778005,4.914261043318225,204.00284665518018,50.65830027393653,0.49854536740032357,4.986438233039525,12.918604934733967,12.588364383978856,0.019783924370082705,2.966667
AM180.jpg,1.0545871623454446,1.271359462157737,0.8893878642406047,7.282680302243256,0.350498182914587,1.4687190365248146,0.8592748260610359,143.18106994367747,2.1245873160305178,1.08551090653958,0.7766755413459234,0.28636381454876986,0.2803680228958449,0.6288015351975782,1.210537314701114,0.4950767387349564,3.462831010632737,205.32593485325583,41.96936919669017,0.5255865203975122,4.817813765182186,15.651785816956636,11.153327323799004,0.09667006256400128,2.6
AM1800.jpg,1.019220182911798,1.3097953583052984,0.8382757223988789,5.35322414935248,0.33678295071668074,1.2787096747638333,0.7707352172760864,148.10403355087988,2.2387319314450975,1.149845744035703,0.8090490294886026,0.321010499786966,0.385987279058879,0.5388714497378914,1.0821403263324252,0.4661825459518221,7.184039746314703,184.20183411993406,34.19458774312247,0.5738531967702806,1.5654843110504775,7.986955256692099,7.7764560017156725,0.09265594204255337,4.066667
AM1807.jpg,1.0920150389372068,1.3286588672637163,0.8438496822873666,8.660839541672054,0.3843265349275916,1.3021574392682156,0.7851600470343578,143.67803001406008,1.8609843714412642,1.1357698032033199,0.803215677281821,0.3075375294450557,0.29057048836477306,0.7827806940458172,1.225228772210127,0.5226601428714083,8.53448977367614,201.20644120860942,68.21770881424322,0.42141439688247473,2.010399959903769,20.76700371618702,6.771625721616061,0.01576055300377234,4.0
AM181.jpg,0.8996945355453239,1.2205921022807948,0.9176757858517641,5.386004482969215,0.30540155014824266,1.3256347801843305,0.775267284239284,147.05192212146662,2.375284248584782,1.1908285367006821,0.7718025274755372,0.31508914934154325,0.3110979400434268,0.593855994079607,1.1595595687275038,0.519943411087217,3.192282937197118,190.43302709590472,52.52756900623612,0.4608094406242691,0.0,9.63921944332392,12.878637420381025,0.03226043039368488,2.516667
AM1811.jpg,1.0272903042043156,1.282193726882957,0.8205838283569917,6.848939008540082,0.31671572157835026,1.325275180716092,0.7812113046266399,145.36018485037732,2.2708803403855375,1.1534895936989216,0.8151894037591253,0.30505160257845776,0.3121269715949366,0.6471610738739262,1.1754547744695358,0.5247913116860197,4.690434477954803,192.62352737390805,48.49204823357934,0.4415967594823522,0.0,5.728936747177903,12.20889597482784,0.0277168225572495,3.433333
AM1812.jpg,0.8947233107112084,1.2560445838006769,0.890653128265107,4.0145354695470665,0.320107839452969,1.2239537707651265,0.7850731945008673,146.56845007038703,2.161427307462181,1.2190612843128146,0.7815058128030586,0.3224113976389271,0.3220836192862638,0.553574962249994,1.0158096413030036,0.5422956090655201,6.412181457825158,212.52719495653508,47.166491144218355,0.4596745950850711,2.674825174825175,21.738918254995284,10.707900664728953,0.03791893076436854,2.833333
AM1814.jpg,0.910326291205737,1.2918998041552892,0.8920563857836541,4.790834782410558,0.2897887761277571,1.4800113356629445,0.8869023221130132,146.1796867305045,2.6136927889104293,1.0992635078752035,0.7637970545684722,0.29664923485630224,0.3788913484472127,0.8248182502836567,1.116080810426668,0.49358403636019854,2.376489185309398,204.58919515930984,43.333523257041065,0.46697682607318153,2.7262050263539837,10.66624611801242,12.30482495961705,0.018775934653250996,2.433333
AM1815.jpg,0.9358547505748144,1.2506280234425118,0.907659676305862,3.5906336007555866,0.33086105809085115,1.300195716430854,0.8085527101051839,147.04394296831347,2.235778392033344,1.1508169444264535,0.771510060038613,0.30697509497393816,0.29402514860426393,0.7763906812975583,1.1867890581494258,0.5486960237390859,3.826994791900522,204.23229882483292,35.3844985870208,0.42245492894551334,0.0,12.558572628484434,10.3318281112616,0.029154095081200294,2.533333
AM1817.jpg,0.9572257902644105,1.2844356412392333,0.8495024404309072,7.275438870682633,0.3452563011589779,1.311781545587309,0.7447553663930631,145.3512195525921,1.984077288136125,1.1480667434106724,0.8004697432278781,0.3126600923544782,0.4053456146342794,0.6029542458741761,1.2073861098468706,0.45794698817884316,3.5934539696979604,179.84793634014565,59.206951431487994,0.4904070975272556,4.690635451505017,15.340495939309998,11.415037176591213,0.02845433048507212,3.116667
AM1819.jpg,0.958272052718582,1.2863206936457086,0.9170696026976917,5.304139439628861,0.30483702595025264,1.3092919344139533,0.708453961259528,149.9479152953847,2.25263794253954,1.1273792799167832,0.7979377553175953,0.31283466922520964,0.30106619635391885,0.7050892154082253,1.1858338822024748,0.5065450351343396,5.042829244114537,210.2452027223072,60.45533685047411,0.49645075565082564,0.5069582504970178,12.646593673965937,9.068970927120944,0.020128141648327078,3.35
AM1820.jpg,0.8288850603300284,1.243330344505855,0.9272761335678753,4.283644815286053,0.2892710288595386,1.360047419724584,0.8553508881418198,145.55865689661488,2.421758932762814,1.1504278152610432,0.7368140724982207,0.304034975644558,0.33879039976827735,0.5729566262403523,1.1979132650028024,0.5080041227976901,3.9988687297521603,195.8215259434609,49.90907868607695,0.46511054722012773,19.08973029045643,16.901044379622874,15.11535711229206,0.06817631603428136,2.2
AM1823.jpg,0.8891071457123272,1.2895481088996945,0.8976204013693044,4.818054024295055,0.31626451659119853,1.3909701618593897,0.7755084616439204,148.63604420305313,2.2830642630356075,1.1173746475031874,0.775809517130408,0.3050283031008818,0.30476056539786445,0.5989491249392004,1.2149335474314729,0.4888286014976955,6.008685285776139,176.56869254212924,52.980210866736556,0.5467590927403086,0.0,19.05097336065574,7.651609670574459,0.057916578630079915,2.733333
AM1824.jpg,0.9120100790882972,1.2576061959852618,0.8610078439285221,7.293357291712887,0.29233675816270976,1.5147073476556319,0.9431829607415337,140.5363110667892,2.6094590564064393,1.0650927064548497,0.7483308164160081,0.28635901417272597,0.37411948965477515,0.7572520553832959,1.1659098795222447,0.5062000145916502,2.8781329435659333,194.6330612321142,65.37670764095395,0.4312830482493421,1.0365853658536586,21.214484438375152,19.53973592408414,0.030137662584550563,2.85
AM1825.jpg,0.8551958805709741,1.2243390585654275,0.9033018126327617,3.54169027491473,0.290364803979177,1.4491365514383614,0.9310685989982483,143.3630699342957,2.396072845796702,1.0690133169324014,0.7268363080855699,0.29145131409910047,0.42532949060163444,0.7959784288849315,1.1044747026528994,0.4653857486951181,4.064393760705663,186.55908981412784,47.19674671789355,0.5147906147688232,2.4868143459915615,20.77164265500386,18.02365390000942,0.022710133334295796,2.35
AM1826.jpg,0.8092895770235008,1.2789951443392313,0.8493500760485997,5.55241339940701,0.32193442579281895,1.425083262307522,0.7968127054045756,146.15379527117707,2.184998808018009,1.0911588268376333,0.765357250842861,0.2896459304830441,0.4029881849457234,0.7475053307223816,1.1118430413394391,0.5318749641277766,3.587498902088101,182.27229460001286,45.7616800748732,0.39992714942272445,0.0,8.550693768257059,5.602047528357346,0.025557457871193408,2.8
AM1827.jpg,0.9655121660036108,1.2759747840812954,0.934441578435609,6.5924391323930855,0.31021346169626396,1.2785761486928662,0.6119187372762956,150.33206859206803,2.1138557883788707,1.1522527916243215,0.8084803467630279,0.3124264713649798,0.2567109376494082,0.5649992501006285,1.193836427988227,0.5065256637094273,3.7450958361675446,177.75836777769769,74.5725147957282,0.5531915478641803,0.45454545454545453,23.957715979028947,9.949990204046287,0.007450661740540078,2.766667
AM1828.jpg,0.8759596126985391,1.2663005127111622,0.8939937214866234,1.5078790145742227,0.2454655659351605,1.4785054468840237,0.8971443743620517,145.7076097070248,3.08744189070109,1.1009654270615548,0.752535718847788,0.2908432471975052,0.3457215044261843,0.6988351798127014,1.2202590593600178,0.5255371850787673,6.291810935189508,191.30278925457338,43.50437028224138,0.39583025666141614,9.998527349228612,49.83471074380165,21.31662537313808,0.03746975444239125,2.6
AM1829.jpg,0.8240352389938244,1.2491359847679866,0.8752793920397522,5.297577867120009,0.3388176602537163,1.333225798298135,0.7640468042796394,145.27347925692868,2.0789222251464974,1.1465593863034576,0.7614632211005825,0.30827163820037556,0.3660063210874576,0.6301268912770345,1.2166579115885703,0.4900183532269108,3.7560742252502104,200.41448812448812,40.16726590226588,0.489527977311368,1.9887348353552858,60.35825634089791,13.46014956353271,0.02088493041597479,3.1
AM1832.jpg,0.9882295624619676,1.254495636614228,0.8293807830266302,8.352615992886967,0.35316422791310476,1.3610671515493211,0.6629033271904012,146.8438236819761,1.951453500939561,1.1449115717786704,0.8102842353265552,0.3023135699367793,0.30361382580983104,0.6147343903590095,1.1719173262615628,0.5076917946871216,3.621789524689489,185.58227533638444,32.39583465841835,0.4924581898528559,0.0,8.10004316857328,11.25044980481357,0.043336887539345954,3.566667
AM1834.jpg,0.9437052446400501,1.3073734956683347,0.8614941634511798,5.775497309010457,0.35257625560740136,1.3381810097689453,0.7291598661236968,148.22103496580962,2.070733877886583,1.1210940721923102,0.7892632995170181,0.3110957601350336,0.2912008415429211,0.6963204089185565,1.180992116555588,0.5196399137487705,4.196193563789024,172.17712878952972,53.97945437092507,0.508593973228893,0.0,5.5158612610914375,21.140278148964,0.0435491301898379,3.516667
AM1836.jpg,1.079620948955115,1.2778776377535557,0.7974474864269738,6.957022218488701,0.3733579751029207,1.2905626781034591,0.7514483682977598,147.4462884222893,2.012840474147948,1.1271352555176462,0.8179513970674521,0.31491856261459394,0.30019800727298934,0.4598417060819859,1.0532797443647963,0.4953330635608264,6.984294222672869,145.0933302004878,39.8198927004878,0.5882190836043993,3.2883939038686987,6.808540648003868,18.617318348973242,0.015765623883039943,4.066667
AM1837.jpg,1.1471387624269598,1.3311863317248271,0.8612978227988223,8.177977901945901,0.33730930764968076,1.2619798279495804,0.6396558866274193,149.4590131182478,2.0700290947668947,1.2089556180135166,0.8267482692776995,0.32178736581412326,0.2929117838294579,0.5890754349890165,1.126586047949168,0.5037304490871507,8.150163836696766,188.11654243736848,62.57505772121128,0.48220563184949733,0.0,15.64249946729171,30.08295490953907,0.03475472192441656,4.65
AM1839.jpg,0.9101448435126789,1.326171664746913,0.8228631483637607,5.5600566544899745,0.30231406092832336,1.4215676079158233,0.8804308649243793,142.83121431014143,2.409317480045553,1.1140171221814799,0.7647626138001394,0.29246915814115004,0.34898521994173337,0.7722237811535785,1.247405921130246,0.4682970215147097,2.580790595809808,189.36485227960708,29.14110485338884,0.5621425781046792,0.0,10.830615250354533,6.984355913228384,0.03922670715684985,2.616667
AM184.jpg,0.8863619274457308,1.229364229118218,0.8788598309347968,6.0854173563838625,0.2623326125357525,1.55840957280862,0.9182391620876018,141.90976762429466,2.6799615000038637,1.0279861760133777,0.7569189862275809,0.28045941395694207,0.3425480868464621,0.6834334973154711,1.0967469745585157,0.5476416783965959,4.924079190651964,164.94124492643328,44.1171069953988,0.3667643941680477,1.3953488372093024,10.17740133560956,7.902627783349402,0.052725531487828846,2.0
AM1841.jpg,0.9692349651030688,1.3188571166925385,0.8372469303917387,6.084771331034963,0.35246098490354577,1.3374441215761197,0.9139328123253814,140.55769567505953,2.128813634180709,1.1301260935489157,0.7647500092530102,0.30951661543387377,0.33551193969217974,0.7627267651025776,1.2184174598628248,0.49393626772669275,6.558927596348662,191.6038597987913,60.843960893989276,0.5156177967745863,0.1673228346456693,9.262371134020619,7.713981509279151,0.019157821498434723,2.4
AM1842.jpg,1.1285762968511333,1.2892252796153878,0.8259040835588215,6.981139345932638,0.3834870713319771,1.3365575033112644,0.7778896135155767,146.90121639309083,2.002639323344901,1.1589860034618238,0.8152288366171168,0.3100367687626272,0.2427341411255052,0.659582283639154,1.1108127112368482,0.5194758674668541,7.078117510206862,165.3167188797441,52.61851333325143,0.5592419510393006,7.440851735015773,11.477384291725105,11.718905468665369,0.12631751691984403,3.783333
AM1844.jpg,0.8470619628632469,1.2771594307194678,0.8971061133264305,5.900179886065624,0.3430373539722576,1.3826682158913224,0.7513185385322737,144.9693131244955,1.9985669063565377,1.1372389584427458,0.7596522977375811,0.3052122067468876,0.293157383932263,0.7234241208733803,1.2093586179073084,0.4987682167756975,4.49434796669243,217.2957583151234,39.411955498222,0.5480594389877433,0.7244318181818182,19.002573468371246,7.346348633895531,0.006035678878565725,2.733333
AM1847.jpg,0.9457699778633087,1.2618133801158935,0.865284040752641,5.727859135452603,0.346864373075274,1.345676723728372,0.7767807385583763,146.41917358836417,2.078742384009385,1.1328222305368953,0.7694149133527725,0.309786684038149,0.30944591266080207,0.65993504930838,1.1004390280174692,0.5056369183405834,8.57786102443918,158.83759178813133,30.798516828003756,0.5336527097257083,3.226072607260726,14.570342771982116,3.8027506557672552,0.0697338869060719,3.7
AM1848.jpg,0.9803679405251667,1.262049451565821,0.9171001397176769,6.143782885928914,0.34252579093003216,1.2857176408387663,0.8425561371545501,145.4062054860606,2.1599457793036545,1.1969393240283903,0.7627601395967136,0.3254889103026203,0.4094909697978339,0.5467548108399142,1.1629971714625158,0.4121971749870686,3.380046922091691,196.52587820668828,38.2210991264358,0.6413509110253723,0.0,11.205594432335284,2.411272304872739,0.03134505133624003,2.366667
AM1850.jpg,0.8741227306616163,1.3030999845064692,0.8306535637899807,4.089238478543926,0.3314486742576734,1.4311673936827518,0.8123063843403351,144.88077772572996,2.0362021833760937,1.0932745912060031,0.7683483882067856,0.2894958212385097,0.3281985906407214,0.6206179986546103,1.1448528384764975,0.5174848449278634,4.431324569145364,157.89884178321677,34.80662276304386,0.47079520886394666,0.0,4.7464474426717285,4.836684575665416,0.030966067078501202,2.233333
AM1853.jpg,0.956715626713797,1.2903761732049512,0.845534553321182,6.663339870254152,0.34910713057905884,1.3902430932099434,0.8982002297605517,143.51935698859933,2.207198216746672,1.1347950111331946,0.7615584122643282,0.3072670917480279,0.3205357694693039,0.5599780827964354,1.1664764297990737,0.5241114330424899,3.9769898769624663,231.51391116570173,41.42427833632806,0.4495356010270121,0.0,14.843703976435936,7.703752274559079,0.02360578666933026,3.75
AM1856.jpg,0.9925119901306987,1.3573423519738266,0.8098814216629907,4.975880735547333,0.3424266082168306,1.1447338354292007,0.7188526765642581,146.37128190714108,2.0636753825991874,1.186438103477748,0.8006258537099428,0.33221502757801047,0.38320857175185796,0.7524234919803241,1.1439175476881902,0.47037026458255987,3.535252169485728,194.8538270729979,62.87821731690033,0.5448754885670997,0.0,25.295989046391753,19.696613510590325,0.026817782935868544,4.3
AM1858.jpg,0.943000774221698,1.3058549552180736,0.8385791672537752,5.5389591530983076,0.3289614032182568,1.1817001950687962,0.7300322333481063,147.3711013659271,2.099249025388597,1.227221200263104,0.8007821161677228,0.33386706376852887,0.42355496159000017,0.6095188006113175,1.117950208389099,0.43166446589167756,4.619824540544581,209.78266115272743,42.40215800807334,0.625555730219029,0.49514563106796117,5.770094581343118,4.227085267630002,0.026894630109294042,3.833333
AM1861.jpg,0.8648438216162198,1.231483744641021,0.8166077691110494,6.988821904783375,0.3477888254191399,1.3097453347240446,0.7941044401422115,143.10300128358816,1.9655869898704008,1.183264990988942,0.7743889982961359,0.3087640478009158,0.3844529623354368,0.7429651032715818,1.2000968969991788,0.48542477354222113,4.919171519776258,184.9633101692583,42.548379613702764,0.4788413106502023,0.0,9.230187537810043,10.057050117297393,0.019791011683065355,2.583333
AM1862.jpg,0.9119099901820082,1.2888722098578902,0.8215003302165188,5.278359457996854,0.3051825700703362,1.2458488349461823,0.7701097243883872,145.53534865329877,2.2814016828793036,1.2010057244059913,0.7956511789280469,0.32095627037049457,0.3551874687627791,0.6739495272394233,1.1833129344525246,0.5043444050512954,4.871490014957168,164.45941054017038,58.78282580537089,0.4666244832959328,1.5740740740740742,22.67613381687788,20.354575988279905,0.092413465191268,3.966667
AM1864.jpg,1.022150112412168,1.3167397947454846,0.8426467350621754,6.5197698536543705,0.3556215558491985,1.2828162303396746,0.7628086187300367,145.317662927011,1.8802664954337365,1.1507702207229826,0.803225088916642,0.3080229678094479,0.2714731218536456,0.47561867624707477,1.2200834955335647,0.5378854827570632,3.8174148312015084,209.78491795992443,60.15348541472275,0.4287469376740389,0.0,11.674273858921161,16.80217390765806,0.023123290871552956,3.983333
AM1865.jpg,0.9463035183101277,1.2682900580189984,0.8482460300329139,6.353799824396305,0.34185436175698014,1.3077238394776478,0.6651031270920261,148.82711052785163,1.905907712830934,1.1605657934972957,0.8109586096948891,0.30634071426083437,0.37569490607666334,0.6600039480084621,1.1576055060588641,0.5251101503028816,5.412468125291225,208.87757448662458,49.641038055790375,0.33602823170556634,1.788577154308617,20.580634889531183,13.799641585441364,0.01616926393365272,3.2
AM1867.jpg,1.023725503679244,1.26556091383303,0.8103649234015575,8.700340449067163,0.3920309250575644,1.2952998793694803,0.8111197498700337,142.49184229616753,1.907257009064584,1.1748629928653775,0.7846139151641032,0.3192155968628471,0.2604565283944982,0.642804671319179,1.2268305632988337,0.5185971547983305,3.3610927162556417,206.5289122542567,57.091049304198634,0.5237227587959479,0.5387323943661972,17.76993355481728,18.7324758756573,0.14338783714541087,3.85
AM1868.jpg,0.797327159514864,1.2636021285666363,0.8281060491128157,5.9622887060584775,0.33976512369729667,1.334664645027671,0.7992468201153794,142.41253864155078,2.032996593490171,1.0969688557446602,0.78410223868458,0.30079032290565566,0.4189017852507355,0.6364683064520664,1.1465464176322884,0.5176045585794379,5.048599043655537,205.58382047505756,65.38516980039489,0.41679156620800467,0.0,8.96021500098174,13.244325699508266,0.09842442808186652,4.233333
AM1869.jpg,0.9557412421040173,1.3160639165978802,0.8329273607087795,3.9709447331541865,0.2785275977099007,1.2746826828172164,0.7577982666858546,150.48916729968454,2.632572524374113,1.2324770691220166,0.7929924838569393,0.3266723499272365,0.30538814720494445,0.5533873823227946,1.1008230217818746,0.508689844927492,2.9810500960044974,204.70995299851117,47.190840791359506,0.5368353152819598,0.0,17.21096658868496,20.62681878568219,0.037078767014435056,3.116667
AM1871.jpg,0.9495167329403942,1.2695065673196975,0.8572118210992604,7.80909561232874,0.35772718941764114,1.3319308061743442,0.8388163646021891,143.46851338597554,2.0305899961651503,1.128909257160991,0.789819426327043,0.3041103764962378,0.3631386783299029,0.7230648883877032,1.1125783827495923,0.5158694314543028,3.159008650883007,212.832496399496,42.87208915967699,0.42599115353832634,0.0,17.230010088518615,8.882420561802576,0.04846038227976193,2.95
AM1872.jpg,1.0957991666010396,1.3217649475264113,0.8221525765364089,5.060620107294659,0.3555248450091383,1.3218154771516042,0.9236892188811596,141.8339221674005,2.2104605320752047,1.1078379368832794,0.7917875687062512,0.30984893230120103,0.33266263010343516,0.5915763006233694,1.1108867209170419,0.4881380267819774,4.311966065988743,183.86125269060082,40.94837882844217,0.5561029553029349,2.7365464951810794,20.342352092352094,9.351989910136865,0.02219227839637929,3.266667
AM1874.jpg,0.7787477371887087,1.283283431171954,0.8304790484688905,1.4528118139642683,0.2868057480189868,1.3964059529783095,0.8308248867735937,144.4969776593527,2.3299999358020544,1.122484166647078,0.7312532454559661,0.3011803313654588,0.39563236583129435,0.7773521147141724,1.2486446520575356,0.4874500824120525,7.755888503421411,153.34732701600126,34.328123602061,0.43366440070952184,6.199387109529458,38.53538126709662,-0.9464825737443618,0.025354989073244377,2.366667
AM1876.jpg,0.9103612940243451,1.2680467502645243,0.8618542295436119,6.2831632293637405,0.34073028989744314,1.2162505914928927,0.7594815629554367,147.7261048835814,2.0956500691257323,1.2344338124264758,0.7970080258307676,0.32701377311057045,0.35057360022319795,0.533969679602587,1.1527124558588375,0.5152877266083951,3.532472924716167,202.48280348031628,36.07300160336112,0.45422266448890225,0.0,4.86655875931642,6.689215625690991,0.033103367548841564,3.1
AM1879.jpg,0.8993697164803135,1.2946939454847004,0.8545319761307495,4.3757634736726825,0.34158274731854266,1.2426325191147816,0.7963050805846572,144.65078217458142,2.0046579696639437,1.1070807989636058,0.7531311274751522,0.31063389363420396,0.3859375897498773,0.7824080324949085,1.19692333845257,0.510526858151063,4.075258209475101,169.13759453922302,50.17183421696723,0.43162436655664344,0.0,14.217321140398063,16.91163980089202,0.08861530516236069,3.766667
AM188.jpg,0.9701665775977816,1.3059369013700597,0.867626860646653,8.927193395402618,0.3656757121317021,1.239730481037122,0.7320128116942523,145.34077020666797,1.8474174277858697,1.1702562734901563,0.7936442298670779,0.317518399739878,0.3159033142070389,0.6043349300184381,1.1351007790745775,0.5187115568672984,9.46515598120785,226.1281618590038,108.99554889240262,0.4707206276647741,20.519668770993455,35.904552252649154,38.92626838609739,0.038465471828668454,3.7
AM1880.jpg,0.9261247138848618,1.2475531101487496,0.8238138594287445,5.152523315282543,0.29749915775319,1.353395166375852,0.8637167609131378,143.67979760124146,2.4097532386249405,1.1387005650566575,0.7823793323959354,0.30422349497721,0.36591466796335026,0.5233408433759138,1.207369065252982,0.4613049798531543,7.212905131879468,149.6011860440379,46.98916027453181,0.5730123828149852,4.417791954294939,12.121628371628372,9.031159807823002,0.049637686718555535,2.5
AM1883.jpg,1.0237744337170216,1.2787801651980917,0.8229087161506207,7.9114247810546,0.3069512713670941,1.2320575672344,0.7912680689299152,145.178061053077,2.404519341956713,1.2256599608960812,0.7942494136289846,0.3241546446765752,0.27925526556391267,0.6910372862663129,1.120768979680799,0.5205370209350738,6.538215061089646,176.39468189529248,48.832969048944875,0.5137171960765387,0.0,11.096230158730158,19.60032148525493,0.05654208141761443,4.166667
AM1886.jpg,0.8882182392141961,1.251309361796212,0.8712878256962747,5.895014514870359,0.3158863162653155,1.2265777569737295,0.7043083506444832,146.62691961685186,2.130548037887707,1.25798657879249,0.7988605497523817,0.3236090532275624,0.31933127586011106,0.6684420749710022,1.176693904753116,0.5185859199604201,5.765683857438404,179.88443831590763,52.08090890414293,0.4513425037522318,0.0,58.94171343885981,19.55324327345764,0.039075939230620374,3.066667
AM1887.jpg,0.9831818230638334,1.3105717144391398,0.8305177153276746,4.965361312324337,0.28286745445651085,1.2341925090248136,0.8095168122121813,148.3699699509934,2.606372030734997,1.266931150971172,0.8097512762092834,0.3246333441945581,0.2745368896052897,0.4748432074926881,1.246135941427227,0.5727822240613327,5.11722533533235,220.31433560325195,76.03844563561441,0.3478904967073471,0.1720647773279352,15.873626373626374,21.769067623690432,0.02961061343428979,4.333333
AM1888.jpg,1.0692628932802957,1.27512249858469,0.8354681157566425,6.112262152268811,0.35146684474693046,1.3623065981738485,0.8899925931323491,145.0610757769619,2.215557282762759,1.140429471218405,0.7728563995741158,0.31009605326565315,0.31022355013507513,0.7675084887940085,1.0709092701052423,0.5438405969053426,4.253637493973953,207.50173542126834,55.046002474969356,0.42642479257445925,0.0,12.855104629042486,6.930514775475785,0.0974967849883172,3.483333
AM1891.jpg,0.9970394522175815,1.3103819193661135,0.8279126576788033,7.741283393317888,0.3986123779928762,1.263917648652168,0.7467703660245216,145.5811310604035,1.8196962960345107,1.1656699983785153,0.8025093598443812,0.32144392841546143,0.5211971905333823,0.5686780894941734,1.0920975004458884,0.41531568806859176,6.439724202791595,205.21333124292494,59.19255561965625,0.5272832670178611,3.3589093170301743,13.033380095725368,11.242090119079279,0.06700844947785076,3.933333
AM1893.jpg,1.0487396139268697,1.3113893511934414,0.8289790755245592,7.724546363628242,0.4080202936987603,1.2882608036556558,0.760392077411382,148.05086200665605,1.7907916493191738,1.1858415965051243,0.8065249849187158,0.3237055807135844,0.3655893242013474,0.5175297124827651,1.1262387783152725,0.45641566286266627,5.046862903751827,177.53425923459724,42.127421627759645,0.5833188551342281,0.6431273644388399,9.02027027027027,4.64673548950887,0.08402841580987187,4.033333
AM1894.jpg,0.9951422794421244,1.2625405023609202,0.8285090534369347,7.316525003882506,0.33054210743758095,1.242177582397837,0.6451901240125009,150.95185111053584,2.0674381230702967,1.2482299433779889,0.8152438423779106,0.33019466323797503,0.28631222235755543,0.5528127390629193,1.1483627621179038,0.5208125867132409,4.337091675793668,170.50185137761912,50.217368618998435,0.483939733923344,1.069182389937107,17.628270256540514,13.918492943884175,0.03863008979891035,4.433333
AM1895.jpg,1.0761110474628053,1.275044323571253,0.8396993470249677,9.144218943469676,0.3708601775269542,1.2372232440574924,0.6480264495790956,149.5884656699193,1.8314346828289432,1.2060852804502311,0.8158514973155954,0.3204345312256042,0.3171860417738786,0.6466180182064706,1.1090468087440566,0.5270979963542206,4.454481887746011,171.19768651118386,54.73752390955785,0.42143682955634765,1.1670480549199085,17.036782061369003,14.651961799165747,0.05731071726139279,4.05
AM19.jpg,1.0695662639967514,1.3375866820223106,0.8491073623647651,8.52063300546297,0.4123669544875028,1.3359472986728995,0.708955844744032,145.18990839341112,1.7105692309110314,1.069591325743771,0.8066903300590317,0.2990928339703664,0.3778164733300993,0.457989280516357,1.1360550860712335,0.44753410373327523,3.644107888410737,195.6825003527648,35.011267476052495,0.5845865707703554,0.0,14.557552954292085,0.5863558389037848,0.03498915925312983,2.85
AM1904.jpg,0.867276205787282,1.21378447572558,0.8993730727263475,6.2013146436306155,0.3038692606684787,1.4315384930431418,0.8581561021531605,141.58499622687538,2.3066006631578784,1.1637575338415203,0.7421325086008095,0.30497271516438007,0.37610111986624445,0.7515295069539711,1.0559183773097434,0.504335315537215,5.832866929565201,172.67296909367155,34.395297337946374,0.47112620457246984,2.291872268433667,39.79200487012987,7.743406068927186,0.03933391081646716,1.633333
AM1908.jpg,0.8868253222258469,1.2427825467198972,0.8239281123754957,6.193288482791444,0.3030266901684875,1.294300947510828,0.9517636385664175,140.86599260199844,2.46981666131883,1.3220699543004948,0.7611667488847429,0.3242640355139565,0.311423648441747,0.5221053685633914,1.0776690460702107,0.5121941263972514,5.795306667860045,173.1241052940429,39.45070757674702,0.5117632594434842,19.902188328912466,17.224333068874895,18.9949656322854,0.06842341930319104,2.1
AM1912.jpg,0.9880269221020266,1.2701071447807826,0.8299823494349762,4.950580072659073,0.33927372804262623,1.3341565108432814,0.8802732520557635,142.7609566970621,2.206118395173432,1.1794008190525507,0.773447470568964,0.31168160008721196,0.30534110159226824,0.6168477162209264,1.1466664965442912,0.5380132745312779,4.656788564742783,185.9412026942665,45.430450006094475,0.4335514111218801,1.566820276497696,12.51219788453831,16.705567399239072,0.044589694635595076,2.95
AM1913.jpg,0.952741017861513,1.2743264601026094,0.8281375505817286,5.875404284592906,0.3507348874930873,1.2972648745353228,0.8195420341702109,145.87072151960004,2.120771742224093,1.2122932531957196,0.78927685640695,0.32078432477274504,0.3049958735616412,0.6840958850979044,1.1748048953264603,0.5240360649505491,4.191282717336326,169.66539426118757,42.17879190320258,0.4714371866666734,5.303660565723794,7.513911137340864,16.72174791710364,0.08267045330359714,3.2
AM1915.jpg,0.9887895111549198,1.2642356462012505,0.8689706464984176,7.542846462492933,0.36654326324298164,1.2253561176148573,0.7166504094514258,147.13769613633173,1.9148208830613678,1.199860424329888,0.8002681739641163,0.3249796613683682,0.30403519596860756,0.5883082555081066,1.2130137391264466,0.5043909248157353,4.166711642718906,192.55205442660673,44.923782175297816,0.5083287332765922,1.3380809595202399,14.64463368477967,11.747712977252732,0.07629957566698217,2.983333
AM1916.jpg,0.8967991233992917,1.2763725431324666,0.8170289282994047,4.986120527213799,0.35143643713039574,1.367345668922175,0.9453295895272747,140.30088998363033,2.205301525873336,1.089801584102693,0.7474262188224602,0.3012057967911833,0.29460913475167155,0.6565902561189557,1.093487479877436,0.551631534744829,6.991812067042982,180.09317640453406,51.93692640453406,0.4753008788646552,5.046778475126416,53.21093917614246,13.375850837943787,0.061698054426185964,2.75
AM1917.jpg,0.8676372308255001,1.2335588781616194,0.8938983849190677,3.83204518452761,0.31019569102860545,1.431901684209212,0.7348656813783133,149.32010358358082,2.3952069572415198,1.1740161190882674,0.7806201264492216,0.30153358160792354,0.2637365512523859,0.5154103102627376,1.2076052822920087,0.5092074862691889,6.156163874924367,183.74260843161326,47.11777013924586,0.557541352336445,16.691634241245136,18.316883755222413,21.077214301933424,0.03510979216922409,2.466667
AM1918.jpg,0.9479853141537785,1.2568269992135412,0.8731042366028591,5.769445470313112,0.31777016127691504,1.326724022773479,0.7905807635289825,146.98846215307412,2.1815928890504406,1.1388600290090183,0.7832851804141758,0.30645957911006755,0.2564037012816968,0.5099383628643148,1.1794596078052841,0.5135872765197225,4.271905921984115,166.06111482421474,31.68075365039985,0.5510324723464515,3.8141025641025643,11.16906407035176,15.738436253674834,0.036808748825216044,3.133333
AM1919.jpg,1.0321795554061617,1.3098085105385853,0.8753638679063317,7.755496989634921,0.39076469598804,1.3996406012209,0.8750473272035708,143.16153845549718,1.9656616748460685,1.059342344026306,0.7798700808048963,0.2994542841555316,0.33554120425533773,0.5591293653679971,1.1733334931753068,0.4413940651952623,3.7165001802004296,198.87556006107482,44.618667830498396,0.6794713873194407,0.0,12.54067630482725,10.407702266259179,0.0362903558462404,2.866667
AM1920.jpg,0.9675672623914566,1.243595042583275,0.9274746578097057,7.192849551780718,0.3078347977952705,1.466361519460317,0.8096805205070603,144.79673889437493,2.365230670286874,1.0940037070696875,0.7751098610172856,0.2987576746124263,0.29057239580170435,0.7008953718644678,1.1632995032647402,0.5186324583336714,3.948815632501901,168.00474723812573,34.31588680278642,0.4655590349655327,2.391995210022108,12.252308597917663,16.01428928980718,0.061117549376539224,2.583333
AM1922.jpg,0.9448514036659188,1.2675866530997324,0.8793504892918451,3.7327651203037746,0.2773744378584616,1.3158362227498228,0.8678489046792939,143.98045855760734,2.59365955053233,1.1889390751655304,0.7688083526433801,0.3060383615443025,0.39684537517797147,0.7482139791970109,1.1347887883712722,0.4952097094707645,6.122216152593407,211.86478297891165,49.92445376080465,0.40063278982595646,3.207668122783992,19.52775724423418,16.301957584393293,0.020004913708714284,2.366667
AM1923.jpg,1.017263817487512,1.2524811047118782,0.8567323673016451,7.838467753268382,0.32663400683013444,1.2316218951239186,0.8037437161052527,143.06366893654365,2.1027663034000286,1.2131477860489441,0.7950425820225837,0.3232463095196574,0.3631365795724517,0.5473895112626418,1.2432200533099202,0.4314753267620596,4.614788916083452,191.8109464695476,54.48160993877221,0.5956377223890422,6.3828740157480315,15.979741802912535,13.661224150129684,0.02029398199824261,2.433333
AM1924.jpg,0.8783955527200149,1.2588433963890722,0.8345687726691174,5.012583044118619,0.3714771678934729,1.356956530438564,0.6779854560636184,147.4238650035877,1.8418837743605607,1.1226322081874665,0.772532642653085,0.30097925132872794,0.353387673420967,0.7151016865361023,1.1419969347625678,0.5495948750054859,4.242214114841743,177.6383186141573,47.95865966166036,0.3745816044106789,0.0,12.999213063151682,9.718694958243304,0.025719113081921752,2.75
AM1927.jpg,0.9730843087695901,1.3039712689565388,0.8323449976444267,6.733041599882483,0.3502794264840237,1.2807584077892478,0.7394993861225772,146.51838607488048,2.016119311685115,1.1613704192455299,0.8104100224948324,0.3130571086500561,0.332105255485184,0.5091289973697054,1.233608962545144,0.5091732827188326,3.693648828954564,182.58200123743234,48.240793888350964,0.45048428014564346,2.0901639344262297,7.8493630042567375,15.230547569386871,0.02688750365688075,3.833333
AM1928.jpg,0.964568313148698,1.2825055379875892,0.8604141809968224,7.0992426377730045,0.3570229068555027,1.2453388448590899,0.7594383551600157,146.00926076073162,1.9940777066894457,1.1932071323776925,0.8046856662809317,0.3195115129923473,0.32592850519386274,0.5653417477911185,1.149083901206405,0.5051703271803585,5.1320213967913855,172.70781224479484,38.2084906708464,0.4912464955031723,0.0,14.649023943054356,3.995834779630485,0.05988709801561044,3.416667
AM1929.jpg,1.046700387779227,1.3000785699732762,0.8294637914381884,7.2424926365630125,0.3787725270733839,1.2692236317324854,0.7046060548134138,145.69688630535575,1.8870607761328548,1.1507013576645533,0.7984845810472553,0.3212689724899442,0.32659447342688974,0.5340365721124254,1.1566798709073944,0.465513391771092,4.907635401411386,204.77753500868974,60.57463645796511,0.6055735708289871,0.0,16.28909090909091,12.43293110760743,0.009823219886011224,4.183333
AM1930.jpg,0.9043374398659461,1.3087712389167943,0.8293712459501009,5.195732471073812,0.3323072102044766,1.302896930762962,0.7382296491270885,145.6484112071518,2.0650894866992187,1.129741215648464,0.7928092286524597,0.3153568421923004,0.3881661190830161,0.5487242054001191,1.0444060652540077,0.48974606148169403,3.7733158397217057,213.9532113785953,59.95866096987598,0.5326296087306234,1.298028858970941,23.573891625615765,22.495104606474698,0.01676714441110215,4.3
AM1933.jpg,0.8921075869658084,1.2797839062454504,0.7969752959756244,5.466805125408005,0.3721196892077878,1.2239365821643484,0.7228159645465305,147.5122647136331,1.8161549471459382,1.263514216494403,0.8165826150393941,0.3222702768341452,0.2593698489799067,0.5756346285040517,1.1939673601920988,0.5425488750247669,7.5729173786679365,176.9875646803177,41.97856725101178,0.47901531333074676,0.5182926829268293,8.81014273560828,10.75655535146025,0.020141300174659295,3.95
AM1941.jpg,1.0357277316260394,1.336031664381779,0.8491286686907658,7.324347377253694,0.3261017367937554,1.233373619589266,0.8370558836334957,142.4428736735547,2.3527702161221056,1.1407027033840549,0.7901019672443358,0.3121300499439927,0.39377731885030215,0.8174536583044815,1.2256764669690572,0.4648509418819387,9.958453643335634,153.5208750142094,63.868235381462654,0.5043693216053653,9.107142857142856,4.904426176878104,20.163129133104725,0.030316444116876916,3.533333
AM1942.jpg,1.1177471772433079,1.3118912147696482,0.8162255854357903,9.678828343597598,0.39660930827571894,1.116705249809951,0.7635721043252893,144.95950159172293,1.844793837387329,1.2528112894103147,0.8026355525022125,0.34860894063047276,0.3431675277137333,0.5445616254828861,1.1894221420797286,0.42114232388929906,4.555048421284734,195.11894152216732,61.44958668345765,0.6769920373376591,1.7743538767395624,30.129577194413784,20.339376424343783,0.07345569832071615,3.366667
AM1945.jpg,0.9231448239723866,1.2694475746042364,0.8509162790347614,5.981844723820461,0.34949029290511924,1.235227541317473,0.7539679416382612,145.99214735554128,1.8970637155376469,1.2069139770881467,0.7954636636963615,0.3202852478293393,0.3014166611006416,0.5600664615797137,1.126512579317996,0.5453016382983978,6.354804840611566,186.28063233407147,40.24380197692861,0.4213791988342126,0.0,3.4652913919087505,10.75208835866951,0.056494125604887355,3.3
AM1947.jpg,1.0228609355412188,1.2930838453364706,0.8271627263910204,4.277363904491409,0.26999934158452643,1.3862936364061096,0.798848090911463,147.6810542790755,2.7527323740708085,1.0956919498961746,0.7650988435059732,0.29845451135976175,0.2764374909851091,0.5586763467342125,1.1416919270638168,0.5190605962905122,9.712492453120387,106.29668966007681,54.495973669623346,0.5184834579631507,29.957046609153213,11.86936936936937,23.722058388933398,0.07513782258623983,2.9
AM1949.jpg,0.9921040670981095,1.3038225477520637,0.8309632626938049,7.0007864448290515,0.34961856810984276,1.19748750998572,0.7726082520478291,143.04427618330791,2.0008308188394888,1.2035551669986295,0.795741655947142,0.32362049499962936,0.3408355171699788,0.4766388809511302,1.1766839031939786,0.487123759499223,5.2388232635368155,182.3651170480752,39.72746522621284,0.5255759568561172,0.8374384236453202,8.190189231808965,10.705687318736679,0.018174390950329276,3.416667
AM1950.jpg,0.933207316493663,1.2800773631424702,0.865381366296733,7.381507991341767,0.3659425119415544,1.310343067062019,0.7924617416785298,145.3655679852372,1.8993928483716107,1.1786311010449892,0.7971399323491942,0.30364862877861803,0.2635838016157474,0.6595015826153959,1.2199049397168873,0.5662286617815974,3.239448382697309,156.3491543806341,26.801288175328438,0.38215055050869023,0.0,11.34380544056771,9.629113162176253,0.04960313710011566,3.216667
AM1953.jpg,0.9667278391599746,1.306617036842698,0.8283764512654821,6.141385032027404,0.29912433591047105,1.317176736138432,0.7961250961286096,145.6587151207684,2.4305209481336822,1.1954345718284407,0.7908933672775498,0.3187508186192189,0.40031212135399036,0.4779953940248231,1.1563896769892645,0.4434183979153154,9.676853283325903,196.88256485877332,90.95659674943391,0.5590754681575804,7.433445860502963,30.70963732085405,37.63026646014593,0.019023509782921364,3.95
AM1956.jpg,1.058901256046297,1.2802358201619057,0.8293735393807316,7.510426297389703,0.3370572266805436,1.2192729684083898,0.7563895782793925,144.7706561379406,2.1072231580182637,1.212469705651057,0.8156574249945646,0.32690961371305144,0.3292358172323575,0.5941699679366069,1.1643663688688684,0.5016471383428467,10.72243970821461,170.26993759041457,60.94350080880538,0.4629212396141363,10.024155361659,16.486343844834412,9.002186410411596,0.14919229487716693,3.933333
AM1957.jpg,0.9530368280778899,1.3396012537899062,0.8348350059972709,6.8573392743360255,0.35993053655494156,1.241760571794159,0.7597826043730448,144.98503820837456,1.9547279292997681,1.1642159621720456,0.7946903771053808,0.32034365490806466,0.4284600588710325,0.661989267819878,1.1526389264328158,0.4549351266171859,4.308916681452768,208.75405615029766,59.19970832421069,0.5207292417996878,0.0,9.97099521311976,13.442989130897303,0.03629775090283022,4.466667
AM1958.jpg,0.9641650488863465,1.2416305806111811,0.8523723319184503,5.783946625059372,0.3236291346467549,1.2834017581042878,0.9622145426846507,141.81789310148702,2.284248449937598,1.1898698490418136,0.7566379112101982,0.3213825512595206,0.3439831392648248,0.5339478206124385,1.2348576549576624,0.4681516228008105,5.913878191191223,197.99165214832973,42.85957667663163,0.5477634833798593,3.9999999999999996,13.867030874097834,6.812280874819393,0.026531622102707614,2.416667
AM1959.jpg,1.105508101378472,1.3153789010982795,0.8056283707847756,8.937636673926495,0.391414260992766,1.1208360822548913,0.7202803516433403,145.78310630757252,1.8519491896980063,1.1952771772831834,0.8076400276265303,0.3401536749596842,0.35434866827543815,0.511735712836919,1.114907080001494,0.46080221374332,7.760865871102835,188.94291267406533,38.67813994679261,0.6102800716984681,7.359099804305283,9.451054261718982,5.726560129382733,0.18677263056987395,3.75
AM1961.jpg,1.1208468926327775,1.2822111148085253,0.8353534357130756,9.993001208656022,0.36436840212493277,1.2102251437642326,0.6435666606558217,147.56405291705929,1.854698296356512,1.1502812131647138,0.820640986596451,0.3209789001472374,0.3598494388974166,0.5142733417744145,1.199408865173668,0.44269146579251206,5.786515770541868,202.4714365008473,37.42659345151995,0.5486652933386484,3.523362725592456,5.458277103013945,9.488638752118163,0.044865546709027385,3.816667
AM1962.jpg,1.099422983745292,1.2995920379197132,0.8085381466281831,9.124787821302096,0.4170238484950558,1.2355830010533557,0.7241090635498362,144.4556442168477,1.7647092358402618,1.1504143517338048,0.8014732490688057,0.3169976222049028,0.32075587863472615,0.4851263928193809,1.1307572322110675,0.485280309334869,4.521085265961033,180.9932248726355,42.12977949448424,0.5661741021324891,4.513073138987238,9.45279069767442,17.30434217690349,0.18877757673858692,4.1
AM197.jpg,0.9525366891352604,1.265321945701997,0.8190420361378482,5.4029162863006235,0.3132051482350312,1.3598587984952122,0.7977566965059281,144.7407423119799,2.183552085205517,1.1481174328646626,0.7859908695833361,0.30188936883761364,0.3691622013566934,0.7026643831605182,1.1620211545427022,0.4509013880639931,5.5690714297977095,187.07414585414585,61.643776726629085,0.5819481093772603,3.6704545454545454,10.946916966917787,1.8404145054536087,0.019883760412556753,2.466667
AM1971.jpg,1.0389828853525578,1.3106010200903293,0.8376468276572541,7.017789191592769,0.36355400253131004,1.1397214536211788,0.6941378479255753,148.19231717383425,1.9009009414829952,1.2425184587026894,0.8132361072776583,0.3406189837966083,0.38892727406720345,0.6488543557398553,1.0960689803684078,0.4899766968889178,5.5676667591183095,165.55886243386243,53.60106641979445,0.45809997003647135,0.0,8.688538416125496,26.81896891348451,0.12083614890225765,4.066667
AM1972.jpg,0.9635390212829064,1.3227879920377805,0.8290009882423498,5.5138333789941125,0.3364068185889665,1.2412000275400739,0.8394757954327916,143.33223198423644,2.23857009023811,1.172033055322112,0.7817369206402949,0.321337715896614,0.38953267105872325,0.6835811194784613,1.0609853445771182,0.4979906882779966,5.6972438245606565,207.2841368705005,60.450169823605705,0.49481652835175033,7.7453271028037385,20.150260266049738,27.984127853513883,0.093922589505081,4.15
AM1977.jpg,1.1041797901452584,1.346494840491438,0.8499313953418752,8.037298262803823,0.37507638350782846,1.2580452290004935,0.6200752307308633,149.90277049122753,1.7569206576181593,1.0862483608030127,0.8186918989215368,0.3061014019570884,0.3433697346205661,0.5003860838980994,1.1457322469236306,0.4610989728773001,6.6376339792647965,151.51541006308662,65.80855727120846,0.5577995297350239,0.0,26.97421875,22.179309951217746,0.0710690617240659,4.083333
AM1978.jpg,0.9321561827985037,1.24065900952866,0.8342425422705929,8.29895431621274,0.37918597071497645,1.2085514844770462,0.6189327323428044,150.82494579960382,1.7188577002363898,1.2635738527293598,0.839803708655206,0.32842700450434714,0.32490850757717105,0.43264162814697277,1.0751797185136869,0.5188631845667847,7.282743685307118,193.83832169067767,32.55963316608751,0.45668488510644856,0.0,13.51411223474801,3.785664439658433,0.1116655542717789,3.3
AM1979.jpg,0.9332509995307179,1.2649628575400176,0.847463251649319,6.663002341018743,0.33541758815009615,1.3665225310317775,0.9138959673606001,144.17319221401908,2.276458872327283,1.1255510946708742,0.7796775325404093,0.30227819568998976,0.3478025487941556,0.6560546154584473,1.216799649498815,0.48508998718721574,3.704302540208869,170.68877548469044,55.906743084101336,0.5246594014640026,0.0,7.822167642140468,18.09720054431253,0.02186083867296019,3.183333
AM198.jpg,0.9145359308315023,1.2632364791869106,0.8576996216024732,4.839822067356631,0.33800472857717273,1.317289320827772,0.8030807289045803,146.03313492726483,2.1716505354676903,1.1409970101500446,0.7982170519224839,0.31194985955875604,0.33103004848508993,0.6901349488839192,1.1100981754165131,0.5387658253251504,4.734534581063254,237.89442043065367,50.750879760797204,0.4350521207885074,1.3522727272727273,13.588940019041573,11.367787819217028,0.023953508674295045,3.133333
AM1981.jpg,0.9678786006657806,1.261901376780217,0.8345654928910567,8.671185317073897,0.3755414845682361,1.2604776980268912,0.7158557665139129,146.27877411549537,1.8849018709740033,1.2053192060923446,0.8009978529718303,0.31769859949335105,0.31203931583130745,0.49390582169095715,1.1898078631627418,0.5137991312931487,8.23958319513697,180.93274577164118,55.361974770490434,0.47744023219059406,8.889823717948717,14.394015634827927,19.32344408293669,0.06922945251288821,3.883333
AM1982.jpg,1.035412686907129,1.270922913436422,0.8786577609353912,9.251134499828193,0.32341565322352417,1.381513966319006,0.8021476863750434,144.5854105079514,2.232352422941232,1.1405675287616246,0.7985181453197842,0.3020605419732214,0.3205514858416109,0.5908045908445038,1.1760946302611575,0.4955388032242771,5.860909189372785,179.17468284544108,52.87803212773774,0.475403443085257,2.4624463519313307,13.38879048582996,15.877345753566644,0.05465825885872454,3.05
AM1984.jpg,1.0460031742496836,1.3470873451587224,0.8091479634548009,7.801346122518498,0.32971261701706595,1.268204854810387,0.7420607383339163,145.97797189380447,2.1666179705028736,1.1349392788906043,0.8000291253922581,0.3173852012889652,0.29483866494058497,0.4726904015219188,1.1749835227089682,0.4704900039257321,6.377176469581999,173.71685370559223,60.96538435210776,0.6191765441398648,0.9491315136476427,14.512604954584706,21.36656691037623,0.07054435045058323,4.183333
AM1985.jpg,0.8370080269945982,1.2138296322932325,0.8431466849893731,-1.2591421626938688,0.23914203746039622,1.3619523086704624,1.0644192673658797,138.20685602079342,2.9571750855378327,1.160114980798495,0.736992793454454,0.30721483711856995,0.38690763614604434,0.840637074040972,1.2300456000998137,0.476699682795413,6.956446089352161,168.56704227552012,38.34793622819322,0.4808136468583636,3.9552428046151897,18.2484375,19.572915866366117,0.0359655776164451,2.183333
AM1989.jpg,1.0438751249943006,1.305508991564725,0.8038003043358144,6.526895231919749,0.36696353113514985,1.2767189664770553,0.7210196030926072,145.44123947300312,1.9039459744586784,1.1764202844046023,0.8091496562057298,0.3150755788047927,0.28129472433372205,0.5653782908012871,1.2172890643075331,0.5125645432185882,2.616612180458586,200.64576457645765,51.53780383490911,0.4949371740543373,0.0,11.141531933775202,12.660367763459675,0.04342103627480924,4.416667
AM1990.jpg,1.0307054084577993,1.2906100576085662,0.8457224519885687,8.050899822102938,0.3742297865786237,1.294631170399527,0.7857205110298927,145.58950821874447,1.9158604493605174,1.151741764718826,0.8075762817154354,0.316987699763696,0.28748596116850816,0.46169744094040904,1.1626084723937624,0.48557803994866006,4.860749510632374,165.08127844230302,53.615233169333635,0.5766298162732704,0.504950495049505,14.25174484661581,13.717437274609253,0.016534600632328644,3.783333
AM1996.jpg,0.994828885368818,1.2732947879110004,0.8483162474707096,7.926556361658067,0.3682260704419382,1.3046662197863423,0.7471315169502712,147.02671597384006,1.9501354154436976,1.161641506033187,0.7960092755643983,0.30958300026554264,0.3123006867631803,0.6271181243770769,1.138712481465887,0.4777531682997642,3.3120985467244797,171.07853052024004,43.96599490770441,0.5803538293917822,0.0,7.755561813573641,4.59395541456847,0.13517630538816822,3.816667
AM1998.jpg,1.0316611078073146,1.3319802247558412,0.817237900512547,5.733327750737532,0.32422552839125984,1.2781061356888515,0.8150168211723277,145.59026702460346,2.3969930672112962,1.1752629287949852,0.8134313805208194,0.3227277427838402,0.29359012465547785,0.5397663037876617,1.138161746820956,0.5140234038183746,4.998480466903904,168.9151744802541,33.91612414787045,0.52163008980259,0.0,10.012319144474732,16.873381413352803,0.044815439056042426,3.25
AM2.jpg,0.9612548242761051,1.2984002755357162,0.8317881104579843,5.3404295007635945,0.322507282070641,1.2502304585944741,0.7173862563155563,146.5931978586823,2.0805829140449994,1.2206688476208827,0.801387864472832,0.3130462750551194,0.258147546473338,0.5720523636044537,1.2913744714816608,0.5509141181283855,7.06472741671754,184.11073494623122,49.46042272500017,0.40428766889185397,0.0,11.054310011596446,19.418574593914627,0.09667835225485648,3.6
AM20.jpg,0.9613666541126922,1.2782555245052425,0.7764095707313695,8.391783132560509,0.3879001030116716,1.3130754343147628,0.9121113064121754,137.39792201534385,1.9220320486240587,1.138410211350496,0.7660779139219025,0.3083923219398951,0.4734344891615703,0.588416871475463,1.2113459238163515,0.38590168568541083,6.962032013824388,185.7715163353035,80.3150769413641,0.6795722053685436,5.728084725081979,36.67441020702937,20.04271297761713,0.08716817790193901,1.9
AM201.jpg,0.8786646670618475,1.2449893132893894,0.8546808911094802,4.013524297809531,0.29472242994756226,1.3103957271183446,0.7947679204847863,145.4021652229409,2.4517608232568664,1.2654676896111354,0.771048732880675,0.3132933934418574,0.2924916722174839,0.6978660869301158,1.2269968331472447,0.5597016323884663,9.764055288567143,233.19683277214574,77.52902455296766,0.36516189750155525,7.324906678713236,18.683199441145653,29.702483139110115,0.10103199161774205,3.116667
AM202.jpg,0.8499984928053157,1.2702492012316564,0.8182188297214166,6.277123936509528,0.32592335327317556,1.3664355671613098,0.8055982909739664,142.79877928245654,2.1535184348108425,1.136861962451796,0.7677111796956646,0.30112969823083446,0.41492599806744757,0.8005713975040244,1.2101965136951303,0.5192688673145658,3.760256861353744,176.03189587557853,29.72288300004206,0.35148752091873536,3.0391664574441375,4.7446898895497025,-0.7945791350665701,0.04100373919722443,2.466667
AM203.jpg,0.9407873590085195,1.282543448946293,0.8765855593106396,4.8992629413580735,0.28332583244841913,1.2814297125207839,0.8368291527243744,146.59482431333882,2.588910232574363,1.248613790351763,0.7834019205266787,0.3161013325425257,0.19472220202826485,0.644356514143528,1.1800255243099185,0.5755892255515176,7.86325253400766,155.0562314411564,40.39580697174317,0.4564245318757569,0.0,12.250404627742476,21.183305363269483,0.042610038740472464,2.766667
AM206.jpg,0.8903472709364589,1.259287878048335,0.8598880180104687,4.3243676999072616,0.2858019654523263,1.451330942221081,0.983513612082495,142.28069418812115,2.7009633804668383,1.114359700597938,0.730758012368421,0.29421332338335215,0.3180829995771988,0.8288324715536399,1.168478915191147,0.5207704470759548,4.2553025152705075,123.80444205677519,29.54544925101979,0.46662408377103526,1.4722863741339491,10.009262712414062,10.512434464264508,0.10502982223722557,2.45
AM209.jpg,0.9660335291123655,1.2772430038017741,0.8457124837498853,7.246654871809398,0.3578762587298905,1.3130666337032662,0.7664791105373314,148.09430248713443,2.0420674147929923,1.1826053777586574,0.8052870376526935,0.3127806366830867,0.3854183836570567,0.845118729562805,1.17992050996575,0.49929809678574827,8.128511803948788,184.18647539773383,67.25591984217829,0.3907899940478659,0.0,16.61424804462245,30.88758090792868,0.10486254026294699,3.716667
AM210.jpg,0.9600644969867572,1.2935456904549638,0.8431224922238872,6.598971675365172,0.37407917337955543,1.2050936500465348,0.7598432797018817,143.35169881574484,1.840216733637158,1.178853964622867,0.7831301771858805,0.3349575106644044,0.42740242368261544,0.5645516370529065,1.108753923761705,0.4421289131916734,11.271247224478648,165.1455956369229,43.771549835396186,0.5832160261922588,1.2726860254083483,5.540388031151797,12.172265771349593,0.06655285050624246,3.9
AM211.jpg,0.8084754538271315,1.2224123279202164,0.8457429394884087,1.144565387490141,0.21797858021487487,1.338439892011009,0.8697024934869129,146.94438166058632,3.245139354869812,1.214680945552583,0.7617746682045133,0.31154715521963305,0.3608736908511151,0.7632528386658002,1.18307687184434,0.528167137260786,6.1280301860169715,162.4173604172344,47.97746787190195,0.41621076715224375,0.0,24.07675016056519,13.940900238568346,0.0810533574910641,2.083333
AM214.jpg,0.8791431905116597,1.3045991418826666,0.8752396388839845,2.457561336526668,0.2538070319837694,1.3474334828670176,0.784657365512332,147.70463988571038,2.9862129437486082,1.2046795613843724,0.7549453678214243,0.3099324139824304,0.36054765784062154,0.6046667188935695,1.1588037898627064,0.5051658971183819,10.245810494352426,178.89123048192425,53.061564630253514,0.4685668088490292,10.116017964071856,14.782100463231036,31.559725574617822,0.07892843904727188,2.466667
AM216.jpg,0.9399655849910429,1.2788086401076262,0.8067902189514735,5.282517260566772,0.31437124264062705,1.157701998566722,0.827964229920239,145.19330775084495,2.3344664774188955,1.3274428506557896,0.789246732287225,0.3438542251127984,0.32228188769224325,0.5368651282976814,1.2601084213620142,0.49312561907700725,5.480746561861205,225.48935641856934,51.13522488399937,0.524722333617163,0.0,8.643347255369928,10.306460218299506,0.030794977697653308,2.9
AM218.jpg,0.9756386943854338,1.263601765766607,0.819087250967894,8.274714750849084,0.3889781813220861,1.3054121026524825,0.8175598291581404,141.01454996549964,1.820706163856899,1.159268983994664,0.7766275863123188,0.3029627781379335,0.32761296764464215,0.6633192532258803,1.2123100626117205,0.5401366627486532,5.004198455111383,186.12817989162522,64.48353847341411,0.3540626112893735,0.33774834437086093,21.726586272962923,18.111820883050328,0.12244598085409449,4.016667
AM219.jpg,0.8260064206142931,1.2335051543906168,0.8395901203793661,4.410778152621599,0.3272925691030176,1.2083539117892117,0.8319077867171248,144.36128439582507,2.268101692274652,1.2445541357479877,0.7602156890049058,0.32898942018917127,0.4033455280178797,0.6250195313648041,1.1848470370661337,0.5070036916555382,4.47203733146988,230.0774968309215,50.39736215078682,0.44558937649987973,1.8873355263157894,14.62579957356077,2.109748873192544,0.05700364923298349,2.5
AM220.jpg,0.9172199607480984,1.2414289644432805,0.8749306951969921,5.745827169359082,0.30089697634968476,1.4168649933201718,0.8053082547132946,144.69098682489755,2.2670095720165953,1.1000817810322836,0.7968620599516398,0.2923530135163871,0.33297537675154515,0.46030658281070025,0.9771277323343502,0.5445513201836644,5.4284605035135876,195.00002936069842,39.21357700708188,0.44262228362288286,1.1413043478260871,14.753092624091542,7.365053182345903,0.030030332032429864,2.133333
AM221.jpg,0.8524837020675778,1.2869768014785437,0.8658039401797321,0.8166310161191448,0.28243408796682146,1.350831682144738,0.924245439132267,141.88821655422691,2.5814199393318202,1.172292182931761,0.7456386194411514,0.31714223364412136,0.3245104620519708,0.6794907482501517,0.9942589351075248,0.4923658750129154,4.96180998604134,149.99411091369015,27.150994584981504,0.6356902180035773,0.0,7.574212893553224,17.302551842622208,0.03444791153998947,2.366667
AM224.jpg,0.8675028625523016,1.2366854431974998,0.9094969662935198,3.305146535104769,0.22868744969413135,1.3094658473017218,0.7494515819260646,148.66751157356236,2.9553056094589034,1.2432181903500084,0.7837393318198789,0.3090552639649571,0.3089145465929979,0.7572204213418202,1.2226965773041174,0.5427217665922363,8.15867005461606,152.95563149083745,48.86667883660502,0.3718209752454472,31.468299918227995,21.92077149900904,34.1021578473837,0.03590271614978179,2.683333
AM225.jpg,0.9079373342516281,1.2225716552848485,0.8890372558187527,6.944895127434572,0.32893682724448337,1.286708959576664,0.6740174870112977,150.00449330668778,2.086646329753983,1.2313879070044997,0.7966866557388338,0.31731850830737673,0.2407994958287721,0.5074583421486494,1.2405617080841647,0.5652549871667303,5.082285020398961,185.44087842171425,44.02587842171425,0.4098297736900783,3.6864411591043282,5.289389705648874,2.5898959376882544,0.02208828037814492,2.1
AM228.jpg,0.8680034258342421,1.2566770460509304,0.8927140384485608,3.688888265350667,0.3028506938667064,1.2680965651400644,0.9383124339038296,143.4764343027258,2.445533878923694,1.1968566656099493,0.7363507292616365,0.32116161118197667,0.34389646214854463,0.6340616718267575,1.1764985336277898,0.5023949874080303,6.092720208724621,191.8552047842913,69.04503880918756,0.5078982144653602,11.150426230997518,15.218413789218724,-1.0644263221543326,0.035377255240513716,2.5
AM229.jpg,0.9332657540419184,1.2586339577004462,0.8820753264149087,4.366867459429164,0.3198195244930705,1.3236784946304396,0.8874589431567098,143.90589160366898,2.3108345375593857,1.1874652725569104,0.7597961800562913,0.3096942021432718,0.22749967191107026,0.7234048463542181,1.2014868401071697,0.5441325850467293,4.068813851948254,201.05621035201835,39.70045208519966,0.5136377158952201,0.0,11.877156659765356,8.505688309317506,0.03106713227575759,2.616667
AM230.jpg,0.8784406005388502,1.2319708000400682,0.9365294241312931,5.420735422599237,0.2756116641549796,1.407881504399909,0.7676727030664211,147.52628111020607,2.5004589797608006,1.1761327708500395,0.7803042995711933,0.30809077778993466,0.2973114679904652,0.5156405459464865,1.3188691680823144,0.45724310188273987,2.9228464626389856,195.16396014338892,45.29463164974101,0.570983620514956,0.49227799227799224,5.30915793953299,16.90077777418638,0.01863513214194459,2.25
AM232.jpg,0.9688170835856327,1.2668679673767378,0.9122473007974333,7.673036931917888,0.3324845650350122,1.3746835950897744,0.6829516073937058,149.365693006781,2.015080246336066,1.137921083083532,0.7965066631060291,0.29870028431390644,0.2749791369915556,0.7672778047707217,1.3672934977347375,0.5116327393669237,5.653349229068157,182.79607389658378,58.6762209554073,0.4146942093382367,2.951166024818143,10.992288418030991,8.689788065330447,0.026579392095379,2.466667
AM234.jpg,0.9183617696857346,1.2595292510446652,0.8425997725385621,6.028960097464463,0.32370024273743003,1.4252373521460098,0.9137300869775251,142.96217442748696,2.2841953143018285,1.1290953830277717,0.7672182235011848,0.29449150470036567,0.3382299316802162,0.6843763801153606,1.2443031770329653,0.48485821305216387,3.1788827374383866,221.63348731660528,58.78111342936492,0.5142643945406385,0.0,1.3828633405639914,9.395393242308387,0.051993527857693886,2.566667
AM236.jpg,0.7878601217649607,1.202466173430278,0.8774285834156735,2.233707094517069,0.271876540070227,1.2994666110642192,1.032587689128386,141.25543065354003,2.7884550394156253,1.3123721722055715,0.7641360788030552,0.3309574037617071,0.2408192876687072,0.9017954380906799,1.1192973980729877,0.5685014833531175,6.463877009073739,183.68521660242743,61.647270173856015,0.4703053880348828,15.983331504006227,1.975593330461889,16.996768051375213,0.029189962188956715,1.733333
AM237.jpg,0.8495299722523755,1.246324513545005,0.8644316637265281,6.239337243614722,0.33830500442682276,1.3086940405806127,0.7492883917326723,146.1991958960072,2.038750695096617,1.2285706391693991,0.7873352931370131,0.3173487659297276,0.3405848920021779,0.5874398349335345,1.2680404042709268,0.47272648504935705,4.974840708557062,209.3747780877016,66.07419253142314,0.5276739790509688,3.03041020888892,13.879525787315789,8.310242097251717,0.055240580413379495,2.016667
AM238.jpg,0.9008049272332483,1.2244302793691217,0.9658403097974313,3.618492341221378,0.28618727255194587,1.3442526399886972,0.8637556842539573,145.72110313662014,2.5112564778360524,1.1068860741448834,0.7456213251816858,0.30591950718035266,0.3362174315851558,0.6087026290314939,1.0971714745859977,0.49924393527334643,6.334180578524553,185.22155033603326,45.75542884070617,0.5265432500629981,0.9500745156482862,8.499190938511326,8.779548261691517,0.04656962597954552,2.2
AM24.jpg,1.0265241321416,1.2698162962607522,0.8724612280498613,7.120708059138053,0.34818239039723503,1.5051118195568436,0.7524295912542583,144.86176534756564,1.9843253198058348,1.0860732442742767,0.7999675944754745,0.2904323223854019,0.42128815662148855,0.6363505188121775,1.0137039646697936,0.47183287398285406,3.6157448667548575,221.33789136375748,44.7600366924772,0.4574977877724722,0.0,14.76842231894836,8.031156744648811,0.02092514954400338,3.133333
AM240.jpg,1.1390020260986626,1.3230125786849625,0.8285793204250189,10.971103727064886,0.376741877369706,1.1246468345132639,0.6958591591833608,146.60851101286727,1.8854779376989979,1.2508673853454617,0.8174861677040798,0.3405912849539276,0.30885709378330306,0.4381451912543313,1.119453600902262,0.5088212213469873,10.8366640304331,187.39380963828893,93.09911415695298,0.4708534669511681,22.333099621997317,21.802234927234927,36.29583764381431,0.21410239319843835,4.033333
AM243.jpg,1.045309954550882,1.2549052863048646,0.8373814449314289,2.1064044014232244,0.2772347302289495,1.1856438595513703,1.0348581638979462,139.0768925434288,2.7481084589170273,1.333813829119013,0.7647778718208159,0.3449511329900043,0.27569853287589735,0.7581084029977601,1.1665274274098332,0.5472186277926728,4.681377527011371,152.16572734584753,51.34299131501902,0.4229799107540595,0.8141762452107281,12.816157642545065,15.147893016604627,0.08206178146796904,2.6
AM245.jpg,1.040222906070088,1.2594460804161725,0.8527058597583601,6.9259826741076695,0.3254900472001899,1.3069210155184001,0.7685731106182425,145.8632836592115,2.1200096846170315,1.1878804258075668,0.812518019258404,0.3142079645372118,0.25823103087600346,0.5680549098219231,1.1955083641233684,0.5314580802791611,6.79287078492214,203.13737819767988,39.91818627848795,0.4657620847268255,3.2865439756568553,25.300509731232626,10.830067403591073,0.06010651248504016,4.516667
AM249.jpg,0.8708215830760273,1.2423894169807865,0.9062992349579573,5.69352612752869,0.3386013052241243,1.4209481660313665,0.8223844880132138,143.7104514517082,2.1557420001371828,1.1270233140094335,0.7677886996893197,0.2930611760395844,0.2597692411523837,0.720279433142652,1.1585887502032997,0.5322389897848137,6.77810486780802,169.6625240659289,65.40061930402413,0.5247684069948695,0.0,15.10583767965026,15.558518353702198,0.04182795577572626,2.433333
AM257.jpg,0.9584422863695383,1.2434796958543968,0.89926286025747,3.814570438388554,0.2982001545701583,1.2038443023310867,0.839327812809571,145.14115564324777,2.354687703743881,1.2916250415662895,0.7618720083993796,0.33316236654711934,0.2628649722942827,0.6092312056293379,1.1989627441327528,0.5279581824840143,4.296756931946226,196.54437877197938,53.461613436049475,0.48112382941409676,4.122238527378336,25.239514192910605,11.994015467702795,0.0982019241116068,2.616667
AM259.jpg,0.9651952966997335,1.2414865228380016,0.8208997594953874,7.216855208037764,0.3735050646661904,1.4255610736170343,0.6403280320514372,148.3911360557358,1.7863775752302378,1.10874223236514,0.8036675903065903,0.2903769586660608,0.3247082228252316,0.4980000489238816,1.2122227208690899,0.4323351049269955,7.337880953614675,196.69643963153638,41.84464322435073,0.6893055270234371,0.0,7.099440054573361,-1.4535828021661246,0.07003635978100467,2.283333
AM26.jpg,0.9308631997563087,1.3021288547436518,0.8388981316376466,6.041899372759756,0.32074910150009095,1.3557710379281158,0.9337674476460892,142.92319266608297,2.3671906880126525,1.1657303301740436,0.7807296731344423,0.31173860862384617,0.4759826850402389,0.6430094776643737,1.1991881951700474,0.41674149436207025,3.1691181625687443,180.33852419240026,51.22071892074885,0.5724770263940823,0.0,12.905208788011056,3.6263307060243335,0.026792096302921065,1.966667
AM260.jpg,0.8572319215165172,1.2590372944957293,0.912658210016262,4.662023829500323,0.2849278387387557,1.2408292647313466,0.7683326954587743,146.45614957654396,2.459565246370218,1.2156076645700449,0.7726559672642784,0.32795855757815756,0.2783664275666104,0.8090631085905646,1.2300693138403131,0.5318565275935999,5.592250187131461,212.04948127176056,57.553489287792644,0.4766144241727031,2.1744186046511627,13.626218142586795,15.651111048746884,0.019379764332546685,2.75
AM262.jpg,0.9881592706452671,1.2452425691378748,0.8289520913178064,5.378273205860253,0.3469802346444064,1.284297555510046,0.8442449618433382,144.36420076150105,2.131602574274616,1.2716949916607108,0.7839572468063434,0.32223891109867947,0.23288677749889614,0.5170346103726278,1.1973396323906265,0.5596923005766323,7.7956697969904605,174.98747240552484,53.821584555057555,0.4455203943997869,29.82211193494379,21.44244124673593,10.217263112130041,0.05454700593759241,3.183333
AM263.jpg,0.8855464783781591,1.2674123130018489,0.8803332119671731,6.41976542717897,0.2716874346069268,1.4311968156160064,0.9859521034344535,139.9260089719499,2.730242941548183,1.0702281479210685,0.7388506047389252,0.2929766754608497,0.3721399514504544,0.687195517251971,1.1667086574265029,0.49143015433014064,5.816915000773972,208.2356845955291,49.897234303131455,0.4917265767719425,1.5997490589711416,13.962155388471178,5.464671148549172,0.04153123948993257,2.25
AM264.jpg,0.9173900120458246,1.2085467216768035,0.87139672854864,2.7471399146946656,0.23676306906746944,1.4488331800948488,1.0173818221683049,139.54833847215215,3.1822870113645276,1.174197824039782,0.7377239224732139,0.3033771962018325,0.32132509481615706,0.6602096814360939,1.2263146792898807,0.46674015295720983,7.9597026851510595,188.57179705605512,62.57865106565072,0.5639746032110475,11.06475300400534,22.25786754903828,25.66771775754195,0.03329750243230026,1.533333
AM27.jpg,1.0689328705117325,1.3086268596939095,0.8019134688717969,8.25799394930837,0.3734861700612753,1.2179726930865904,0.7289419844636637,149.31901343492876,1.97751672636201,1.2338790890873785,0.8177264748249193,0.32937193649249286,0.3277342228916984,0.6410525670659089,1.134897701740707,0.49005805556514814,8.602400702138905,182.36514864671705,76.31870595897001,0.5247680398553167,5.083056478405315,26.212368262676875,18.9976153681351,0.04357666046306864,4.05
AM270.jpg,0.8846172878697799,1.2667897822955676,0.8660708599506881,7.331966527412986,0.3684571968054883,1.2401417980472722,0.7952256406272563,143.2121225682498,1.914369280772109,1.1967170805841443,0.7815203868487205,0.3201521190198891,0.4492724814829085,0.6940224114083946,1.2032122173204356,0.4304177160005005,2.392414728840051,207.4382145561467,48.52042575387881,0.5570275107806595,0.0,5.011007827788649,7.42315871527282,0.0553886001095014,2.733333
AM275.jpg,0.9811895863333083,1.292514284827612,0.82231613971227,6.185732254861807,0.3435864311063678,1.3657906668943482,0.8500802368637578,142.4061267980071,2.0943447888771862,1.1046523935165393,0.7695136881008684,0.3021040691285765,0.38998380786000864,0.556178329541438,1.1798005643438783,0.41441170190729476,4.320691174506148,200.46558911775233,47.86251219467539,0.7023123037169003,1.3628266033254157,2.9270186335403725,6.104259373073148,0.027521952895559608,2.55
AM277.jpg,0.8972865018090174,1.2434321119639598,0.8858645106534714,5.865545531253771,0.32512118992928246,1.3967131060332905,0.7684329191560193,147.75787851029028,2.1819663581415827,1.1941606775583504,0.7902101384473853,0.31061970302154607,0.3114523606137637,0.6741693247297779,1.2765302257718159,0.5074675180281979,5.158013057080372,182.52548303666515,34.11930043422086,0.4385305131911929,0.0,6.66244015362761,6.533237191250251,0.05407876060794272,2.55
AM278.jpg,0.8452171446600353,1.2768496505237574,0.8315699173755327,1.3428960749686565,0.2948390144525793,1.2451978154585475,0.9464932560804413,143.33666542702707,2.5541376004104657,1.31142933640395,0.7594575617222851,0.3361022921824686,0.368197345832009,0.7321261713989516,1.1693152665493418,0.5202382722843522,5.320129372522178,184.77014551774226,54.72060731455167,0.4263994256203307,2.5958053962059306,14.145064205457466,7.928539693178394,0.024630816847762534,2.516667
AM285.jpg,0.8993978810054344,1.2516146445732168,0.8798777464306827,5.274932021031287,0.311051216305965,1.1723035154067354,0.8250620474985814,146.35665249925603,2.2073507442833638,1.2407186460804214,0.7926826906983623,0.32805931422926365,0.32899149670852257,0.5307024433286944,1.2064700889290905,0.5167668173988395,4.3558964448233155,194.3284600180565,39.463876684723175,0.4487909004502103,2.765726681127983,13.649038461538462,14.946293014036343,0.07792881073285095,2.883333
AM286.jpg,1.0413578532219334,1.3282113219992786,0.791305549459522,6.60970232251449,0.3662104898551679,1.377751448926144,0.8480157659147962,140.85308527532982,1.972244412137378,1.0981886564817065,0.7666727168923378,0.295034477270064,0.39378124648264307,0.5379185811889169,1.145904964291768,0.3900174358559996,4.903874553846195,222.3933900366248,27.718880232703242,0.8221448348160274,2.1486758860086224,38.46396501829943,12.443958218442972,0.07434034907693235,1.916667
AM287.jpg,0.8507007418137723,1.2429109628612354,0.8997525047328975,2.8125654407137435,0.30938119404495945,1.4603428592053018,0.9008714228557035,142.47283539842005,2.396538998552231,1.1458572144075956,0.7380485991545243,0.29966198327969457,0.33490707219794447,0.6624633890462532,1.0834051883821079,0.5280748059089699,4.186179387674331,197.44157188646219,34.78124838503496,0.45081813095238193,0.9458456973293768,7.756993006993007,3.2658488290546046,0.044109905572263165,2.433333
AM288.jpg,0.9388033351557684,1.2671300564423715,0.8110246969003632,5.043433783011164,0.29943041848599644,1.2799790452188273,1.0237414046706115,139.8037926697673,2.582978721501823,1.2947067564629637,0.7615988292470365,0.32433236522460884,0.27670375083563464,0.6785026921321017,1.2712533333688236,0.5092345292767303,5.769791495901371,180.71718914298503,45.8735187946418,0.510048656371565,3.791079812206573,12.405494505494506,11.886254979014922,0.055421877087973345,2.216667
AM289.jpg,0.9502449261555437,1.2403660737845286,0.8710250090761444,2.7936741848192943,0.33170466454181735,1.4079364793255278,0.9179595297811132,142.39633154622334,2.2629834504314608,1.095343789807459,0.7406710738428715,0.2986632065593064,0.35881256571946696,0.656641296476785,1.2066140211724496,0.4842542885090074,5.816196644465261,187.7301892319967,44.89605953916393,0.4789132380846125,1.091075794621027,12.94788327018362,5.754586760566568,0.029247550371633957,2.4
AM290.jpg,0.8108575720989415,1.211824651608808,0.8826667630546019,5.149140252949503,0.3170027471957627,1.309272525450152,0.879135029841892,143.06826139741287,2.347091956617756,1.1645097659038162,0.7429723414227278,0.30991286775366933,0.3666212257141693,0.668956618724798,1.1441900937706329,0.5110517137616701,6.023808668172656,175.80005966754715,41.97986262321217,0.4824589280376293,0.34006045519203415,10.774559888272265,14.398419885472578,0.01793974172032899,2.2
AM291.jpg,0.7883730971758126,1.2182139616902494,0.9340579865392457,3.4012925263054656,0.3081350050937972,1.295159571780854,0.7370860395349084,148.1855383839859,2.179153022716679,1.19408519143846,0.7565576568720401,0.3072697073728759,0.32463160761055,0.771480890459525,1.0755155260737252,0.5536195669926272,4.121593403928059,169.66851620686418,64.3365968007136,0.4224415661088335,0.0,11.16473080534812,18.499641739427545,0.01423450515098704,2.583333
AM293.jpg,0.6982538308240769,1.2155931425177378,0.9812221360487333,0.7175397557610329,0.24657693086629978,1.3451072543793992,0.7927698296042806,149.5876366522241,2.908964156995842,1.2430032369619815,0.7232366001327012,0.31878455711628567,0.36159400548121545,0.7792471399301626,1.11307815708142,0.5474138853904956,4.905983692033308,187.6934464521916,59.90195354143265,0.3785314412075929,10.57511737089202,17.509380153410895,30.035677229113915,0.027275938587972066,2.15
AM294.jpg,0.7722198940726732,1.225595546822199,0.9085088627653162,3.653730154082778,0.26111051866555657,1.33701856367163,0.8200122732837919,144.29109083882753,2.724598649648994,1.2312230308821992,0.7569880758851587,0.3127881857830975,0.32354848499594857,0.8509249247242464,1.1198061467949019,0.5813186192931028,5.703285357842676,180.23810636517248,55.14976050051084,0.33486963141416964,0.39596273291925466,23.779196863490554,18.341383418437957,0.056132274081019826,2.65
AM297.jpg,0.9614553345921635,1.2210217847955167,0.8001917078106103,6.300967872792244,0.2662633213209076,1.3896116983414206,0.8085124594071951,145.7191954867924,2.746360479191427,1.1932747258263978,0.8146887372521552,0.30186846227445613,0.3175750246435058,0.6299794180384005,1.1883319370594563,0.53278623118895,4.019600420165245,219.62109604423176,41.43369833555744,0.3953514391225147,0.1725304465493911,23.42990978487162,5.034171590635893,0.1114764960790717,2.166667
AM3.jpg,1.075267501939378,1.2724951937745466,0.8353990970983305,6.643349478698452,0.3379903111031427,1.3485838624386277,0.7491391096055713,148.99698368441287,2.1988281595432126,1.1336573720785583,0.8084724568781021,0.313050030981873,0.3698136379793823,0.6200549177989703,1.0891294767417674,0.4895426332051398,5.072146056209749,190.38279156461257,55.45283987379133,0.44900037655923497,0.0,7.066327787829931,18.55507516243516,0.08027674373363748,4.05
AM300.jpg,0.903707989853963,1.2540568081994783,0.8861004198148271,2.5496217178754015,0.23174160573363353,1.2837866113137395,0.9711102609477792,142.7116935044458,3.122160456562086,1.2695833960839444,0.7578961789122591,0.3221913794165125,0.2561806138361794,0.6297822358516414,1.0865668077152033,0.5675422380032933,4.139449861505052,158.66997774849102,41.739945455703094,0.4337317695008222,2.870860927152318,19.136488945987903,10.173364906849898,0.06468672742040597,2.433333
AM301.jpg,0.9034768494558684,1.299535646617301,0.8383984940850152,0.5576136329560233,0.10816273926985598,1.179652246389064,0.9208223358388646,145.9774834159649,6.773258980842305,1.2370302914298184,0.7825883699237592,0.3273937920049148,0.404604368550506,0.7191273792725804,1.198870189632909,0.5027910112106967,11.296336067378833,192.4674476792961,53.9014779604785,0.3951446768909929,5.2372521246458925,14.826105551278761,10.94005134755767,0.08759934741904571,2.616667
AM302.jpg,0.90306847584383,1.2204133748254045,0.9425143756194335,5.094159206745266,0.290404814099341,1.3396993956913588,0.8392806720002773,145.5327784356349,2.447625523406711,1.1946736677639975,0.7575407331890495,0.3123078957596597,0.33051029200610776,0.5486884249122949,1.1698328425939895,0.4898133049880515,4.8463057874382205,221.0863064138926,49.95336822591631,0.5125695908521554,14.664618144845171,21.711751662971174,14.725906344239576,0.04348077642741537,2.316667
AM303.jpg,0.8658509375694853,1.2588054055388498,0.7907753788861204,2.621577765045492,0.28057484144565464,1.2835664617392135,1.0838193904315832,137.57176680036497,2.7685912584711554,1.2567366894650425,0.7640160135223635,0.3247515749069064,0.4110774176329168,0.5957779226456277,1.067023732404973,0.43840938909297383,4.986074122833552,197.06066508342678,28.831000011656442,0.6970595918283123,2.2551020408163263,8.305123406246345,7.207745263860289,0.04171315390804666,2.033333
AM309.jpg,0.899947400639991,1.274894667391243,0.7993826713728626,6.332947922317041,0.34405279153343143,1.3597278855588681,0.765951747844185,145.8770310892566,1.9900612896190715,1.1393563176889414,0.7918542392183765,0.29967351065976133,0.42542123838201273,0.7262408633676943,1.1836014159074004,0.4534442421881412,3.319383789479795,191.085442504862,59.9163312020147,0.5215745878402158,3.737127916331456,20.22585874518051,13.757336145545437,0.019762432997352287,2.65
AM310.jpg,1.0148307216816495,1.2823825692708415,0.8554493903478309,4.532261336409703,0.32396130283970936,1.2311322358304615,0.8753932320591806,146.00523065481474,2.3166862853439114,1.2034589845908283,0.8002944182121813,0.3228674982398156,0.30277316044625263,0.5545860263421789,1.2705370570408865,0.5430121733776586,6.828171433445485,213.57584406418982,37.49998702553191,0.376930199982494,1.0402097902097902,10.6824094456674,7.303074496503527,0.10105434796530761,3.583333
AM311.jpg,0.8874121278120337,1.2589095098789835,0.9451126881942683,5.67094986738978,0.3080999117985902,1.3440452897076727,0.7694561645506728,146.54353950214397,2.338154241669183,1.1526879087913164,0.7771328897727952,0.30767065994117265,0.36979800437166027,0.5719905081932708,1.132719660226207,0.5227758227129774,5.24989387208696,208.09372941022562,45.59186721283271,0.3749485505990733,0.0,21.499560826996547,6.296537920863926,0.03660046586001368,2.366667
AM314.jpg,1.065192356489509,1.3110779757267226,0.8073969748209566,5.932034817689039,0.3426571355282842,1.269213375509777,0.9781619390479216,140.87252013103978,2.288173405470302,1.2217807547302317,0.7968769964105177,0.3241364494310223,0.27060781438012765,0.49769933973025554,1.2850655275240817,0.5558913463115963,6.552841693435749,198.76103315072186,38.98471736124819,0.39110604386970477,0.7142989843943521,22.917692870931237,1.9319535960110272,0.09966978177130466,2.883333
AM316.jpg,0.9012447979354873,1.2389799115535642,0.8628527147071677,4.209119719500563,0.2898112748909176,1.344884250849454,0.9065678021695072,145.0652730587612,2.6838561188004735,1.3073525782070776,0.7705657480280098,0.31439441179591693,0.2757941315829578,0.6277866923281612,1.275483989112326,0.5199357096183612,5.265651692833734,206.86094773485127,52.730043551315504,0.46817293409050853,0.0,12.350459780376752,16.33633804284429,0.02729966064591684,2.683333
AM317.jpg,0.903902723598635,1.2659547624529448,0.9309811593012571,5.514771542772331,0.292687636647894,1.2449444640407852,0.6850807571585336,150.80266432626212,2.2960008270707912,1.29563754948879,0.7958946102137275,0.323288010544287,0.26119972809402286,0.7256820794500619,1.3596882952544445,0.5501927103062215,5.626181060842477,166.83632897603488,82.05318658650951,0.35445126514078684,10.548288548160375,15.092329545454547,24.378779455666134,0.04893010567535422,2.55
AM318.jpg,0.9289394965570484,1.283647162080808,0.8576911897476319,5.701364922791425,0.33878059163053587,1.2827632995161047,0.8342238695002541,144.70670417790726,2.192775788560261,1.1227764211488434,0.758115989445796,0.31849671685646325,0.38877746446642597,0.7501878842530469,1.1456111598741152,0.4781334429218383,7.545519293041988,182.1923938106159,52.06599381061588,0.550185334810275,0.0,8.038740786511894,11.783758360649813,0.10877003559929892,3.566667
AM319.jpg,1.0784469986697764,1.286721887713644,0.8354581985753378,6.065956649331278,0.3573391398167082,1.2523760395973018,0.8483487187751478,142.91422567635368,2.0342268575559075,1.13731547367764,0.7858526823417553,0.3218052884258755,0.37497870211550954,0.585877718588382,1.167259088005799,0.4517119854752803,6.82525783038186,186.03568269704604,45.03813768886272,0.5604076172078725,0.16159695817490494,6.3248345703299655,7.075105058462668,0.11798632583692614,2.95
AM320.jpg,0.9725028496401348,1.2460364090770748,0.8367053583925171,5.165638561806855,0.2902169856253911,1.2455502391070787,0.7335821551932299,148.5012517201571,2.361789005132512,1.2501555176948143,0.7959149078419095,0.3219161669475757,0.28633359841918343,0.6972784798774417,1.2956513006262371,0.5283053731158099,5.340337620043889,191.10264829142992,38.647471523753126,0.40127894105594164,0.0,6.446428571428571,10.718997408990987,0.12990307162391623,4.316667
AM322.jpg,1.1163294590259045,1.3139502703468777,0.8457583068040251,9.586004732269426,0.3922094648154285,1.1378842995494192,0.6754631483139053,147.6574759464958,1.703432748307861,1.199932112671569,0.808215180148852,0.332459478914976,0.4379616820315042,0.6013140735676046,1.114550187711868,0.4299466034011751,10.975349864130987,130.2431930286029,33.07268943148058,0.5170848855082932,6.711443680972767,10.808130081300813,4.6791794082962355,0.03088893823823725,4.233333
AM325.jpg,0.928621550553483,1.2514846855539679,0.8108092953988387,6.128989481814319,0.32145220793645024,1.3344328858782426,0.721098207639094,144.8602073726862,2.0836907794319197,1.1049942491761815,0.7554320006670365,0.2946878814019495,0.4492035813703114,0.8636885462770152,1.0931554978439084,0.4513899860014723,14.0339731986038,186.57096499213026,42.323271265193,0.5140718801245266,7.114703277236493,21.460740566375662,13.181642303454964,0.051601312164613534,3.65
AM328.jpg,0.8074553832188274,1.2603522319699636,0.8593684709227993,4.0799786081930245,0.30775088797191963,1.390307546618788,0.8655241007971429,144.22366450803065,2.3397470416340975,1.109863796607609,0.7583556017682325,0.2972884391245287,0.3005287567077027,0.6845552740883284,1.119957959725199,0.5519798376413494,4.036266482497824,170.63226677860555,49.29156910418695,0.46303603080595857,5.613526329987364,10.54710528304739,12.530222529697411,0.04940957920720529,2.716667
AM329.jpg,0.8635824047415631,1.2488662940374027,0.843127651728323,6.46792293763322,0.34173796049560445,1.4340118808083255,0.7571040789246122,143.84462086901374,2.003782798796277,1.0969260825760319,0.7829514633247416,0.29587943092331853,0.39703227718807865,0.6788082451114089,1.151640693678251,0.4978361225578528,3.296584840943915,180.40170704995302,42.057017671195496,0.4227243907382009,0.0,8.788470411319402,14.695737908197984,0.055739388362687936,2.566667
AM33.jpg,0.8891796539224593,1.2866181882256782,0.8926090983506897,4.954705553200467,0.2740019006072297,1.259145865766927,0.8916893199585547,144.7292949442242,2.5715357799877223,1.164796030454558,0.7661601980205478,0.31805800828159897,0.326918150149385,0.6320712852779224,1.1351612341022397,0.4905557134909278,4.729082203543275,194.64415327015098,52.308582800352326,0.5712567209956817,0.3923076923076923,10.46678761213645,13.071876150238111,0.01832793092609837,2.433333
AM330.jpg,1.09356977487884,1.2669725975802943,0.8765770531568586,8.68510139417322,0.3528982915871942,1.3308013220893424,0.7423595858171946,149.28078146855066,2.079188401278997,1.1530583591876222,0.8129974990406565,0.3140912221770845,0.29085709435440676,0.5027095066191059,1.2462193635151901,0.4723247316389462,4.620696941193544,182.91192009814333,49.37314458793924,0.5469631187810351,2.9929577464788735,20.05521959815646,10.711376805752366,0.0326494647332355,2.783333
AM331.jpg,0.9366718859763534,1.2547866878035137,0.8518326550995899,8.061190953059043,0.34279435934038766,1.4673622281206562,0.908786106535962,141.4467690337826,2.1609378234359964,1.1141030064822621,0.7803894597961983,0.29153350017504653,0.3435518844678355,0.7611352450200078,1.2358175454811386,0.493694869712487,5.942713039030691,210.97130530414253,58.485485328803435,0.46627378119289403,2.105267968121664,13.43586494440811,10.279950088121524,0.03159458248847704,2.383333
AM332.jpg,0.961991474227596,1.2660352766401193,0.9023154843679032,3.927577663927515,0.26499892069407677,1.3299453429400143,0.9845047350372667,142.3945371966471,2.8170181145808013,1.1829163924786417,0.7588823885024898,0.3087470516718449,0.2887956589561357,0.6632695466074779,1.1737405706231618,0.5361042916568924,3.5001695731780877,190.82540972514698,61.46278346252072,0.43627580554698947,0.19318181818181818,18.192606045681217,20.466740370308287,0.021727845195691507,2.666667
AM334.jpg,0.9750340483412967,1.3351180183297384,0.8286668777632433,6.491256299506097,0.3208494692983591,1.406663644831775,0.9066945373960222,141.95017267438104,2.308449973596292,1.0828423682533777,0.7548560325399104,0.2972272533091019,0.38886167867957183,0.5656711871071263,1.1202502812775021,0.45471512978209155,3.315042949689989,209.63760218996575,37.48617361853718,0.6043526173506785,0.0,5.484157877113678,6.027732618902135,0.03353642380407591,2.533333
AM336.jpg,0.8301741535859248,1.2332616859967644,0.8189445129886055,4.6148721227627885,0.32283999476502256,1.3918796251487537,0.8604715823704333,140.28867645638792,2.0842513290103106,1.0985031923012045,0.7524909687762338,0.2910056889179933,0.4161280945904794,0.6892445106902599,1.2246599575097026,0.4700806173313755,4.4160100023647715,146.93088350875763,46.72143130682423,0.4749053554583028,3.7073324905183314,7.305235602094241,11.865690247223448,0.05113087909162915,2.65
AM339.jpg,0.715714802040102,1.2460230704712754,0.8650458620198026,0.0987824395049011,0.33104626750624633,1.2523344570887505,0.8980997315276674,143.0320028726778,2.124179215089906,1.19254488521531,0.7325482820225362,0.3181784718519454,0.3929297893745798,0.7411620853989123,1.181495987137426,0.5123559654009927,5.451809014912818,189.40941442232844,42.439982107917956,0.47610283903207457,1.3823057733428368,12.48248086615643,9.293353064965359,0.04009760005237634,2.416667
AM340.jpg,0.9283783348290809,1.2613491621040438,0.8409278160275997,5.430038307306026,0.3093557468395889,1.3260880467359326,0.7388705827504086,147.97450393388544,2.2033246443099777,1.1053503786899512,0.7951633738796081,0.2990144256763368,0.46830040063171435,0.7310528233194602,1.1777840732322735,0.47244134425329076,6.084026485274638,197.8895831774302,35.08705331095095,0.376426984378024,1.1486590072866316,12.50894815640124,6.278375946548849,0.03921029785529713,2.7
AM341.jpg,0.8859954736255424,1.2175712692431688,0.8623833623960443,5.956457155972464,0.32766864322500366,1.342480930501115,0.862230096950535,142.48954958938765,2.1954601375764073,1.1318042640236625,0.7798095517002146,0.3079013018831474,0.4024245412469511,0.7918025946713731,1.083671902002639,0.48136285034141785,4.901468624059985,205.75780495926006,51.86266429429841,0.5183651779349938,0.3236040609137056,11.87514619883041,10.25301401964937,0.06794144012089987,2.25
AM342.jpg,0.9126134905440052,1.2841275527002254,0.8383660129638467,5.7401850096672895,0.3447330335164688,1.2747619053309942,0.8711516074385209,142.03884695185707,2.1700645111733428,1.1536834230020636,0.7742460483515825,0.31299860851903655,0.35419091489423876,0.7337160591527792,1.1998984078213548,0.4865477998843004,4.937209245542981,182.13982051738003,53.68152159087302,0.5253130990108266,1.7561983471074378,9.413510825148755,11.045300440833998,0.008546990943075403,2.75
AM343.jpg,0.9696846901292971,1.253227562287241,0.8380351080370043,6.464944741032596,0.3538178411540144,1.270989526542902,0.6772011122129428,149.30825892516106,1.950376267942889,1.2253565647655538,0.804809767311428,0.3203388755913248,0.2890703179442547,0.6281299891996349,1.1739104666649067,0.5124532709447156,3.6384302527066663,155.09034906676237,42.74561708894352,0.4979410766997884,0.0,9.954892151234315,10.684556742114054,0.027055531232479935,2.833333
AM344.jpg,0.8943195225656237,1.2776101996184985,0.9001419543066398,6.87968849095706,0.31721231589482213,1.357895641032569,0.8020765902355811,145.29863863001526,2.1852853350383095,1.1460295526536814,0.7930596842268637,0.3084074068025704,0.3772422807708753,0.7993566727769892,1.1775981699716889,0.5020145408340801,5.219527463553268,200.83843278299145,49.366855521182,0.39966970325936585,5.956242350061199,16.743861607142858,9.201937076117858,0.0498980859201959,2.133333
AM345.jpg,0.9239373974398295,1.2615303845135566,0.8221952939214202,3.7554666093162385,0.2989250801061626,1.458213590579169,1.0204806760004073,140.37264831283701,2.501455293279331,1.1047230887219246,0.7374178715980504,0.2962280368904526,0.34301757668849026,0.7054078702572313,1.0999949592587723,0.5010878139773138,3.974136347385099,193.65104626625114,55.964495290112296,0.5286096005911959,5.1157407407407405,15.872364683014354,8.954791891797953,0.034114861703916546,2.25
AM346.jpg,0.8491425735540361,1.2377660595966846,0.8144068851089119,4.7147100397554285,0.32066822498394854,1.2696922673242854,0.8683108911605373,139.82051267424632,2.124205359891221,1.2067497489384718,0.7667739642135233,0.31139255762274687,0.33266152980732633,0.6545839327532124,1.2216841000352474,0.49524795030511876,3.659640350870806,193.35660389094886,47.868498886847135,0.526270152274015,0.0,5.897876077930373,17.08736240654342,0.050266534645865654,2.583333
AM347.jpg,0.8546018627597991,1.27788962420389,0.8151517967205906,4.65003331105712,0.35515760747290936,1.2225226114769774,0.7433499483750643,147.29691265816047,1.9385551181403755,1.2329979091944343,0.7737857649802268,0.32462984963950947,0.42248079683583456,0.7813424040325584,1.2269989096088225,0.4525816482990282,3.629672950784121,205.70196011633087,47.78959218593934,0.5292130037517512,1.4580686149936468,11.49055946175294,7.724834811080569,0.05751734174885709,2.433333
AM348.jpg,0.8742185303239287,1.2497183923349167,0.8870904952595026,3.885805767612056,0.2833213995437471,1.3706996792509216,0.9622317460726365,141.08635613228353,2.530059648499587,1.1270193256178829,0.7397507513803695,0.3083633496852778,0.4052114360575522,0.6199214799436454,1.121162526889599,0.4773520441244337,5.055213965426095,185.76334739852143,42.93608171300633,0.5043115921972083,3.0146036161335186,11.226237842617154,3.5845769244282053,0.026881671948865527,2.066667
AM35.jpg,1.0186622707459203,1.2964027885373763,0.8612631664809404,4.281246825004782,0.3500018728142753,1.3124652781668034,0.8481058855456308,147.02113977637987,2.1121119924398766,1.1794983192084405,0.7934786318927706,0.31778994607453004,0.26281375770650095,0.7141806663055745,1.168716123811201,0.5509661561270902,5.896224134721026,215.33127187031906,46.243425901606656,0.4378004351971079,0.0,9.046740082592919,10.14868940077747,0.07282900375181409,3.15
AM350.jpg,0.9046565213599765,1.2531431610912642,0.854445634472365,8.005698750324864,0.38400025606856086,1.2992777587085138,0.813881017219594,144.34235866269478,1.8826720643925838,1.2092765316259946,0.7872179532245029,0.31769158188792535,0.37640093737264996,0.7331514331962281,1.2838875811242623,0.49989184712789975,9.525906543907674,208.55417803625934,65.29394785723119,0.39317097867112,3.3094262295081966,14.864583333333334,16.910014880134995,0.07965482883084259,2.35
AM351.jpg,0.9458686658407418,1.2570313789791525,0.8855610143577676,6.4521285547031155,0.344783239502251,1.277590247909695,0.7759859032100588,147.72374833963937,2.0957807814088962,1.1976428886253907,0.8048124498343666,0.32165502019518166,0.36463714719043416,0.558488940727018,1.1374826924265453,0.4896208620029652,4.495079555096202,197.67442068124996,45.46065921336003,0.49256446484766714,0.0,7.697639852742045,9.830977770253867,0.020171755334941636,3.0
AM352.jpg,0.9407736973980423,1.257890324437477,0.8692806362371983,5.228552499009654,0.3500187121749994,1.3349445770383321,1.028608789913814,140.440630424628,2.2533745335628175,1.1763759860956058,0.7576095559062331,0.31733952231270973,0.32913720262203183,0.6689119058295425,1.172433922896271,0.5162368082367109,3.9517136745954806,215.65998894919784,54.10336501757388,0.47029675474408805,0.0,5.244938352148748,4.870371144207198,0.026861642096833505,2.933333
AM354.jpg,0.8521011200348887,1.2694531007619132,0.897696581697924,5.044625757189797,0.3395677995985369,1.2692105124847441,0.7964005873046123,144.76513637812803,2.080593453435059,1.1667420719221786,0.7515905402317696,0.31916612447914294,0.3491298626742828,0.5977124167744229,1.1766835396997999,0.4819105270948552,3.4887293415212333,215.5397348065418,54.25377879977361,0.5627956057613209,0.0,11.232729163571534,10.936142492423173,0.021928590795640586,2.616667
AM355.jpg,0.8804964427474612,1.2889655526389676,0.8494646530265174,3.6851807877139002,0.2914490987516607,1.300260220461794,0.8646300783248158,143.62576460155668,2.599017987010029,1.2300305627346357,0.7609123520061222,0.32028215939803756,0.32060688360167616,0.7770302739594049,1.270089345938724,0.5513278964790599,4.878370427139206,220.23879315792286,58.623918342017106,0.3546479679555734,0.0,18.8471412079232,18.425394223554676,0.028526187348484056,2.65
AM357.jpg,1.2005307924868347,1.3344445882749054,0.8620984453758244,8.549040563843839,0.37478090362640104,1.1055567168974425,0.7238910385383561,149.35572677580984,1.8804986954484868,1.2208512152452273,0.824015971568038,0.3405743791925227,0.3287775267467166,0.5090591220314027,1.1978038519274794,0.44492105924407743,5.118715226588041,194.32510133659122,59.94410743946827,0.5660849857157633,0.0,23.441445217537094,19.874802248325054,0.02802596169814402,4.166667
AM359.jpg,0.9422751073106441,1.2712543837224632,0.8670046769534985,7.745474503269941,0.36235929406797923,1.406623278999338,0.7647340813959723,148.01625235682147,1.9865827173635036,1.1300606080294067,0.7816083275167601,0.30156913605589153,0.3347211517699004,0.6430946066956265,1.1762209686565908,0.5435075123530293,4.987401291667763,189.71414698195758,31.496220795665863,0.37884746867504754,1.4583520697239005,12.530196248509162,0.6406189767019725,0.03654008681374018,2.366667
AM360.jpg,0.8870609572581003,1.2594982211650994,0.9241725071710685,5.896501940568179,0.3496129624799833,1.2843253400999164,0.7292444831074812,147.85489943321033,1.9185065367278218,1.1666954071303282,0.7668811654638386,0.3127887391300691,0.31545926114856404,0.6394246471868138,1.2229685648678223,0.5062421793799199,6.263818199613011,191.32508564803982,37.72578251215131,0.4887590132730938,3.052514681074543,5.48450508788159,8.79915108779015,0.03047687666431615,2.75
AM361.jpg,0.9005386377711329,1.2642581022500252,0.8280422026615334,6.707938032415331,0.3118787918353329,1.179201647620461,0.8880286000166561,141.4480493849664,2.3176411728522526,1.24567054532552,0.7861736849055879,0.33554770445819476,0.3461867913445109,0.5590878579341073,1.3034229210809776,0.4772851965811496,4.552607088331733,193.23372906130868,50.651318637855894,0.5312979023946551,0.0,7.5171810947673015,7.482812077645534,0.07541524749111524,2.666667
AM362.jpg,0.8758234792610358,1.2455166856229982,0.9266562824091648,4.753337052446734,0.2863024251586777,1.2475666500281937,0.7439753194884671,145.8461720439464,2.3528761086931547,1.265694885500357,0.7556214195032238,0.3201976404558831,0.280003301032033,0.7257233573066385,1.1945036125090058,0.5190555093626832,6.162587012359844,133.71331008973095,62.541238017658884,0.5001526247135505,5.535714285714286,16.523767166962273,10.028104369382717,0.017807827732153638,2.5
AM365.jpg,0.82845852314123,1.259497998203548,0.8849781813620318,5.765521980702567,0.2943347210312287,1.4861760726199316,0.8240874631786976,146.14754062150504,2.515283655689314,1.1077236524448477,0.7601779834302266,0.2949421084082275,0.3302712762060198,0.7187674852193148,1.1945824782644274,0.47294916823336836,3.8601535051059015,205.2449716541685,53.36334213841138,0.5803929958708827,1.6323498929040283,20.048369644003564,19.61398038831541,0.03456602178620223,2.783333
AM366.jpg,0.8234682498865886,1.233996523489516,0.9240219076210908,1.9888875120397342,0.25951749522630607,1.3577304722553973,0.8487737085878351,145.74973527753218,2.6729430400502765,1.1753731597112516,0.7354290957851501,0.3065812090969149,0.3438639124018487,0.7698706295597805,1.1899220829218635,0.5156736356415556,4.198349930813821,196.96135868942605,40.38207066353607,0.4267787819209036,0.4003139717425432,9.406245660324956,10.042521249725297,0.03344950025752173,2.166667
AM369.jpg,0.9014768899246678,1.2478347648205386,0.8289680542108765,5.298375351239616,0.31510983252710245,1.2612520532124711,0.9063341265633151,143.59229978079134,2.309272252587723,1.2209058260251402,0.7815488264465356,0.3204423263139169,0.3312309407037376,0.6642783084508957,1.179902886439396,0.5114129911863452,6.892912022004941,194.62824368331565,48.16972839947286,0.48936123003799464,1.2028301886792454,12.161106819299107,12.668260046556057,0.04690821127422419,2.8
AM371.jpg,0.9649851247735306,1.2230898478451573,0.8683888019544427,7.923214827418734,0.34269960536401445,1.2850349531874812,0.8361175392753216,143.4679394004877,2.056131745408981,1.2376015472355053,0.8005261353992758,0.31114476784208045,0.22408036216649205,0.46719116266034594,1.1902107063137786,0.5727535455373187,3.9380165579645876,176.36689182333018,53.69139513458846,0.43480236934203687,0.804416403785489,6.218812367861563,8.171354840920046,0.050415922883881546,2.716667
AM372.jpg,0.9133120764820111,1.2443047763540176,0.8598416169671625,5.263275859272188,0.30771183484067266,1.485720846012999,0.9709623186861985,140.965987006778,2.4934368957708393,1.1148059873066165,0.7653173179912308,0.29066153122139987,0.3041443593113584,0.7463035096537826,1.0517387757260808,0.5604805292167169,4.208150319038244,193.87624269676672,50.15841506984819,0.411147941005547,8.998161157998963,13.55769230769231,10.079525220907854,0.040526277289907355,2.133333
AM373.jpg,0.8344738696849769,1.225611825235111,0.949227173387587,4.505105196074567,0.34847475991791577,1.3645394892996965,0.8507266266979123,143.461924343699,2.136843848396441,1.1195070041100603,0.7509198990191529,0.300507477198386,0.31165650877795387,0.8507539097397558,1.0742846502367394,0.5649628143721164,3.969819004919624,181.36790956823103,38.0672960712985,0.40882145235329564,0.391705069124424,8.392984701470326,13.292128951275103,0.038557259547170084,2.416667
AM374.jpg,0.8473464308520695,1.2667392655414078,0.7933034590410658,3.9715104097275926,0.3268395377690211,1.306501792846618,0.8049621923215448,143.9536970239678,2.1778494084745246,1.182122718453199,0.7670523063083804,0.3104755934145809,0.3590562457149794,0.5628294823300994,1.1883183715132315,0.5177221541669796,6.962678339821975,197.07607808325065,49.10771252964784,0.4575837825101449,2.933550824175824,14.9273845690035,5.7594544103055085,0.04716088042140672,2.55
AM375.jpg,1.0260318193997133,1.2824134426632547,0.842564215037854,3.8361730659671873,0.32013087408212076,1.3849090301543088,0.9652998982991123,143.46182197492902,2.515250219541236,1.1169394293337354,0.7657804623041875,0.30064855580638744,0.3084574040519576,0.5623977025988185,1.104289342678544,0.507316591451893,3.1180215108272966,193.65839799511113,49.165391002104144,0.5369121364300615,0.5658284023668639,9.899670716765367,13.4625313096698,0.019240561204549634,2.816667
AM376.jpg,1.0436296133002338,1.2705775613502848,0.8466184723458842,7.500548877167402,0.33414080936954904,1.2666401548478403,0.8436968103347646,144.15473741558358,2.199307476294673,1.1857084150438664,0.7955004230013224,0.31838307935773896,0.28327535715888746,0.6453750575358516,1.2751255852251868,0.4891899744730577,3.660917029123214,234.42746541984855,42.895020975404094,0.5175440720490927,0.0,5.860526315789474,8.703627743789937,0.08391981169699277,3.283333
AM377.jpg,0.9336055818391498,1.2730393165198004,0.8465623542246505,7.887351265197825,0.32938646716482056,1.413018018592112,0.8491745707584303,140.66032591275837,2.2283103492462466,1.1054425292857777,0.7835953076645452,0.2954061625485738,0.3553987178782649,0.7067091628142784,1.1649614059160593,0.4686564051661486,3.368558319597807,220.9434473276556,46.11131088241322,0.5512697417569569,0.0,12.435370152761458,11.313172473643974,0.04475020701547859,2.666667
AM378.jpg,0.9087653255353197,1.299031011624868,0.8754804477357926,6.838411920931934,0.3396890567712203,1.5055799926368783,0.7962615949637514,142.5330054388735,2.045882557417587,1.015705555804608,0.763302748106281,0.28205146027813466,0.3668004973861469,0.7878074259199561,1.213995980146486,0.4730860507309596,5.263370669406896,181.9142535927835,42.91913164156398,0.49804131454222084,1.5407364443394784,17.6498899889989,10.554368329100129,0.07255902901711998,2.5
AM38.jpg,0.8873117616493441,1.2884427548826614,0.8320912568552826,5.239314593899055,0.29161162840647625,1.2326160014182987,0.8458274568827026,142.52617310981316,2.2898027501682114,1.2097661793451686,0.7769576103672561,0.3324391157167308,0.35073412643034074,0.6280743619794,1.1131721243501296,0.5173724145270839,4.029230001679442,190.5253661915673,52.28930061779678,0.46994486813580594,0.0,40.12959052951224,23.564379120728532,0.01505642045039653,3.1
AM380.jpg,0.9411899789861559,1.2899276890810885,0.8437235361410984,6.38251281421134,0.33613663906929575,1.3330794019778147,0.8954326806055604,142.24010845441313,2.161052962077519,1.130455441242515,0.7748415825595086,0.3057410296920334,0.41768502089314774,0.5973021556122365,1.0976130337765477,0.49407372880925565,3.1330675586542838,183.75230826545862,30.699961695061518,0.4447752266262734,0.0,5.973746473746473,4.469195051414658,0.03340892712440535,2.6
AM382.jpg,0.8179243837419821,1.2256684220569283,0.907419749527144,2.3043181866062636,0.23414686850061134,1.2724984384360143,0.8871862808520423,145.31420731064202,3.045781409988623,1.3213440894444048,0.7542949215938428,0.32366842287881054,0.2922870407285826,0.8649812085794513,1.2531655016764733,0.5618242864602182,5.529644562852959,182.9386237221778,63.73315635004376,0.3645573719331041,12.27692405240277,13.607700892857142,34.75833071532158,0.06244261522820079,2.466667
AM385.jpg,1.128374680841752,1.3395219517429384,0.7913351631252357,6.959006811070537,0.2976816761180979,1.347331018019154,0.9313955785724136,139.0374527889136,2.4417107190114242,1.0824600029551281,0.7885348677006795,0.30161424203822573,0.3886026930099843,0.6533835898671035,1.0833576171271706,0.4586315186464579,4.227848349411277,128.3457805218627,35.945331420066296,0.5336020892702914,0.0,11.80954391891892,9.310634029436514,0.07687755550315296,2.45
AM386.jpg,0.9053231348459619,1.2489601201214902,0.8167723495966207,5.502860255554747,0.33012827887557317,1.144701554803288,0.9339286603617681,139.7453077006376,2.2118726051606075,1.2813971801843482,0.7657156936068786,0.3432030927422168,0.3284420001529831,0.6760864320385968,1.1598161214068474,0.5404641029274999,6.65954158583848,166.0445046421071,57.30646363982922,0.4491558368118496,1.5412748810736965,15.770356529534382,4.747853121304161,0.04235882803988598,2.633333
AM387.jpg,0.8562684629590029,1.2917376899662574,0.9121279229700516,2.121423009652407,0.2124008127688482,1.390203940499874,0.867986612906708,147.55675609565978,3.2186006690405966,1.1913086399734625,0.7553853031433987,0.3052022657331038,0.3348115662035565,0.6473864741166955,1.072713068406035,0.5287358422849354,4.913664673586395,174.8180141567634,51.856205111537264,0.42386774800597055,0.0,18.566763425253992,15.413875366260996,0.0334332664328619,2.1
AM391.jpg,1.0178468424606377,1.2873627514695165,0.8720527445231933,7.9593226659898875,0.3517311159575717,1.3975457552799182,0.7568509814249765,146.61041350843055,2.0351698900012822,1.1482187146813474,0.7952330683281645,0.29967036063215297,0.22946808699039178,0.5615696533529504,1.2204906970780183,0.5860300338147657,5.232415140883683,113.77675390011356,43.236177983883195,0.36240279044485374,0.0,18.90241498922584,22.901069888804884,0.06577700848424646,2.916667
AM392.jpg,0.8474267241090697,1.2412023289100276,0.860240401955772,3.880842646943107,0.29197072558555903,1.441743486353506,0.8609315464921742,144.98936727685754,2.6018942045064066,1.1632070842459514,0.7809509817981972,0.2971984033236419,0.29816317531016984,0.7363945535835317,1.151059913922176,0.5280458597639358,6.329964714579143,172.8300294028877,57.56964878005033,0.4917522319552464,0.0,16.272161448509994,20.264543173524658,0.0488105590600269,2.5
AM396.jpg,1.105819383578372,1.2644694480955663,0.910034645147334,3.699692776689378,0.2845985878674836,1.1971777394957746,0.8928749527909547,143.76546598294362,2.4927773903822885,1.2277086281545697,0.787882806926693,0.32615111352252324,0.2907783127382848,0.49850888208440086,1.2033961581531425,0.5165788441107206,5.6876553265626475,219.01221348342892,43.3621655447904,0.43778913052748514,0.16776315789473684,15.166880616174584,16.251711331348588,0.0874645347777947,2.583333
AM397.jpg,0.8387962232635303,1.2577370912010342,0.8682704235730005,5.858750864130755,0.3381092317327191,1.4124091757090427,0.730529389500421,145.7293857611188,2.036767035300587,1.1128934011935212,0.7663689559061709,0.2988112542141964,0.29765240338562354,0.7323453779298259,1.0776257322360583,0.522451959741795,4.22427982229371,175.79545732421775,46.38476213705198,0.5225228668834679,0.0,11.460076960076961,23.696693594922664,0.03538674575661134,2.216667
AM398.jpg,1.0265403671105353,1.2924910008691528,0.7989750063339901,7.788807907161228,0.3308144884688969,1.4410201933259403,0.8264044888711639,143.41095097305424,2.1314470568280144,1.1053253161124197,0.7836284254590702,0.2920606885781747,0.36755298209722675,0.7040707242891869,1.0639947042811746,0.45352497192275454,3.8368084175696744,113.51028261997055,46.80076676020427,0.6049874326870252,0.0,13.441034430987887,15.038742090009194,0.0769564294353673,2.75
AM399.jpg,0.9062063441855418,1.2603820828100445,0.8496338304630776,7.785346475661477,0.3743713036092838,1.3092076462419673,0.851458910990911,144.19688838697277,2.005515253362778,1.1449762398752161,0.7683506101940177,0.30493776357478675,0.35508709113938286,0.8382007073709318,1.1983770102519338,0.5233283160388479,2.772121120963278,165.7977096452411,51.302142269354576,0.42309792606609953,0.0,15.57670897350256,14.819309104068523,0.08517601009113038,2.883333
AM4.jpg,0.890411883884916,1.2799530814651903,0.8818528372156332,4.252033647128083,0.3207181086853783,1.2885097489639055,0.8359670039351941,145.22576963359865,2.2417556028454135,1.121285172629383,0.7670088082796167,0.315293782957729,0.3580718601870794,0.5619041681555623,1.09370962155089,0.5031485622756053,3.7202649987035215,197.03202267491756,41.65718823783146,0.515248777837385,0.4381443298969072,11.560940240118711,8.133993065337876,0.026148828589286726,3.316667
AM401.jpg,0.9663075692913424,1.288246227666497,0.8303075961137973,4.49250408199056,0.3056377676211576,1.3647676297953204,0.9783649476275086,139.63163397804658,2.485312778426015,1.175090559553741,0.7637049430180898,0.30573088494790523,0.3078801049622723,0.6436415365442905,1.2125841034403277,0.5118279025698846,2.9696515305681137,163.6057608920612,40.48806098190845,0.4818279977506604,0.0,9.847058045165845,8.54946852542399,0.012228665493730364,2.466667
AM402.jpg,0.9434967985859528,1.2593306688896932,0.9273311959491266,6.43149438634097,0.37261574505272926,1.149070107292964,0.7541370515113391,145.50008605912427,1.8683496411038185,1.202611262833415,0.764993927603781,0.3324807199429959,0.30182087582032524,0.5361524766785718,1.2168181714428457,0.49483915491312597,5.936452029385423,180.11278232471045,44.576173461511985,0.5497059300042013,0.0,4.621643761921064,9.307733146900034,0.07478780453956774,2.6
AM403.jpg,0.9074291519360893,1.2466881621736774,0.8244215794573876,9.161515165819207,0.36198103070720367,1.2089844543932702,0.7578070116878476,144.51496132229505,1.8483811681878537,1.2203595890682053,0.7850680743864704,0.32100061763578847,0.367555290512985,0.7799656307297291,1.14301444086262,0.5557455285162695,5.4196922163284516,198.88588862228235,58.10963862228235,0.32807202457493634,5.2349512253152515,21.650189958740143,13.440690198609786,0.04192322778249598,2.8
AM404.jpg,0.97993914145327,1.2898539858591624,0.8673621674942757,8.390465504011019,0.3398035502440328,1.3913864342142583,0.7323133614729669,145.5321736095317,2.0711000798132964,1.1177614007708805,0.798314866904678,0.3025866490990064,0.33422697499123205,0.6115544983365386,1.136359907373066,0.45216464642040266,4.842102544214358,167.05952952952953,47.121149247839384,0.6301503104310623,3.464673913043478,12.775123152709359,10.44091084966513,0.10036128434870575,2.633333
AM405.jpg,0.7824161518231548,1.2415992882731657,0.8291388692370902,2.441385106611523,0.26777647865682797,1.3206312908834514,0.7849071978366455,144.25243842270692,2.6241017442293897,1.1805227241278966,0.7533784556591624,0.3082591809008395,0.46285188062279753,0.8133359523114913,1.1240951022671495,0.4917418343987489,4.329929026528788,139.95932608150545,46.11909899310318,0.4317974234302562,0.0,9.373242736644798,23.370728596733862,0.0518934324675286,2.966667
AM406.jpg,0.8855544243196277,1.2688033870296112,0.8752524978818036,4.001312936335488,0.32337547864021465,1.490446014653406,0.8856953038489026,144.13050134420442,2.2898921990719594,1.1147476061535764,0.7499333638528838,0.29732089815681734,0.412199749506103,0.7662844094683167,1.1321779212382543,0.48293242393234403,5.632655254959564,129.57261835054283,38.02402397303278,0.4471479272253102,0.0,4.265531319591162,13.95418828989012,0.025831199799480387,2.8
AM407.jpg,0.9231076272623998,1.2741219496894727,0.8390927039579814,2.433282664167676,0.24560006739990403,1.387098498219668,0.8126186587500692,146.50146176404223,2.918140260698335,1.1362570401751,0.7853084963475502,0.31246375048152464,0.40160391141151514,0.579308854279197,1.0052312658604001,0.4304416976232878,5.444368104398446,156.02894845771755,36.61574773439024,0.7154453065065933,0.0,10.960534398034397,10.826529931792201,0.04374157072072151,2.383333
AM409.jpg,0.9848258905662084,1.2465892679533417,0.8959989857917804,6.468008579661913,0.30097662684190973,1.240203058403667,0.8025953562378865,146.14763116649422,2.274895908633076,1.179986772664344,0.7865413195050825,0.32521403638842045,0.3857472169840418,0.5224799239994568,1.080220310129527,0.4608877050325157,4.275799359669977,229.85524992686567,39.67794496232668,0.5645405665408146,3.7238818085883594,12.457586614647132,3.383426003339011,0.07277207645394554,2.566667
AM411.jpg,0.915527312999115,1.2680725724693074,0.8715189904455075,5.223687137696179,0.33420015987742324,1.3046170508294401,0.7857395614631836,146.19991246475823,2.0625954954567893,1.1145823266315096,0.7606565787857378,0.3074543721440261,0.3561736762379473,0.6342453672781302,1.1599779171128446,0.45211047640435104,4.259211348034992,203.8280264376861,44.71355559535348,0.6330187817174732,0.0,17.919641422373225,11.439378862663247,0.049335124642044835,2.816667
AM412.jpg,0.8786820687372053,1.266751921281035,0.851995146899893,5.768507857895937,0.3773438191008714,1.3485912285793908,0.633365690466388,150.25192781843458,1.755501523211297,1.150745193374416,0.7962396155737043,0.3057532728130591,0.2995236063399732,0.5785334359549869,1.2392238552026718,0.5080725733245092,2.7660981265069315,223.1200774139571,35.655942392860055,0.4704995545438126,0.0,11.9598781779661,8.526894361114643,0.035937251080078406,2.7
AM413.jpg,1.0325014332425226,1.3071837751299902,0.8170711576481465,6.698407859907988,0.3604183428223584,1.2974047019940518,0.7945775610038726,144.09392360499177,1.9914421184676467,1.2066635789894382,0.7975148467308589,0.3136684245434134,0.2821095510245587,0.4821298521149882,1.2046710925843516,0.49512501394901853,3.913962782145883,186.37374794976415,45.05394475173216,0.5477566877553304,0.0,24.449612553650155,8.598632913609933,0.07452956127562385,3.25
AM415.jpg,0.8325012094890382,1.2620577809041382,0.8603266910164783,6.911962462605132,0.33356502498257234,1.307510465452686,0.8579375310958263,142.96386696460067,2.10865628755129,1.159787301904335,0.746721572779335,0.31000367291401915,0.3745821276734717,0.6636742750234857,1.2077338538817668,0.5160661036637575,4.454284096718931,197.1518069959169,46.806352450462356,0.4155789873610607,5.895944418538642,13.16171418756441,11.381267223189639,0.04235494713051004,2.766667
AM416.jpg,0.9427973388245035,1.2987005549429098,0.8212361016459345,9.179408237291108,0.3770724560968737,1.3701758618951276,0.7893721479896532,141.5873348269401,1.836519553519261,1.1297331173337395,0.7864513726406395,0.2994040243611751,0.3373738943502326,0.6624294981303901,1.2421272803993904,0.4920989781429876,4.395567202192519,185.29349871171027,44.3322845464489,0.47061044361347676,0.0,16.316127144207826,8.695038985054552,0.06990429598497169,2.75
AM419.jpg,0.9545410970413456,1.2723052114889266,0.8086041747432101,6.7085748132547565,0.3060109594326891,1.2891527910366278,0.9189969562918777,140.12075242667726,2.3970010399669284,1.2618489137365134,0.7717851443225704,0.3156187000072275,0.3148093542788376,0.6787343677282256,1.3195385826187584,0.49300108674032317,3.9366208446840423,163.50167475946407,52.10357693337711,0.4690592492373616,0.0,13.896467925322852,21.0995276770944,0.014285634337179576,2.583333
AM421.jpg,0.9159158144376787,1.2385418804817556,0.8071870853068515,5.696210537263639,0.35247925162455634,1.2527064738063456,0.7728347915120736,145.45493543905047,1.9979889773645552,1.1950063555128094,0.7656788166927886,0.3226250892612977,0.4056984676599126,0.8009484032399944,1.0746157049716674,0.4815434317353099,12.659659438428768,176.96824067642848,46.34477988576094,0.5049531724581953,0.0,39.83719405594405,21.97362082311355,0.03629782946895071,3.8
AM423.jpg,0.9134677506280134,1.2462867360334895,0.8280195072433199,7.927224937306201,0.34754995509708797,1.2947222337072275,0.8874893394587587,138.3809202188545,2.056309925149612,1.160828002737035,0.7555033114181771,0.3092530368088357,0.30484437587706686,0.571863963510631,1.216069688739837,0.5148614174853753,7.518859790214184,227.27652853080352,52.22623613314269,0.5017037874869843,4.302841918294849,15.627043654790867,9.09736695164193,0.03423639026774506,2.5
AM424.jpg,0.9780371887885175,1.2787445348529078,0.9002072838346888,6.10612445116852,0.3577806816804623,1.259467395849047,0.7035871456326293,149.6550425932681,2.000025238122262,1.2115396193270407,0.7936876569907514,0.3272780285218243,0.30398668518004124,0.672470089491938,1.219183739635544,0.5051235086229506,4.549496090884598,169.08438424131953,51.66417147536208,0.4773728619850485,2.3811544991511036,21.592035935501123,11.715916467839577,0.02603667314297322,2.916667
AM425.jpg,0.8882196909547663,1.2644077568642602,0.9093918655449604,2.2603522776354175,0.31354989757788965,1.4213457069090207,0.9002097249356853,144.30481093993654,2.351862606443083,1.1245946352192324,0.7361272655447842,0.3032595328363994,0.23826000354407634,0.5804143867972349,1.172988485317933,0.5565209908969498,4.813631993365113,169.4899980744026,49.42185227408564,0.4773091787411779,0.0,16.697592553312994,11.51704489703799,0.028180182628550016,2.7
AM426.jpg,0.9858718533670459,1.2721132989616184,0.8242800184325418,5.312855195667655,0.3400137747041727,1.375004894887023,0.9027236879010541,140.65406886349905,2.10900384392894,1.1008996027062534,0.7670641536710342,0.29615911228546765,0.37114164046425,0.7131555696007673,1.06304841998754,0.5238804834580364,5.888137490167287,193.7612296293974,32.1217234565579,0.4004259078095268,0.0,8.333798146943076,11.903051082972283,0.033772015853864114,2.616667
AM427.jpg,0.8684784255631802,1.2978292008481214,0.8228779852901454,6.743753754091787,0.3578464018574395,1.1795497111264495,0.7723264184717747,142.63136986054022,1.9567685658014025,1.2084988539725214,0.7699940683951704,0.32717746357147415,0.3535705003478247,0.7252432949785261,1.2459523770685543,0.46443763630280177,5.172349341070678,195.12900956668543,42.60074646288274,0.6248347273980789,5.525,13.331956342131583,4.925643417210551,0.015380388657428624,2.65
AM428.jpg,0.8840548933200428,1.2732436551134807,0.8654261006490174,4.130084923854228,0.3463503685374857,1.2416220473029433,0.7398124332388666,147.13440055009448,2.015392804186368,1.1837298301142112,0.7783903158189044,0.3215459515668147,0.3780103084892466,0.7821588747380148,1.1655329763357951,0.49240110126325726,4.414068967290294,183.42971161708414,53.47389766359578,0.49152239368614553,0.0,9.006543972986925,23.273038274803397,0.047232650165199216,2.666667
AM429.jpg,1.0210432559576714,1.258744424049079,0.8959207030880609,6.665925392372978,0.29801607557126525,1.3169443099576303,0.7709427035102986,150.52421515512606,2.4848478139043872,1.212299320257978,0.8156541680561751,0.32162891760235723,0.2961524415890724,0.6656708603219503,1.1603426294084087,0.5133986038450302,3.902818570997186,204.32198089055123,48.15924239447938,0.4624620750097033,0.0,12.290940766550523,3.4882956621866867,0.0375718572476608,2.516667
AM43.jpg,0.9359299794530382,1.3240407773688456,0.852155668440507,5.979304904459159,0.3221211705545478,1.3097877495728434,0.8975671904978986,141.74877445987698,2.195500646608481,1.1293469980889954,0.7649855078846375,0.3078496535003219,0.4024271242978605,0.8079774287176841,1.1791120655000358,0.5025828021331258,6.3920454478263125,187.89569683796512,50.59669606932562,0.40888631651010376,1.3048245614035088,16.347883597883598,20.11382452246336,0.03304694027804288,2.65
AM430.jpg,0.9281170005318572,1.3340626692324986,0.8475867599651327,7.091049668502844,0.3323264287896145,1.2923825138549152,0.8443765683866408,143.03751258829442,2.09018528912724,1.1502637513097815,0.778810951527398,0.31172493653000005,0.3421086813211584,0.5283453111762046,1.218037336919021,0.49347044175529386,3.044570071390236,236.3643864048596,55.672617578239624,0.48062760378291347,0.0,14.155303030303031,13.075209675823345,0.015770158255473635,2.883333
AM431.jpg,0.975120876338413,1.2900146814494526,0.8340227227864597,7.181602121274459,0.36033362905825816,1.2831599445115767,0.8633132047009028,144.28953477327423,2.0796708553466523,1.1921665365527305,0.7857948896596447,0.32180761135201547,0.41093135805264214,0.6215051437569871,1.1757840301928484,0.45336779314244074,3.1539168953614167,205.26826277512257,56.094349731644314,0.5412339344956693,0.0,17.90249187432286,11.518785376392614,0.03225967505611589,3.083333
AM432.jpg,0.7729970758934247,1.2809480601036694,0.8576726438125274,5.677707991566825,0.3584369805847213,1.3786263924772266,0.8476315969461583,142.55561261636117,2.0182024525472335,1.153959511980299,0.7542822165759079,0.3013731304700622,0.4224233415138967,0.8716311162454761,1.1543384698485892,0.5428802695134991,5.395158669335904,185.4791726595035,38.42606808434007,0.33599258765046014,0.0,13.100613154960982,7.314340458590195,0.021509276141474874,2.55
AM433.jpg,0.91500924338881,1.2437704287669973,0.9253416049299178,5.14339333680868,0.2899266661257647,1.3873967672646272,0.8333159167140888,144.88412522491888,2.41302421899798,1.1472556730636816,0.7414642314627695,0.3099397166741469,0.3295272793753039,0.7374625110423114,1.0876134941739783,0.5002867481875448,4.669432502500231,226.59018547144905,51.10546471275569,0.5180953523119594,6.875963020030817,17.81445993031359,23.787653415369633,0.020106243859457064,2.2
AM436.jpg,0.9697087177073364,1.254950564569964,0.8487292388274797,6.103323203945033,0.3475490249488229,1.3648716224031359,0.7978285262319458,146.08143716011108,2.1021002606162504,1.1769339840874455,0.7759107875116756,0.3040002317127657,0.3268838814842763,0.651047742935276,1.172523981902411,0.5333244733055805,6.900279950131608,226.43178890915812,40.40609140548705,0.39131582539350857,1.351590106007067,9.634129213483146,9.059118397339716,0.05991178234029411,3.166667
AM437.jpg,0.9546898363577914,1.262875902261536,0.9236532625993251,5.169108344900717,0.2659904845428196,1.4266245312637653,0.9119094883184407,146.2849064323652,2.9036033520566455,1.1873809963369737,0.7821182279670367,0.3006535492405684,0.22499322609258768,0.5741274126604307,1.1863988945508939,0.6048962882163861,5.757804830055935,162.71606151110444,33.71831122988959,0.36001308925125136,7.353732749808332,20.939117565012552,14.184631125104858,0.10167124697335997,2.333333
AM438.jpg,0.9035419404063786,1.2411185460963385,0.8377876256355103,5.912323098511937,0.3404551742666082,1.2949377197634173,0.8686324023743446,142.2240949536912,2.140114267883323,1.270996085820083,0.7707384573599929,0.317013092340098,0.2288023654044381,0.7415718106841349,1.263209054585721,0.6004226681136304,3.384925689246601,206.2683987512255,36.837857924078094,0.3561826410669243,0.9602936769553492,12.83965669367129,10.625320555075035,0.09461963258916914,2.616667
AM441.jpg,1.0031989416343683,1.2935848506102416,0.8384562225466766,7.683622840206087,0.2446961598019743,1.4326668812412229,1.023439105988175,139.6150939811355,3.1559265425479848,1.075888805283575,0.7885941556888646,0.2940624619118136,0.35112137104238245,0.49777860242362093,1.0692739323255336,0.4488324685319937,2.1676671870808586,165.46303577743635,52.03410809663835,0.6928431336278523,0.0,8.907180179022657,8.978978798481677,0.03734805921708314,2.066667
AM442.jpg,0.9648187984768909,1.2765371001250025,0.8253045606197286,5.951668097810913,0.3193654991721865,1.356584886002967,0.8075457951159356,143.54847301331182,2.2410789041969146,1.1468280556720591,0.7928304053807761,0.3033142694860973,0.3367223245454016,0.7505991573389067,1.2076176698829606,0.49415167003874955,6.301032465452304,172.59409575576498,43.8491887584222,0.47046493188024774,0.3834586466165414,17.87054746701962,-5.100480461818833,0.028433923497183274,2.6
AM443.jpg,0.7815787198374736,1.2131367001498474,0.9669080505730031,6.568655168218952,0.31512168144370606,1.3252529755827565,0.6919730819231097,149.42966877614683,2.04159638269549,1.1847746927414835,0.7621195392802652,0.3119547236603762,0.27207815883975855,0.8298924440352489,1.130662119006983,0.5792944524201031,4.482804451748018,188.23149900301638,50.305316765415455,0.37804960776289664,2.3466257668711656,19.664787718877427,14.856053138162522,0.06515701551823024,2.083333
AM446.jpg,0.9404457756750205,1.3075324025380728,0.814328117850675,6.9054587698156515,0.40147369083184026,1.3370692017315715,0.7806524582165967,144.25523105401763,1.7894694227230268,1.1280618697840912,0.7689908074516422,0.3057998056834399,0.3888216787328949,0.6080867693378443,1.2010697401399715,0.4473801900219443,5.08850002608641,170.0149928282254,50.2724640925932,0.5955626491280683,0.0,10.114427745396819,10.469358039747519,0.01724446703261108,2.85
AM449.jpg,0.7566716295969325,1.20566788878607,0.8159381567354341,1.884865286310304,0.2726263584258462,1.440833251828197,0.8091623120615558,145.0798399469048,2.526070387550228,1.1656075438371052,0.7527088067671862,0.2952643996001078,0.3915488630523248,0.7428304687483906,1.2451073670480814,0.5276267713418853,5.163555443681895,186.6687345459025,39.25011516654848,0.35468825478251603,0.0,35.08567832709436,9.267966276731329,0.045647363242376955,2.366667
AM45.jpg,1.15721236272029,1.3082001700328314,0.836132096671009,6.723981815787886,0.3379272131230963,1.2435057241015561,0.6492328401892826,149.5014661973313,2.0556694135076583,1.1603525510589552,0.8208396016612889,0.3199928108094081,0.35233130451645356,0.5485191800033585,1.1997467217258855,0.4350576183353653,3.910329732376552,166.0251720377055,77.92080094047087,0.5741992633557919,0.0,14.840639597556594,25.630130101522752,0.026343344575479648,4.266667
AM452.jpg,0.8749408980317078,1.2778203064917133,0.8165291994376336,5.645348484834933,0.31648270735545947,1.4090932764778934,0.8060757629826295,143.28635120532545,2.256572895249316,1.151783927638289,0.7599901195009482,0.29594345877859896,0.38682337467505695,0.6702076322155387,1.1974013183527399,0.5011850074972206,3.4421990323992153,172.17388398823843,36.857914731193176,0.42797110009975314,0.0,19.37577639751553,13.204533838126437,0.031213611807151053,2.3
AM455.jpg,0.9343014627163877,1.2514326186801048,0.8679272378098454,1.902477321250759,0.25821805402481024,1.2890369192380957,0.8107195804206978,149.33351083915585,2.83745023324687,1.2865691956696055,0.7921760576291996,0.3158998549682636,0.30007315143193536,0.5722901099653948,1.267349232126564,0.5648597097734211,7.753307943692341,160.75259320746656,40.4266461023915,0.3040421863474446,23.74906196397942,19.79321200732939,23.280559309161475,0.07546772273997635,3.433333
AM458.jpg,0.9414209550687299,1.2857082375132447,0.8208947254468769,4.627258310074566,0.34251463295334644,1.3904016206754435,0.8191396643782669,145.21175180992844,2.203182078029852,1.1300282311305383,0.7789937808103863,0.3016500435470675,0.34333686781509776,0.6967305050219522,1.1333871773347624,0.4961237879683478,6.27970450766955,199.4766188302646,41.567527921173706,0.5341798914505629,2.4566829671872,19.587091992859875,9.707727555737264,0.04412532132285773,2.5
AM46.jpg,0.9583897922943714,1.2718226638091263,0.8611474136743981,6.534963296677251,0.34091591211874706,1.428741407937907,0.8258281526468857,143.40949971690358,2.068609564934001,1.0775375625819432,0.7799587578370556,0.29247852081743464,0.3042675132110517,0.650525727173917,1.1162309195611317,0.49956509073586813,2.7491284817943957,150.27289918305428,47.71507605380259,0.5483089209269922,0.0,8.827314445331204,12.953111019750843,0.02999693718458047,3.7
AM460.jpg,0.892371260281457,1.27600526319986,0.873112831063521,4.525854129542427,0.32496230180091323,1.407180333120074,0.8694111421030987,143.08830792729268,2.288714239371666,1.0927101730249666,0.7621923858250435,0.3000401950881398,0.338164439463848,0.6770148652920616,1.1900080662308097,0.5174221560856485,5.6582312483748245,187.21318982932206,53.1995590982192,0.462746013112827,3.3805572147040217,15.725129227852403,13.421115821287941,0.024277007933291565,3.25
AM461.jpg,0.7614603267746862,1.185937488017663,0.8879136833211942,2.5275695402663736,0.30868297860247645,1.3125480711745108,0.8991673441660006,142.6642346893293,2.215054841076196,1.224019845960031,0.7299019035623027,0.3139302592982392,0.2907552009438784,0.7797360540952786,1.17005245628417,0.5434474651817469,2.3056246832492286,172.12242547489913,49.66366258830119,0.46619831289163016,0.0,15.974278846153847,20.160612300388365,0.0800065236049456,2.316667
AM462.jpg,0.878427949858842,1.2894269761054389,0.9167452478821924,4.071011952956292,0.3145560763617683,1.403367904062112,0.7801861162683698,142.6627746654637,2.22854596261949,1.0709790264948795,0.7612674111020851,0.2959739135397037,0.37280855690220976,0.7410785496145497,1.0996006518152772,0.4991991307326043,3.9579474279292417,211.43830793826092,51.36024886653098,0.4707772259734418,1.7443592017998861,20.974456930927747,22.216884053746483,0.015435505972170045,2.45
AM463.jpg,0.8545054351811913,1.2824295243720398,0.8627292570020317,5.071242947027704,0.33765991245278065,1.3951407204157449,0.7221197102878858,145.020183277589,1.9911001479521857,1.0927140714799923,0.7683450805355801,0.2970453484479116,0.3430242265424931,0.5608632156855188,1.1801293194326878,0.5057487900826134,5.439268987334085,185.3837445369764,50.64486639384293,0.4741144377602589,4.204234889893469,6.721738665837712,13.586317972368235,0.014804976020020372,2.933333
AM464.jpg,0.9152459012338092,1.2677212213971023,0.8094366036712738,6.991218212018562,0.3273335921492852,1.301152027808814,0.8152939608408671,140.7635945973664,2.1191314052724843,1.162336590603985,0.7703395089826578,0.3094183175301144,0.4613644938489931,0.7351897978100524,1.2777076474103428,0.39978583510068927,5.349851235013926,207.262831726591,60.46979143355071,0.5930699646096607,2.6531070089787314,14.149116698431314,16.196249282022436,0.02273938447942045,2.5
AM465.jpg,0.8433655914771504,1.2682816224171274,0.9083975713766455,4.802761486944516,0.29854687836030525,1.4724810765601297,0.7739342093390784,143.51260295792304,2.1904280453845297,1.0348189744500773,0.7500703765936635,0.28546656117306624,0.35286058901366985,0.6951080894961396,1.1820907053820475,0.49669175223822726,6.244089885451649,176.66990146107258,49.95030073511978,0.46577268237369124,3.07475884244373,7.132568558240564,5.105043931800296,0.05884919402741663,1.716667
AM466.jpg,0.9335575313192032,1.276557619069453,0.8855821622435911,7.752795226532398,0.3432630345430391,1.3208314914926893,0.7754104322140263,144.2961925567039,1.9485960754955751,1.12525629921825,0.7831701646172513,0.3065070535120432,0.36552253745066887,0.6400390376728712,1.2393149751673895,0.45737289104123213,6.816525782702122,179.14859936974398,43.00314482428942,0.5381843925905037,7.333445999395918,8.727149321266968,9.420835603455629,0.04440181869149328,2.733333
AM467.jpg,0.9468051602663875,1.238615331508197,0.8301609900260857,3.497933345714336,0.29866814989317547,1.455193314212454,0.9396175703234545,142.88406992624232,2.5410097992808027,1.1177025569708663,0.7753392455253221,0.29368193969063233,0.3831557897569853,0.6370765261996636,1.0747501265182542,0.5153970981418017,3.879466157765722,200.01642026411665,45.14295087636154,0.43311899269156967,4.951456310679612,10.999590783178041,5.960501664834041,0.028895531959361058,2.35
AM47.jpg,0.975797496300445,1.260460001309799,0.8476990122141315,5.6097184633767805,0.3623060890854214,1.3407397933534286,0.7931661621845133,144.60579443182183,1.9333363154145669,1.1222406416879944,0.7890579826943683,0.30640862257427914,0.31012330803864013,0.6431660141600076,1.1910109519168863,0.5305778850133888,3.8413168962968918,203.1389072489813,41.433356919724474,0.4399520245972123,0.0,10.691694021797474,17.488297318891412,0.029080966335531366,3.016667
AM470.jpg,0.9818075999482775,1.2771903901371942,0.890813580286547,8.488031149554452,0.36682506941227055,1.4189724769998795,0.8819368203072537,141.4647286996831,2.1281888837663696,1.0187385917774097,0.7586022082716862,0.2940298082074562,0.38364122907280596,0.711537407479862,1.0421655625967772,0.5013041189049926,7.076982882554166,213.95500153463334,58.91381160328322,0.5062076564373988,0.0,10.189234294374481,17.367909850198373,0.05444137621000802,2.583333
AM471.jpg,0.7777816492749356,1.2269437691435667,0.8243282233735706,2.032930862718684,0.30107186386788853,1.303551670623052,0.8454448886615877,143.70750753842665,2.2127208976728334,1.1923832703418002,0.7452600310972117,0.3082098807654163,0.4147407590459563,0.816275200020866,1.0947633453488979,0.5416815285691046,7.545224922113107,174.2454415227341,51.11918280855903,0.362405041845248,0.5658284023668639,15.481101247208757,11.819157719058268,0.019188885704352357,2.416667
AM472.jpg,0.9821650977079138,1.279307699254867,0.823335459200009,5.229293238576771,0.3852905838239719,1.303114701093314,1.1239770481142004,136.42551955010785,2.1877630807121093,1.1614480916500969,0.748603654317286,0.3104926175932329,0.3566803533753261,0.6241085358592974,1.163629547978521,0.5190409814289094,3.9075265081968893,206.56052954324525,64.57560492012968,0.4521687512463619,2.732212806267442,13.142036897590362,9.573116962629882,0.01822334178253924,2.85
AM473.jpg,0.8354410994378402,1.2757272167192737,0.7747253226713321,7.503158517148192,0.35910765193640415,1.3491058573704966,0.817522162856504,139.65760034924065,1.9987652537992724,1.1541345755818428,0.7551886096495878,0.3017868494506458,0.42410767406347216,0.8387124075349757,1.2590938693687643,0.46843428708761753,4.201454268720781,122.69982228187128,36.99207365465956,0.4869349056407238,0.0,16.549202127659576,7.60737893740734,0.04417771713773476,1.916667
AM474.jpg,0.8724339255199779,1.2941885313792607,0.8541485163024687,4.061703872899189,0.2987197652667294,1.354634419951827,0.8450469777277135,144.21295056954256,2.410844478650604,1.1390879187178498,0.7708318633918095,0.3044835842727789,0.3835440812175594,0.6978207723495102,1.111355170306169,0.5206873223821814,3.157504584217005,214.34695754487097,42.16295754487098,0.42939615667467784,0.0,14.975051595287844,6.124254760772459,0.019189096974832152,2.466667
AM475.jpg,0.8641478900780079,1.2384271954582997,0.8787878749601661,6.895839404384896,0.3563248004931621,1.3177777263420056,0.6929322929515249,146.6474792135806,1.8769726317546862,1.1778508525751397,0.7788940179698802,0.31214014359418607,0.35480024064626936,0.6082262141852157,1.0894246549918467,0.506604848963226,2.577638054443694,196.52881085507738,36.067905505283136,0.46859309258329795,0.8557046979865771,11.538243818494701,7.388904247437921,0.014149649014278518,2.666667
AM476.jpg,0.8801215043855618,1.2580207415932454,0.8949417736836384,3.5651942127954563,0.2696098941670111,1.3514514920471374,0.8584432461756611,147.35539823257574,2.626944507502271,1.1789843529091948,0.7783001011490867,0.30929891558699385,0.27767787435629443,0.675464665916336,1.213669715840003,0.5681448616039079,4.496044387063014,205.09543742501202,54.681249781991426,0.3630998502977764,1.579646017699115,24.934685619423117,9.728740439048366,0.02460276538678243,2.666667
AM477.jpg,0.8659386212717533,1.271465191743094,0.8548057334829937,6.37029294064005,0.327568488849548,1.2751752510783054,0.7602488214885891,145.7218699025791,2.057371331192246,1.1564596393493327,0.7986458577988594,0.31257916136161956,0.3257169559248825,0.4704962993918342,1.0742120656305358,0.49638114958380636,4.390716600010434,137.48740070029544,42.35429489824766,0.5740056956501534,0.39596273291925466,2.6446264402424826,13.341279880977481,0.025886901400362032,3.05
AM478.jpg,0.822635620589449,1.268435323441504,0.8249552036106002,3.3162297736592867,0.29158747473990393,1.4004923509005933,0.8401671906466205,144.08348782015685,2.4659898837509715,1.1703987696338427,0.7630631149892713,0.3048984574133329,0.39056307108616206,0.7856388421781272,1.1941976671047159,0.48246103830687276,4.819907180296893,205.91071240045738,41.86606266989543,0.48667181549986727,0.0,8.333562349708004,4.995928927494077,0.049520200629336056,2.533333
AM479.jpg,0.8384988526497374,1.2302719021489765,0.8960389233492342,4.460625296344387,0.2565023323316952,1.3361492809285682,0.7742130869568842,147.70538433999332,2.6964299689166857,1.1968933436602383,0.7875913325800068,0.3156308609820962,0.35204674963997645,0.7433134820592245,1.1569527157900954,0.5069441506517036,5.004018475062409,183.5699397975543,51.180551308345656,0.44725157794170695,0.0,15.056124336992722,15.182813360772698,0.009363664723035474,2.183333
AM48.jpg,1.0346487794329988,1.252826871763861,0.8105937988948603,6.646803673425421,0.3441712472978745,1.3513470145406739,0.7253429484503683,147.7815948204088,2.0516651121295095,1.1941649632231905,0.8172567575358584,0.30708095609478325,0.24866227615737865,0.4715056097823845,1.1731303928074843,0.5616875214086807,5.23485336755388,189.51658855442167,54.55121177234429,0.40827267516293697,2.1951219512195124,21.395360922146637,19.727401437213572,0.029689159263211234,4.016667
AM480.jpg,1.022208578390154,1.2592443452675146,0.8458025792377019,7.5717998946518765,0.3582816289546613,1.3257145629305314,0.784967678786713,143.3966916290114,2.021768795755227,1.1460320901219259,0.8052638660447584,0.30652511507657804,0.2905453662416742,0.5593744832183323,1.0835328005133553,0.5416834792801724,3.656544588425678,170.57320207335272,37.56616972454822,0.44740691687552,2.2694174757281553,11.68918918918919,15.644748571608176,0.02398760049645779,2.85
AM481.jpg,1.0076675421551642,1.2569866293019625,0.8565634469583376,8.24017142828501,0.3683341042168228,1.2373069239629984,0.8249293250741678,142.58143026502583,1.9059603316686502,1.176590293150916,0.7924126324912717,0.3165305859086517,0.3390577416504304,0.6921175051654971,1.2689322971265373,0.46797179281848467,4.837713357476447,204.38570159055308,48.73629490231147,0.5193006373187067,2.621495327102804,8.98235460191982,6.40254100298867,0.022324199491962092,2.55
AM482.jpg,0.8488016123939487,1.2561130851417932,0.8343111824898588,4.621049575915508,0.32030259419696394,1.2612413208074256,0.7980002887737643,142.80626286479645,2.1329775644622893,1.1533589759452274,0.7519623571258585,0.3124022946941992,0.3998614493789252,0.781768216280397,1.1534710193829525,0.5049077357240793,4.034416879218607,154.36635646758043,54.16190302628489,0.4568361711916395,1.095360824742268,14.380999897454505,4.57427020892267,0.02051946098738753,2.9
AM483.jpg,0.8629082039009092,1.2253626502915034,0.842780993661902,4.0638441220405666,0.2733591485715695,1.3868402532584039,0.9315321743715641,139.91436027856656,2.596501350859675,1.157822644111457,0.74375783709318,0.3046903615012899,0.29506209755748425,0.7880191167723981,1.2363815807089227,0.5487681799171918,6.433674825034895,193.2857893838539,52.007297524385166,0.4004895509811361,2.2316739018659657,13.346273583723786,1.3557491021918509,0.025792901008909658,2.033333
AM484.jpg,0.8942773049991921,1.2636606670921124,0.8696684282559477,6.8664792055199175,0.3890906211629821,1.365546218626504,0.7703750922381064,145.54345180099466,1.834439000327393,1.1059529817140241,0.7661248064004964,0.2990750630896857,0.3326780408207525,0.5704696295699122,1.23130490036467,0.5018792487382121,4.341166514534518,207.81641144767775,46.24852244866884,0.4874718126829512,4.432663081599252,11.330041431922309,20.689251884810858,0.04126379865586144,2.833333
AM485.jpg,0.9586698218179109,1.2882488010403919,0.8552888515036899,6.909154347278367,0.31963766318885706,1.4384326815704274,0.6921044069223634,149.88540936997282,2.114751136887028,1.051053939515479,0.8071025130666679,0.28462876168099593,0.37530715492429534,0.5424955316533084,1.1825685251155944,0.4859810289175124,4.338094357675937,208.48203505920594,58.15855394262138,0.43004601447267427,1.8490716138791572,20.530397727272728,8.169820184069792,0.03633895945019454,2.5
AM486.jpg,0.8614551977844815,1.2822374954795033,0.8223957621487253,7.5075658113477886,0.2952638051736978,1.3321988725722549,0.7771513437485787,142.61491499845016,2.261301052399254,1.1298507873990051,0.7767578994210284,0.30179263569516446,0.4446441951586815,0.7565828699944508,1.2484359782313517,0.47115593878602763,4.5761474995946045,188.15847238582722,51.6158967348772,0.3994725755087437,1.7534381139489192,16.19318181818182,20.50054092701467,0.10621261052938451,2.416667
AM487.jpg,0.9206092240213789,1.3247276097652627,0.8497777559042253,4.573802414929126,0.2878761348386013,1.4131755405546285,0.881468937517448,143.01993471134904,2.5225655384373984,1.0701550179541959,0.7572389200423084,0.2953168604294377,0.3934951584508171,0.7463534051362039,1.2228193720783693,0.43915386149363206,6.077670471053381,215.99713987417186,61.46437031814648,0.6075468566892308,0.0,14.57896606857346,0.5531656269718184,0.07122937139232985,2.183333
AM488.jpg,1.0595347486970763,1.2892081844560535,0.8074544184717978,6.777188643589257,0.368881943405439,1.1981629220463044,0.8560283446164847,141.90805437343988,1.9448744515614627,1.236968623546458,0.7842676222979248,0.3296439798445358,0.3704892875097424,0.6413031200965401,1.2651635412258748,0.4739225282568527,5.495638425483373,175.8088524130191,53.7837601620966,0.4425738065344331,0.0,16.27432403661912,6.687828699890133,0.028780224578520745,2.066667
AM489.jpg,0.9300158378081185,1.2365284975416966,0.8964574208607539,8.36567204078856,0.36702129723353927,1.3258070562484754,0.7354122219035527,146.0031933701215,1.8677870089117805,1.1285548033867012,0.7773618003808732,0.306870727184616,0.46272870406203326,0.7847652035074336,1.1136459240238374,0.4516986259160444,4.565107562336076,192.7591300280124,52.01501028460541,0.46907266516603463,2.917227456258412,9.204045666998699,14.823905880759312,0.045631144547483384,2.25
AM492.jpg,0.8611544797554849,1.2572880251569405,0.8180415334358431,5.715991840728522,0.2746653938374119,1.3354147866049406,0.8914398580986349,142.9162544481341,2.6551039555984954,1.2236709350683805,0.7827911876399903,0.3075963019711065,0.3772596308934336,0.6704694722036616,1.217185853608786,0.5114378841446707,4.205514409091971,195.06586084507316,51.52344648944509,0.39427281022951827,13.006088292419921,15.856327488750095,10.844345195237594,0.08979540065279482,2.4
AM493.jpg,0.897933803815655,1.302376696635879,0.9151833238732889,5.899118145384897,0.3551666632483861,1.3960500591183707,0.7881700802441662,147.54643612340115,2.001428424569765,1.0816763079415639,0.7437853523434538,0.2955335250809679,0.3395443215502693,0.8046721291669852,1.2114635550406878,0.5249085974566163,5.425571245217574,176.22743149540068,47.86282972548918,0.39875167251824845,1.953385217238866,10.502362537906391,7.740800862656727,0.02979080581823963,2.433333
AM494.jpg,0.8657155312818892,1.285605136727664,0.8063246621072159,2.8405162046800845,0.3295326867625032,1.2210446059941868,0.8272526546790127,144.54302431663825,2.1184308966156147,1.2212890704760975,0.7616902050916697,0.3222044054809398,0.41851987607359664,0.7047713328964443,1.2870872079743272,0.45635926605671545,4.839156359515366,185.95761609465768,66.23773220496247,0.5184372465409248,3.609224912221769,14.048946336682185,10.901509199421653,0.0831876792942238,2.516667
AM496.jpg,0.9757811431192062,1.314103560565877,0.8568942361392285,7.297388530672189,0.3440784580905647,1.3410357769944186,0.7708234736809818,144.7429969432741,2.0531411859646087,1.1225348189587179,0.7925242099210785,0.30313055561084973,0.38673422038180166,0.5255758723474848,1.1957321124779503,0.439909994036326,5.326449001781151,184.2085875706215,47.788834484201715,0.5790420088679752,2.89449824215136,8.029285478366178,17.83017031756077,0.025929470752399864,2.416667
AM497.jpg,0.7922776196962051,1.2896662755367936,0.881309283568029,6.424744369391135,0.31648282076345097,1.247632232168143,0.7186017824590386,146.12418008785647,1.98404681873661,1.1531504360973572,0.7669287730864935,0.3182064180096092,0.47206150180890183,0.6373885909781112,1.2039130476586006,0.4080097596574851,3.5689681106151223,161.23886742886253,32.84568719225848,0.6027427800423182,0.0,14.208295660036166,10.4650045406932,0.030890117081307022,1.866667
AM498.jpg,0.9488531908256534,1.2419347343431728,0.8459497488262101,5.9780348888799155,0.3112932959038169,1.4476695081826292,0.8750225911214106,141.5178535216637,2.3086265674437367,1.092865800497029,0.7670137350635754,0.29693992331848224,0.40434349218499993,0.6925549560565918,1.156607292008635,0.46663669010578085,7.9850106260586315,181.02196228546381,60.269615715066706,0.4732220400211767,5.513992627800951,11.095945945945946,22.653188576079046,0.03553100350568923,2.633333
AM499.jpg,0.8834312185859334,1.3024443155866536,0.8313146311726307,3.6018226872686196,0.3093470674330574,1.3473721315036715,0.749577703610334,148.09913267478146,2.207549515574353,1.1732158081318147,0.7977932832542463,0.31185199252688245,0.40805349854551765,0.6180272527090134,1.2560261665890828,0.4867830119262223,6.519198365639906,206.91395204296586,52.87202918103182,0.37376835400112096,0.5535455861070911,20.21984307052373,10.620373560977526,0.055852418365612555,1.866667
AM5.jpg,0.8124867186400389,1.2550600372076848,0.8833547031560977,3.7505663759513643,0.2419605732938105,1.4954051529469488,0.8020756596666301,146.1021010221753,2.8683347985175325,1.1358186386985902,0.7798095225123928,0.29816641050898546,0.3079916004626616,0.5624129495287444,1.1811887362718794,0.5222611725472347,4.696470312732512,197.8526493495733,46.0465007586254,0.43623967149838816,1.0435232100453915,14.350289783448648,7.979964120372699,0.01611411698537119,2.3
AM50.jpg,1.0034328316847365,1.2658261035114309,0.8284934839131431,7.429795868995669,0.356652233311045,1.298570414368754,0.772438351417971,143.38792352867108,1.9518549863462114,1.1814526475143992,0.7973923089580297,0.31260874852790166,0.31289546081265357,0.5723182222357563,1.179993905803857,0.49130906980559547,5.098947016449856,186.63620657371553,57.534571059696844,0.5304432698815877,1.4325842696629214,20.00278984195922,13.760707507187405,0.020740925333753553,3.45
AM500.jpg,0.9084106747627496,1.2515497921944436,0.8562195182271569,5.715374988708072,0.2786135273804029,1.3900110778933574,0.9024739663567694,143.64668409998112,2.7336541104053387,1.1642487935692787,0.7796873417832211,0.3052961347229718,0.29861953549850967,0.6758192572657729,1.0837198420461767,0.5276132319638464,7.061045638258166,200.83398261200057,95.7555978139008,0.5086516439185139,5.267094017094017,11.834018264840182,7.572147108568444,0.026452835862419043,2.55
AM502.jpg,1.0014722862781085,1.2730735779428672,0.8921763410369028,6.11706850211511,0.3102456740472084,1.4386214682357914,0.9453150889164034,142.89332927644384,2.6053952576255424,1.1339533411207077,0.761450502047563,0.30496864792303985,0.2594907122081612,0.6878049707891715,1.1734071925097282,0.5494617870189452,5.473684812935316,118.67679107576026,47.48378745694241,0.43589926846735205,0.0,8.783333333333333,20.312592601700217,0.03758586163403764,2.633333
AM504.jpg,0.8962222291467714,1.2683950694364166,0.8457161140259248,3.9505684985595315,0.3304872274338878,1.3234730600632465,0.9455816124523343,142.25963382529193,2.281044402360242,1.2143453371035684,0.747915182980809,0.3161617079498723,0.33653866531557297,0.9305735707036805,1.2363604663092207,0.5140968587208435,4.599951964386564,204.3159030456476,55.26310304564757,0.4317008701276639,0.9659090909090909,22.804653679653683,24.44102809566762,0.04924628081450355,2.5
AM505.jpg,0.9041871955215434,1.246004034662576,0.8389573760201187,6.479904547147428,0.276572751578935,1.4126022211890275,0.9734668860997007,139.666469336487,2.5404825476060724,1.1140619833830692,0.7696578269244506,0.29190246348841375,0.4640733491070908,0.6009876742922455,1.205827952983448,0.40461646709137744,6.552267830184004,168.35619626199673,44.643409376750824,0.5731504734884341,7.204510670861321,9.460246702491451,10.761271154336868,0.03739642638952645,1.65
AM506.jpg,0.8336912690020406,1.2815657553028226,0.848649584791716,6.878094528875127,0.3384280312019806,1.3054950505941911,0.7763485168200718,142.18029198062504,2.0300944807069317,1.1456187577317463,0.7634844832428971,0.3077126213582321,0.32906700359726443,0.6007097941396229,1.1612864258483422,0.5177920753043802,3.6804016049701485,182.79844273540806,36.41399585698528,0.4895661347027775,0.0,4.904743034810705,7.429051558561099,0.045106199698227226,2.55
AM507.jpg,0.9112374820650303,1.2656620886450884,0.8011821388433207,8.590184468981294,0.41375041685176306,1.1812984856198434,0.6817003971679676,146.9865032814936,1.6989326670673313,1.2031296568803627,0.8012398895608929,0.3288189296111154,0.517117835291137,0.635699582257681,1.165176410123597,0.42562387975136695,5.385585054679227,193.81529084701106,36.06696122563022,0.5204958744695959,1.8418940609951846,20.7638067061144,15.26160190535569,0.012015173360865305,2.633333
AM508.jpg,0.9885102441392734,1.2643594291762084,0.8418476572950977,8.551047265451924,0.37616226373292017,1.2121649429314532,0.6009885109509123,147.7473851378083,1.789414569523482,1.1755113899453107,0.8097777604795026,0.3209807737198403,0.29927613582534507,0.5907374227086982,1.1600347234961867,0.49867777995173296,4.40093341666675,220.35800188193087,37.108647876762916,0.5427912127176593,2.7585115064468746,27.30487012987013,10.47759468753489,0.035687681590691724,3.15
AM509.jpg,0.9376829704836177,1.2961442318840863,0.8536647117504308,4.75528284360338,0.33257284699395895,1.283331128207339,0.8867282026491276,142.9762493868372,2.203567524205835,1.1031528079782058,0.7666789015575602,0.3088143598990938,0.34261974961232045,0.6922690729236449,1.0752478888877042,0.5342520404128593,5.537189930114906,206.04906811025234,63.54540062858973,0.45720076887410943,0.5967238689547583,16.645833333333332,8.215265587053509,0.04706158475397798,2.833333
AM51.jpg,1.1102982469538099,1.2981784779847438,0.8862046278830266,7.106519373050312,0.3524759971495328,1.2963716363989362,0.7641583005653282,146.31089771359,1.9761568736489201,1.1402458173031382,0.7932583700498131,0.3128821237555085,0.28046333494103903,0.5034301851954577,1.1658253444854358,0.4739034542259657,2.6861011670653263,179.80956994026917,38.129997176584254,0.6005705874351482,0.0,3.2028019986283924,2.734283667402252,0.08607559286497839,3.75
AM511.jpg,0.9327332245663532,1.267145726432092,0.8507455003719095,5.258820474436952,0.3371451061072753,1.3921847020137057,0.7891300735185875,145.7223173766734,2.1115849112153073,1.1112839626409363,0.7790006968528999,0.30148636548558533,0.3553715140896933,0.5804284309750777,1.230975852813728,0.4736430313017697,4.8681550248836345,210.0235223374823,53.745452162043705,0.5131814024293944,3.585319603995326,20.963000644615132,9.845612716513983,0.04604599447822378,2.683333
AM513.jpg,1.0236079472447481,1.2622828111761497,0.8743367592248202,4.855080970397475,0.3066004750765745,1.422087797027356,0.8629568901202751,145.74935754540303,2.4315973722547812,1.1059651459160529,0.797183616498618,0.29909627016032936,0.3070640121635192,0.6057656422856184,1.1619701181946218,0.46929948620487544,7.514655532772512,192.77947098436005,56.57668128478923,0.6045948410005565,1.1530873032099775,11.044167462868062,18.692916130510426,0.02301002608944785,2.65
AM514.jpg,0.921269823375113,1.2783627239988515,0.9457394235572711,4.615477111909283,0.2956641484244703,1.4622407328086877,0.8011348525436031,148.6775662254059,2.40837204765093,1.0572665603936784,0.757330483600222,0.2957989043630636,0.3804958327642462,0.6382973946931517,1.1924041006654176,0.42837799171402513,3.426932761757563,190.39879866763135,35.56862788964273,0.6324036248780773,1.9758918892283432,15.393769365706511,6.9091489024717845,0.020780049877722608,2.316667
AM515.jpg,0.9520904212119551,1.2654936055515842,0.9209486086313624,6.836043680255257,0.36001504319325606,1.2513411445648386,0.8425042467902445,145.15555471455966,2.0336792173552714,1.1621359951299282,0.763578344744693,0.31840337639681005,0.2774456233491122,0.5980710538215822,1.2117693764130366,0.5500774167110284,4.986021282345082,210.39785462174325,40.487490476084986,0.41703620274713765,2.0638489208633093,10.187040686303561,16.570468907457524,0.014815136233971776,2.633333
AM516.jpg,0.9310743706270581,1.2645732299803791,0.8920783642723711,6.751971667401309,0.31330646337284146,1.3431009142708703,0.8102104973396884,145.11474220062377,2.2213770675496196,1.1454801387604994,0.7775144027806002,0.30712054928186544,0.31510411205432426,0.5702370847881493,1.1918748205813536,0.48874581020941665,4.002524710131965,205.0028317010025,50.607482863793194,0.5284904625423125,0.0,26.887950450450454,12.739684728222656,0.04042622960851662,3.1
AM517.jpg,0.8836797259273922,1.2664718249364928,0.8554298094156529,2.8999948657140227,0.31001333548389143,1.3333449906243575,0.8193286017530842,143.54786078216506,2.2850950305086335,1.111905994963419,0.7562340878298228,0.30242942741359924,0.36123407282510045,0.6657282837550769,1.1753949896717706,0.5331497832430762,6.347167854913263,185.77849761123852,58.91344906754921,0.40568898111221685,0.19615384615384615,14.087580597608028,8.156857564491332,0.05162899338047142,2.75
AM518.jpg,0.8577162265274288,1.250210414997728,0.8692998721975941,7.225766645829586,0.3171408233869002,1.4748133559461003,0.7965550497399593,144.9402938106287,2.2725106098562993,1.0402099887888365,0.7743864006278585,0.2891288576807344,0.3758542831269363,0.651264069930966,1.0809502725513733,0.5240029314752254,5.499089857163526,164.75353989431875,44.96059871784817,0.4674810513638169,0.0,14.032171765674303,3.120675969453515,0.03507701266220657,2.016667
AM519.jpg,0.9822484703073702,1.3028317348528264,0.8437578509371041,10.797357679025772,0.3376095436736074,1.273370057245291,0.7125671772850978,144.61462495554883,1.9883220405907827,1.1967387644338292,0.8028740354898551,0.3108535159389283,0.40259117618024615,0.7147927826525304,1.2160332444641722,0.4229838335532833,5.672459314987775,168.8087417307492,40.37937370100943,0.5440659674536751,9.323523117373188,18.94274227454278,14.0802811583724,0.025084080669092033,2.216667
AM52.jpg,0.9585019583983957,1.29331169889668,0.8717234262168112,4.184686947292246,0.2610784645057409,1.368152199467038,0.8708051088162009,144.58350487298665,2.5851251519498835,1.2245197669785892,0.7698744320840751,0.3155097850697245,0.3736263863385145,0.7557658303606335,1.213395501272481,0.4217521083405324,2.983605058703687,161.31876793826078,55.85602015972351,0.5573353236947333,0.0,14.816692425383856,19.282934395589564,0.04955457363717587,1.983333
AM523.jpg,0.9650154086359489,1.2813618170066903,0.8622807779656667,6.007269257493347,0.34820427087767286,1.3502273115800905,0.9115836794106311,143.66298768404226,2.104481516348608,1.1282636777413324,0.7692569381128586,0.3054289756258955,0.33005922940072946,0.7130929330340731,1.2543121562038537,0.47478348300559664,4.839175768686254,186.55839312799202,43.233245780251366,0.5199385833182111,0.0,5.788979177247334,12.281247797617937,0.028299569177203075,2.95
AM524.jpg,0.9275549737185081,1.297528022865899,0.7997862615853543,5.4614039998932356,0.3047158051427642,1.3406914925371423,1.0630744201346225,139.2815292113306,2.64307466656937,1.1840508958649896,0.7611687804148055,0.3121001318497347,0.35425522597404685,0.7033501963676362,1.2801894342015558,0.47330948543013035,4.7289205160983965,182.95148477122666,55.46022602996791,0.5395399600385485,5.841965285554311,8.225725264674725,11.15621461103116,0.051534107295643214,2.4
AM525.jpg,0.8950672136970684,1.2620325264022243,0.8528540514740489,1.8617615729964174,0.269138231869808,1.3837206200148788,0.8775323296610423,144.67249272754088,2.773222323004766,1.1309318034648541,0.7834940755439601,0.30745818008098225,0.4680164082488828,0.714467428327846,1.1293315339057595,0.45853120610375414,7.057781564260131,183.03731563087024,35.97920425072496,0.4700066215420342,0.0,6.704878109160225,4.55356416874514,0.015175368907996584,2.716667
AM526.jpg,0.8683042165005962,1.271099872557301,0.863872260985964,4.957837849726661,0.297316709414563,1.3900428106644338,0.9197579364233911,142.7739021060348,2.470116791490491,1.1301652434562564,0.7682687390172117,0.2993802296983143,0.46421492174382767,0.6286722909050685,1.1181164103293904,0.5069724155190357,4.52040916369522,203.53307276847636,40.84527562109125,0.342912526490758,1.2209921832423682,13.258060761261785,3.9135624314177306,0.06296433990547974,2.75
AM528.jpg,1.0088042081861879,1.2939743462538955,0.8777890725945301,8.455190672634236,0.3856519546420063,1.3446663490342188,0.7756095666781773,147.654838295064,1.9069984334425187,1.1463612577847324,0.8013713000604041,0.30681487686579245,0.2997547994416547,0.7550929643288312,1.1700857351195866,0.5521097188656339,3.879735558061532,186.9348510888596,43.46723450854873,0.36655202476517634,0.0,13.2486388384755,8.485287948747654,0.036494005686276774,2.9
AM529.jpg,0.9151057326225431,1.293043068129386,0.849833480706635,5.608809773908952,0.36066686997093467,1.268480945427271,0.767507669716009,146.07996389745637,1.9342469452361708,1.156336539329429,0.7843069492842524,0.31230945757986495,0.37632488969452643,0.7122107190273912,1.195485027244156,0.519457951729418,2.839288093268594,194.1905031224225,31.740952672872055,0.3975203076851894,0.0,11.85576278758097,16.382287432053985,0.02341419668451278,3.266667
AM53.jpg,1.1054685245290488,1.3425288031127018,0.8160602343850784,8.274027670442734,0.33966242392303686,1.220812401134595,0.799663247948641,146.2037154003095,2.1233393296462904,1.2407386400261653,0.809626689297494,0.3298875630995208,0.30702507952442515,0.5126730924929277,1.1517118625975487,0.4989100113730971,4.041381568533766,198.18192915187998,61.49051591395511,0.4999708223554012,0.0,12.718577223803447,23.516929495502623,0.052003315860982724,3.85
AM531.jpg,0.9175838899203742,1.273183311245825,0.8593051096722302,5.205722866354709,0.3123412209878549,1.4173611252224136,0.8342923041662196,145.58209926030355,2.3414732658978297,1.1278021926538722,0.76368706195032,0.29867268607211794,0.5043984243230142,0.6395553057071739,1.1394606427344798,0.42276226309135395,3.820760877043006,210.17607074623265,43.13347298086953,0.4770535219403859,1.8842364532019704,12.825517693513383,8.53737345302845,0.030501489716794554,2.7
AM532.jpg,0.9212706060110598,1.2658146911199168,0.8413277165324603,7.480710192524445,0.32526997713439787,1.3475196464719454,0.791644233057774,144.9761501754445,2.1390923766929513,1.1893716160284646,0.7997975637485394,0.309141620927469,0.3191266996746935,0.7313893127261868,1.231682186530711,0.49317865726302645,3.633015628427833,166.22839819081474,35.24171883781759,0.49330281725629826,2.0601436265709157,5.81430155210643,13.987480048435117,0.023803325200477767,2.8
AM533.jpg,0.9533359423891523,1.2977115057605426,0.8458583021795829,5.382725294158403,0.32390610703588696,1.438503528888641,0.8661995529824791,144.16871549856344,2.291807375157437,1.1032122032868805,0.7823495340547454,0.29341132430069233,0.3358628339829144,0.735562694952931,1.29934997007323,0.5195937369882304,4.276010437428771,202.58311052309395,42.81936481862661,0.3761934885023667,1.546793760831889,14.670273835841119,13.252973565970251,0.027285438561686904,2.9
AM534.jpg,0.9802072036730748,1.2878798632040485,0.8809796949631801,7.876807061443401,0.31289847705532225,1.3398266915645012,0.8446366376039931,144.9117875538468,2.434162464383223,1.1303470099396473,0.7850842411928668,0.3098188288103851,0.3084077994549913,0.5819875302782442,1.244919382876912,0.4579058088558493,5.45970533703667,190.87640300897266,56.847333241530805,0.6293740464968829,7.7340625378741965,19.583275285594873,16.188820147462508,0.03772722374429364,2.85
AM535.jpg,0.8213842823675327,1.2598296476746047,0.8985733714420777,3.632518889080232,0.2799943911373498,1.2778567841251667,0.8163482511057029,143.66852578142004,2.397041225147011,1.1612129248176963,0.745229909173656,0.3167274545954928,0.3465964412391701,0.799417391699847,1.2162222348117764,0.5314517830360206,5.541268132491575,190.4335435499442,35.21932465377955,0.3873216408362604,2.0615804960067257,19.24063336306869,18.428481068763844,0.027871226972273178,2.2
AM536.jpg,0.9847710836093159,1.2986162834740342,0.8165766087413328,5.446442898129334,0.3455027961315868,1.4468059292854922,0.8550249913922738,140.90138539440045,2.029479679539138,1.014043312336746,0.7487373982859244,0.28779817802093044,0.5003061947227003,0.6474644374143418,1.1545066101292338,0.34864329121166127,4.792020926986384,210.45270798326575,48.40926286131452,0.8284827389915252,3.2173531289910597,9.654639715123587,11.308710752406071,0.07460398226745982,1.966667
AM537.jpg,0.8995567935931283,1.2700859453870248,0.8774652193910721,6.584532834904151,0.34350179448070495,1.2880132698793616,0.857818780493798,144.59285537479047,2.099989663333614,1.2322132273469717,0.7740802895201448,0.32229410200118513,0.3640308371568735,0.731968425454151,1.2873205199052187,0.49219776319403546,5.307532826431704,188.87601220859295,45.24584189229125,0.40074204728185564,1.6052158273381296,11.21905027932961,15.08296816682541,0.021341366907289456,2.65
AM539.jpg,0.816803138102571,1.2251467616683016,0.8850892818203386,5.135137018533125,0.3173502703101564,1.3262730150816946,0.8171679351122804,146.36467258086384,2.250934813812831,1.1977540344540971,0.7554686302101546,0.31602341998580347,0.3621908643140612,0.7398924929862967,1.1783630579198923,0.5301820200942758,4.707400320228703,206.54205278349377,59.94791052407956,0.39811481070186416,3.282717828917938,11.10909090909091,9.537828164577107,0.033355121735760225,2.4
AM54.jpg,0.8934401555750161,1.2594367485384637,0.875526793702994,7.257194817019116,0.34407154281710994,1.3091313663525963,0.7579983697176235,144.50746333032438,1.9455068679124294,1.1218165904606208,0.779674617980724,0.30864364682989265,0.3806741284898131,0.7422578938132858,1.1458792136429106,0.4701124705678172,4.399140994342698,190.77300993416497,33.352579826638106,0.5287209299204265,2.578125,13.689869114397418,7.50512659413279,0.03593757570664271,2.866667
AM540.jpg,0.9992909200164597,1.2726972360866948,0.877524605262345,8.01538537971498,0.3438977909944141,1.311674272795765,0.8167782902410222,145.64398997065172,2.155840352707952,1.2097575638202158,0.7828946322588993,0.3180367856069919,0.25998478617318427,0.5616513668415374,1.1820112241484364,0.5237806638821499,3.2497636200647517,217.77388769480788,41.63445414360962,0.5013673652110389,20.21689723320158,9.19028948094751,11.545084411840264,0.017604642475572394,2.916667
AM542.jpg,0.8243744406412891,1.2257627111023905,0.9472183320035037,4.451879001417014,0.3057315987695881,1.2847835599260697,0.801501095851001,147.45440132262058,2.2449007834866825,1.1993628645218788,0.7442025708732213,0.31961287407660427,0.32554075898421925,0.8270715743447716,1.090885177911271,0.5732657948284459,4.780558271233902,157.14485807503263,32.651470486019406,0.35441927749653124,5.019423772989682,9.288667478257281,6.800124476895391,0.022519342879798714,1.933333
AM543.jpg,0.7641277184862995,1.2392819096778893,0.8614536136144569,1.95496717325847,0.3053284366599257,1.2561440116173324,0.8240233764198741,141.9400190675135,2.124729363367072,1.181795869112712,0.7462581273113024,0.3141504730016101,0.4554286350626733,0.7358076249168294,1.1023610620178619,0.48108615603781474,3.5226718725492745,178.8721132074361,45.86066828611993,0.4825914832809669,0.0,14.440831218274111,19.472709595305517,0.018038931691168034,2.75
AM544.jpg,0.9023043752050637,1.2922690127032497,0.8158715510544193,5.442946984594527,0.3493576430635113,1.3051206590765816,0.7238651971614438,147.61417856138917,1.9202038471248941,1.1499615211941068,0.7891678884708042,0.30373644483356016,0.3511486075898682,0.5867540271256455,1.1451054854475264,0.525342991622805,5.599640253172732,194.62495692601442,51.09342539448289,0.41970959676039954,2.9479768786127165,18.612068965517242,13.996603337387981,0.026296387142284834,3.066667
AM545.jpg,0.7699193991602822,1.279397019791084,0.8734290830035428,7.1466940801905885,0.2787870220655051,1.3965857827808197,0.7609217047829021,144.22875810455827,2.4238840818401517,1.1601465636508737,0.7650031691778715,0.30588838354032616,0.4275974904684264,0.8359782379174542,1.1711929300115833,0.45874452368143703,3.907096002826661,186.4079949096709,79.38222540358643,0.516707911796903,1.6585365853658536,15.06149407834801,22.238015157985544,0.008709277849304954,2.35
AM547.jpg,0.9451454302979951,1.2711719143004967,0.8680159143182217,2.747489721793509,0.26777074672928336,1.237312795425509,1.0069528563642536,139.82618095739804,2.717501955790557,1.1988101686502917,0.7371826066203188,0.3259170812627142,0.42388462039685343,0.6492081101061183,1.1159007446747584,0.4520265018917052,3.440568133056681,203.37282257318628,47.02486935681202,0.543511600625829,0.2175767918088737,7.691292875989445,6.018326912352592,0.024558696993222228,2.333333
AM548.jpg,0.8383766604012725,1.2461018768948708,0.8510668768747227,4.684417597033486,0.34074245012335114,1.3615749310326037,0.8010870778553301,143.63910600166733,2.0145779545569074,1.1410450608532268,0.7744729057092885,0.30338111544590457,0.321129214215473,0.6080082914796402,1.1727691195482284,0.5305311489800946,8.024906596619047,186.0677190972899,40.353310864013764,0.45936822204742433,1.068435754189944,11.050522113022112,9.247536135597528,0.01380366095266507,2.9
AM55.jpg,1.1711489565016036,1.3228409647397514,0.7728980084927533,6.514167594223499,0.33953599013795155,1.2191358885571444,0.7836523339010865,146.220181568715,2.1723048834698564,1.2794203229215788,0.8074005621439099,0.33347061154968655,0.27842894811663044,0.5985992376182003,1.1266754545838737,0.4883534818671681,4.600499857174568,155.75841014703906,70.5500308747127,0.5649405369002044,0.0,19.213364760239763,29.126199813086757,0.024048162406995633,3.9
AM551.jpg,0.886565622920521,1.273434760753977,0.799642072705129,5.0929676728771,0.2923765316894694,1.3022687364734866,0.9861529483896405,140.81001575336538,2.5629416899179747,1.2202493301438713,0.7648080425779004,0.3201544914397,0.4187965515389349,0.6401412850205302,1.209976797209659,0.42652507144478186,4.066532146031818,141.47686202686202,37.85575721099799,0.6155996214430663,0.0,11.439384455810293,17.996127116143363,0.022709634368378896,2.016667
AM552.jpg,1.0271796982869883,1.3101882806362408,0.8198164856992871,6.018211099151097,0.3572212915439439,1.3641402148602504,0.8050260653268108,144.98034543787355,2.007175826356147,1.0907120521212468,0.7771446779220728,0.3027058821041473,0.46597087484395017,0.44213318791371237,1.0699249552918673,0.3779586585811962,4.439342218208426,222.95471737536508,40.183966387222796,0.7942705989337646,1.314845584326987,5.510635521336291,6.780842709012802,0.037982484961184816,2.416667
AM554.jpg,0.8975543536576388,1.282027893726444,0.8894266003894559,4.941295634492027,0.32681672961877556,1.5090096202230419,0.7278199023865732,146.3707488748064,2.076416243532537,1.0592219866782269,0.7725541772391197,0.28947194876763754,0.2639713874860672,0.6529309481772165,1.0755479274697042,0.563231491277269,5.964435305034051,164.42101987957886,55.29490522989734,0.43463333336575,0.5633284241531664,20.376984126984127,12.02153475372073,0.023181924558782867,2.6
AM555.jpg,0.9330213269246925,1.318315746168682,0.8871398230334337,4.971581695189376,0.24662986555854644,1.4598517673346076,0.7851229600722834,148.14888372632635,2.8927776080647996,1.0891293820736352,0.8096670998980255,0.2979128602034436,0.29778223257845715,0.5253067255181226,1.133700043771588,0.5261212467288683,7.477557279575093,168.727949496002,36.916131314183815,0.4625703920436392,13.484535349184585,9.254347826086956,4.574851030338365,0.061132553382231544,2.1
AM556.jpg,0.8967177054372356,1.261278990812365,0.8386173748744764,6.2582114635084185,0.3262725938234162,1.2964574527423693,0.772930436599587,144.68770581715475,2.149359075838721,1.125127288621684,0.7697335885049926,0.3067662546053166,0.438825910356295,0.6236777786214575,1.1375984127892047,0.47017476058974483,4.58533982841792,189.06885011236102,45.648994890023886,0.5014197336570833,2.94404973357016,13.769922951996072,13.949094760679074,0.08256906561343949,2.9
AM557.jpg,0.9725785010966933,1.3012109883098795,0.8172818396074855,7.117992764214636,0.2996018513704982,1.2561940707878863,0.8684146872933107,141.68571400696788,2.3604107917763404,1.1665150459034452,0.7900847252007629,0.3138551066802005,0.33864889436276935,0.5414115004301476,1.1373660323550332,0.4673092536671175,5.641016524841914,203.73951191167924,48.605391740005416,0.6185423301805775,0.9074733096085409,10.088578844905905,7.866205460066354,0.05071377288769452,2.716667
AM558.jpg,0.8436463253684172,1.2967757845070758,0.8445444340311901,5.910730843799497,0.30366839444417637,1.429350167335916,0.7862128359394877,145.94272036840854,2.2546923722170127,1.0915670426238075,0.7650328263442869,0.28791808466917823,0.3789928340639598,0.8305543056758695,1.1556553592392615,0.5100787027626302,8.774255901345516,158.1663046634741,59.25082508132786,0.43174393450353993,2.156954887218045,12.905726094831188,22.549352836712494,0.03763582859760883,2.766667
AM56.jpg,0.8925549006741051,1.3068221875183066,0.8389086380605267,8.453686165762981,0.3418377129978083,1.2841415970051513,0.7451926827184429,145.2629684705807,2.0029747807556633,1.178533946580699,0.7891860721031332,0.31656376042169676,0.3933705718076998,0.6776447258585307,1.0392682658867054,0.5031976766819413,3.837063310320149,220.27051462920934,41.3678408324179,0.4882859064872314,4.232050400594929,14.101206896551723,9.839939529702733,0.05099657067429,3.65
AM560.jpg,0.9219562849114621,1.2831692466265956,0.8265917540950816,4.440855013698479,0.3053625179940129,1.2428869296364264,0.8378027212751711,144.5864027819963,2.400819027494452,1.2426046908403376,0.7637344260830824,0.32967387995532754,0.42118907195863187,0.750834923952433,1.168343926913768,0.4601871986779038,4.009604067139253,143.41972737599394,41.036153368773725,0.5041940031437444,1.2283236994219653,16.36458597113193,17.925053306218302,0.04771069611527022,2.866667
AM561.jpg,0.7438234137933958,1.2495858688946555,0.8632271150609103,0.3862257886561572,0.24355476158788839,1.3016858167187493,0.9204998955699515,141.26436374057977,2.869819490758034,1.1741748869707316,0.7334922545715948,0.3160904622825757,0.4405026761963427,0.6575832481103854,1.1185027369251086,0.48200657375536576,4.074106836397968,197.24991162860542,50.21801507688127,0.5061081161787562,4.659190894284591,24.20089552238806,11.070274872833238,0.04590377446852487,2.833333
AM562.jpg,0.9542408471682956,1.3106710306667078,0.8563279996818078,6.0894022830101235,0.319606591754546,1.3649030628355008,0.8337908201175064,144.25997694286195,2.275750534097411,1.142614475953001,0.7693594470196174,0.30472586510103583,0.3241422416468802,0.596944268056274,1.1675005699376664,0.5201344139686743,5.082222683448789,169.47930611020493,43.50028513118396,0.4418604233005542,9.968962141911495,14.492402850611807,15.456448133654447,0.03685652692540552,2.983333
AM563.jpg,0.8804004763267503,1.3383969600435737,0.808618074530599,5.474305295572851,0.3244669468539003,1.2016355575844426,0.8417464096766984,141.3434393736447,2.0586134010714887,1.1964642173979763,0.7627523529808515,0.31917857952771916,0.4136256815406082,0.6691577332105738,1.190168459327382,0.4838837868754164,3.9068642714252584,186.94598603290447,45.11827067709922,0.47403501025009653,0.0,17.631852159468437,9.619983622737948,0.031476263203698944,2.883333
AM564.jpg,0.9617910822544032,1.2934902341830652,0.901962184655229,7.749124598145113,0.3649043319612144,1.4212394103368493,0.7002002428501666,148.1427219268538,1.97591642107919,1.1142892299259508,0.7890100354043434,0.3031122353259375,0.3353248588772287,0.7157606353000093,1.1577738470433763,0.4677734633170193,5.584382740499934,195.28655103675254,67.64931495229958,0.5667033794013218,2.96097132034632,17.668293936279547,19.650274063384444,0.011120677518778332,2.716667
AM566.jpg,0.8133348047516746,1.2190764909488911,0.8786792883182267,7.672310117083664,0.301200087233099,1.302242479242645,0.7903009341797175,144.3383926097096,2.2074520582009307,1.2349318490339367,0.7726754294654384,0.3121658576531316,0.4880768685369546,0.846108652203542,1.0503212581014185,0.5132296870428003,3.6954476611836835,188.50478656967476,46.98877233479931,0.3145210520306591,0.0,10.45775829914211,10.523851813262311,0.031208619030955304,2.15
AM567.jpg,0.926847392987869,1.2566267173074903,0.841764947523592,4.450449297979528,0.3277359096060233,1.4711277110254988,0.9588738617883941,140.2204788137955,2.2423630092632187,1.0789938643694605,0.7460731263476925,0.29077668715263366,0.34078047503038406,0.8219526953671352,1.160331742595212,0.4769720073424836,5.95830471803437,149.33704305818404,36.27729463051108,0.5565330963521913,2.0901639344262297,7.781987470602546,14.677077098872758,0.07921134489515155,2.466667
AM569.jpg,0.9834172300297813,1.2762055780786046,0.8722623812409293,8.427380173350164,0.37667409017696407,1.257060729958469,0.6619783841980521,151.22036413242807,1.8459324207515286,1.1867306926306094,0.8131315629712932,0.3178110865013375,0.29608056368235197,0.5229626195511053,1.1821848077883683,0.5203318210671414,5.776164741657601,201.4699720038236,55.28315881701042,0.467184942233481,0.0,15.135796815555867,14.489769648039882,0.0373487907453866,2.9
AM570.jpg,0.9822658194827883,1.284398188078809,0.8842040645303776,7.753150386881923,0.31779029610925436,1.3570827625156598,0.7441393713587514,145.41622135458113,2.0527032126453975,1.0577317063271157,0.7957115305493376,0.3000611967206752,0.3531281573503718,0.5329763885918982,1.1492359114026947,0.43621241381580655,5.564806488358969,173.0803213392585,41.667007513362364,0.6340707026027109,0.7764920828258222,9.023972602739725,8.101599213842775,0.04722484891178459,2.216667
AM571.jpg,1.010501523622078,1.3035819462931761,0.8468800665774063,6.459129201441542,0.2805269062533737,1.384592626536906,0.9103579965939822,144.81543605199232,2.6966021332045074,1.1537647442221632,0.8013557820978451,0.3014254885608038,0.37921000611879235,0.6185787039427206,1.1911885998880904,0.4767655625854414,5.008113586721227,203.88149935215813,53.19232266390651,0.45803598236173393,0.0,23.99141597710927,7.016995381233386,0.033455240753619095,2.433333
AM572.jpg,0.8334215878461994,1.2731013500918613,0.8333953091880227,7.813792478419689,0.3609303115584772,1.3570940247720742,0.7843844054281559,145.72520319501058,2.011474635349169,1.1210851294775466,0.7686130958000196,0.3027389135315762,0.3773704060105763,0.6016836009553188,1.2164101828097464,0.47183110386654814,4.278107235379199,229.60638074444205,38.19224836519339,0.5515754587950504,6.397058823529412,12.69992826710721,9.847525907116946,0.05810748372300854,2.85
AM573.jpg,0.9453588601191601,1.2418864817611082,0.8767599475678302,5.343331187843207,0.2956589044998249,1.5106048113645452,0.885317859222585,142.62457639436434,2.4934224318376126,1.0785782695718227,0.7774431982087052,0.2892092992363675,0.3880175954543437,0.6275345500082324,1.0608355531950058,0.47952033038796826,5.9091261752477084,183.0434153186912,53.14439251738824,0.5102499772642851,3.377483443708609,12.00943714189417,11.04547343007134,0.030940560025868334,2.133333
AM575.jpg,1.0318342297752703,1.258513686441647,0.8633282486448277,8.262918399732413,0.3768891932283672,1.3760762151871408,0.752225410904306,144.51903045067994,1.8107138482136589,1.0750774075870222,0.7839835584461158,0.2927531491460149,0.29903174915233816,0.5990547877163143,1.163586403940567,0.5059760874330744,3.7836897408033012,192.6005253709277,61.21512058187409,0.5163367005787846,1.8821428571428571,11.806371959469619,14.753194600616638,0.15202069292072143,2.9
AM576.jpg,0.9085084106840413,1.2939693428107812,0.8774083670559647,6.961004973163531,0.30723235533450904,1.3540252427853483,0.7186832499982512,148.3278877837916,2.0809634412944096,1.1667618014346197,0.7859156478539553,0.3097933080629156,0.3647728721461373,0.7063445832393784,1.2174279929700296,0.4760031714974841,4.124195572901707,164.0450062263756,49.68755941786495,0.43250044491279704,0.217206132879046,19.85864894858151,17.397508720068018,0.016317713581691297,2.4
AM577.jpg,0.9126886411149359,1.3063852099492999,0.881865332644994,5.236562964572709,0.3762213261383087,1.295362339475102,0.8014809426572861,147.48818763114662,1.958119974997801,1.159735505258495,0.7846053785545702,0.3168414761748361,0.26977420848154904,0.6536415102900269,1.2170267270818393,0.5405029706879864,4.993245992675541,170.15207506999946,51.01606470730515,0.47001542910268485,1.1528028933092225,10.966539677975849,7.126037900399325,0.015619280004505767,2.783333
AM578.jpg,0.8731332929202692,1.2776356010459262,0.9203107138231226,6.895595718388542,0.404758212154277,1.3266758868462296,0.7035561414189052,148.51952058946875,1.6470997882476255,1.10274458481284,0.758141320633713,0.3069044089831434,0.46508106972405944,0.7753845833568025,1.0625086845806337,0.4513766896209489,4.5968852974778525,172.83803696958694,52.02714871743794,0.5086982457223098,0.2229020979020979,12.844410102145384,7.117940568784761,0.03190210505037484,2.316667
AM58.jpg,0.792471860155068,1.2307834588556303,0.8023341208492679,4.750536573463158,0.293747929177462,1.2018745410293434,0.7417727256271616,143.22341571422942,2.1652762044378964,1.2745711928495116,0.7817464814479715,0.33240367178198005,0.39891545299842823,0.7394135195383974,1.1479374651151555,0.49547331075371054,4.064011181034562,195.98375390725312,45.31534073360041,0.4588650655048869,1.4718614718614718,16.578125,12.5056238281731,0.08599929318988976,2.433333
AM580.jpg,0.9015700751928879,1.280170026989548,0.8004092987528925,5.239682659423937,0.3020625010896208,1.4660875043478374,0.9186629456023115,141.0663066452335,2.544525454169754,1.071003195521034,0.7664308171270056,0.2919560161445698,0.5269534879118952,0.6269253471319066,1.0904092814488788,0.4488985823203781,5.937574477740368,183.24957825860298,62.033922478405984,0.47597181575033165,0.0,8.931095406360424,3.1771464558907923,0.05604860969078061,2.2
AM581.jpg,0.8554422858561581,1.2719013179573595,0.8336770763516643,7.531841624927322,0.37411131021378685,1.2587111049411945,0.7617500577766273,145.23947082460592,1.9428743361725271,1.2133998640929369,0.7806776907295435,0.31973201397744816,0.37372260499749055,0.7632936884848308,1.2170101873746848,0.5088849845936758,4.134936445921132,200.76760738522466,67.67125850084332,0.44755136978465954,2.2668916893937126,12.74601825184774,14.828500926273406,0.06937113309010483,3.066667
AM582.jpg,0.9234259886279371,1.2736181619684341,0.8482658320569193,4.474803148634654,0.339636741471657,1.330024299406645,0.8125887126675431,144.6845814476976,2.0544245942798787,1.1442879457910948,0.770572919230245,0.3042581272068581,0.35870285653038436,0.6721284484625096,1.1516505956984375,0.5067437443519334,3.662874510670949,195.49537553561325,40.46010582606968,0.45622897313141436,1.5778577000526097,8.770361372336325,11.848728342498944,0.06209816960479457,3.116667
AM583.jpg,0.9365592889911024,1.2799995841497256,0.9011337736887952,6.498923970931635,0.3381447936827169,1.2928384293077222,0.7775250322132043,147.11793620118837,2.1270227945193785,1.1413519096864548,0.7886433004439994,0.3138947679407016,0.3615430466687575,0.7038750051725242,1.0524067964113337,0.5287444495037846,5.360689298540557,206.41369038458708,39.02373823147704,0.4306429994230717,0.0,10.436271115822237,8.471276514263252,0.019789850106551245,2.833333
AM585.jpg,0.8644931102240286,1.2532077439566693,0.8214435624308952,5.700132975936263,0.36667949458417987,1.4058209894634703,0.8172340038312442,142.48283589874438,1.9188665988494535,1.1190972242390138,0.777451804137451,0.2953260946527618,0.3040209773746714,0.75716060547128,1.1589370653168867,0.5572859097030651,3.988082945322091,208.27926015257293,40.48641646142417,0.40297238123069135,1.281289150200325,5.847517730496454,7.846454873972931,0.016304511986574583,2.7
AM586.jpg,0.8947514116668538,1.2904047758828263,0.806598291097345,3.906823109958453,0.3090219715460669,1.278469026884721,0.9745555753566949,139.33687715307394,2.44628026818562,1.187220894180984,0.7504439712916738,0.31774959304082534,0.3746476993537394,0.6427590188670197,1.1693872837975483,0.4917400307492035,5.149057776533187,175.3177226245246,50.38450344644242,0.5085700836049809,3.237203921261779,14.927360200661848,9.851794568018406,0.05329245217613684,2.65
AM587.jpg,0.9601315142700688,1.2868359016627582,0.8362109043317075,2.4339921845202808,0.2759746955833908,1.3852815183683673,0.9019081125732786,144.4478756567063,2.7516653422123145,1.1857816480661871,0.775715946571416,0.3086713369840747,0.3342245718842258,0.5646942199514381,1.161866754275809,0.4919711224574148,6.551296054614412,206.47775261980718,35.174116256170805,0.513858432462783,0.0,9.462529098145229,3.902242371601673,0.051047066854192594,2.8
AM588.jpg,0.9259472536144173,1.2729776310709064,0.9157132394226517,6.351662386917086,0.31434265863418515,1.379462159307887,0.8316743966602428,147.7994658225004,2.266911330438359,1.140505010016616,0.7891838386675675,0.3041139331848563,0.3090825940711032,0.6682142693378602,1.1103541913728299,0.5321415850335095,4.29084215938223,185.04929630887682,56.5984984365364,0.44387102774788445,5.215878981002025,11.791201860238914,17.542584316409943,0.047286514092273246,2.433333
AM590.jpg,1.0041760298605342,1.2690138789419085,0.8471049479981196,6.323713395823413,0.30870344245485715,1.366366162690328,0.8670592685711827,143.9284095956035,2.3891664138871085,1.1186215004748472,0.7844917926415433,0.3024772651483421,0.34647302291876464,0.7172210703954236,1.2232624869922797,0.49647146588734953,5.18001543516764,182.8745534150876,57.79675258521209,0.4430272368783611,2.157625262453003,14.297421433623526,2.3506876941630566,0.018506768322840407,2.75
AM591.jpg,0.8719401735081572,1.2957785189413782,0.8754474645901058,5.813925798604785,0.30297399617867793,1.429314143203469,0.8076306230477844,146.94628825827132,2.3547533920353523,1.056397288933158,0.7712086624121788,0.29355596672322204,0.37265058555505687,0.7459185908438262,1.1629535329855551,0.48758603729602157,4.138653842868505,183.11893879489065,63.71339464704671,0.5001982591245269,3.155940594059406,18.21657930773953,8.058309595810016,0.03515083123854372,2.766667
AM592.jpg,0.9575487068585588,1.2800958589312383,0.8228511896332618,5.229859259804625,0.33053918195284626,1.202545361155292,0.88920138021733,142.22571577620147,2.1152836402657456,1.2533243891720693,0.7901827059135605,0.331307328733182,0.2971856220044766,0.5508084330446897,1.2667409776155942,0.4906452813705342,3.643451636855814,186.5534539473684,47.41949756107559,0.5389516367808079,1.3350785340314137,13.759911831219764,8.667481725146203,0.028631610521895216,3.5
AM593.jpg,0.8056189464509336,1.2826965623766142,0.8197576841990818,3.764428653672624,0.3251167291839109,1.4220153144519365,0.9995206801613089,138.27359556432202,2.1576297629080474,1.112687560981355,0.7299364419699005,0.29753209795638863,0.4620939994860391,0.6784670467743187,1.1632116201937823,0.4758493958825512,6.360039643098521,220.7401207595138,38.87290764475969,0.4649626077244778,0.46788990825688076,17.564552238805973,7.204377992643373,0.03080105332123383,2.35
AM594.jpg,0.949512670798444,1.2963933901024463,0.8483203944775197,9.305598210352239,0.37615302087218433,1.2928141375759026,0.784703936090847,143.2235584260696,1.8727402308489955,1.1613393089813697,0.7934600226702669,0.3112583868844719,0.5044201124048487,0.7901960194384112,1.0222878187863298,0.48221606768820396,4.68553191126594,224.44925248486044,73.9734851181399,0.35314868106319913,4.906215420101928,6.109139307897072,23.470814251955787,0.02357493495060902,2.216667
AM595.jpg,0.8486255692291027,1.2846836719472803,0.8693406102332916,3.870969004294037,0.2925693465098238,1.3816160173073555,0.736517632012349,147.26470134446572,2.4282771892143202,1.1513478410083646,0.7765982841582856,0.3070602839715098,0.36898293475678917,0.7560744311920541,1.1892906178258345,0.5206560004983847,8.792421654569033,155.27789641573787,65.27217668265875,0.4079030385203199,7.510749875877722,18.57040435904789,31.08021183731934,0.0530925561893286,2.95
AM596.jpg,0.8661885323369696,1.2641732055526018,0.8606363561281185,6.729901515412441,0.320928454351048,1.415249104609983,0.7144335099906718,146.25186335881,2.0804348906937697,1.0845198995682015,0.7952287047247064,0.2933260744816707,0.3122314660162216,0.5823092085605773,1.1929462413593228,0.529379699741975,3.296030242086365,200.79766643788608,47.90064410537988,0.4265854987333411,3.2706551141486777,18.297855486127837,20.292613434352504,0.03286709451089237,2.7
AM597.jpg,1.0089854514676047,1.3042226118633122,0.8617821665446846,9.234332530776912,0.4226667604798538,1.291486528706141,0.6898123141198818,146.9182807961704,1.6770627796121056,1.157081187532772,0.7951854940325482,0.3136723053788575,0.41996325983555466,0.7233100996404253,1.1520007334363778,0.4532448992300778,3.081949382190482,213.00119885274682,48.39381630241127,0.5015197533808968,0.0,9.361763222770058,11.124654775373585,0.019963625415507273,2.666667
AM598.jpg,0.972160773436646,1.2983637351779826,0.9285443527907029,6.132950187241923,0.3517136890178564,1.3323333558561037,0.8011614817041806,146.81472271455146,2.062761788683727,1.1205330308488897,0.7827705885764592,0.30628448528774216,0.37819392731336116,0.6897135084775894,1.1549607532239206,0.4707681648229889,4.74978297289789,206.1654387208059,51.09332333619051,0.5097964147137217,0.5675074183976261,1.4774327784891166,7.795987742032153,0.047454471684912056,2.566667
AM599.jpg,0.7878143664020386,1.2636703548357038,0.8383280301317824,3.7755514579530134,0.29799885742655774,1.3640249337995825,0.8456505282128285,143.3415777297049,2.277443628743691,1.196147919841601,0.7524519022007671,0.3071795048263975,0.42005583432367094,0.7405571646030623,1.1833034651486627,0.5062877197719218,2.944894665053039,218.5272321504953,40.41694643620957,0.381832258025645,0.5600292825768668,11.52968916591487,10.942027057432512,0.016471845930375963,2.0
AM60.jpg,0.878408052307481,1.2536851303738203,0.8625411419627023,6.473859752890552,0.3355805648016971,1.2791907595950125,0.7315699941033831,145.4094948547588,2.0487698759115385,1.176523175500021,0.7911589101380686,0.3122404672411486,0.3343041177946334,0.674780002097788,1.1884181835873968,0.5468185727341759,4.611160100593971,209.50220561972554,53.86816779992577,0.37250866580273484,2.767111853088481,16.61216012084592,16.73634227589423,0.022780563533851918,3.3
AM600.jpg,0.9296310006252139,1.2589348020968727,0.8561947419243704,3.484350411027214,0.280768660863582,1.2176117920218668,0.8640044364374874,144.2568318110658,2.4098601120450103,1.2391810864176265,0.776813107444499,0.3227531493151586,0.33105794694189833,0.5764631997601944,1.159681729389609,0.5340869259959369,8.517145946641566,194.6981716277257,45.900946440959416,0.41309050773681183,0.0,10.271739130434783,3.136433650755748,0.07112132459733578,2.4
AM601.jpg,0.8570888666498727,1.2555646933646907,0.8099630315268066,5.894418266855628,0.29317651912094367,1.3963966350412962,0.8752235731342023,141.34302147583156,2.363971916945978,1.1681071716848568,0.7753121232752375,0.3023407375201324,0.39846457237303484,0.6881374683013407,1.1721116340019009,0.5249820595132961,3.016704131945434,204.24093116501922,42.125158049246096,0.3607159956883494,0.0,9.965894465894467,6.451868603694209,0.026824760026671075,2.633333
AM602.jpg,0.9419788308598281,1.3198935537165977,0.8752270137705823,5.676190156046727,0.3544156267516728,1.2731353398584055,0.831067031309771,143.6698314992803,2.044771898319338,1.136204049351849,0.7600504178488493,0.3152539997100804,0.3567961810125328,0.5734568635142803,1.2102359585743072,0.46715980617428604,5.882019742316291,185.2755745491849,41.05476006954689,0.5591836402189255,0.4228855721393035,14.338183155185545,10.072590375768897,0.008607969992542014,2.733333
AM603.jpg,1.0483336464977662,1.250602152054111,0.8526973535397954,5.21429455990302,0.33103446579015344,1.3087125993132933,0.8263455036454607,142.3480498835055,1.9935193111240717,1.13783500641062,0.7648958979309745,0.3069209000519007,0.2970931058465564,0.5884832746345197,1.2140985722289233,0.46091528362293577,4.433987284790212,220.86904106206177,48.43204106206176,0.5988749689090769,1.3010204081632653,17.060686319668356,10.023213446366597,0.06384321083486193,2.616667
AM604.jpg,0.9477420039677731,1.2766071707877997,0.8308785334292155,5.886921871004311,0.3106751938284094,1.350690632556234,0.8336173227742218,144.2334092427742,2.2788330426800387,1.1406178660214965,0.7871052642419389,0.3051355391047697,0.3716675327024836,0.7145766208940362,1.2431530334516108,0.48557714583201006,5.6516125240092165,154.47178200808784,44.285934418663274,0.4412769226078702,1.7869161902707367,10.828731893650014,11.436606493637285,0.0200025910501593,2.783333
AM605.jpg,0.9022326016907104,1.2419514475573132,0.8985104984748286,6.3650124145913205,0.2990274009177685,1.4541012424070627,0.8935061755072577,143.0099169451399,2.4103216179659914,1.1037365827575416,0.7691220715105265,0.29244673418460926,0.23188762261124846,0.7328148610715974,1.15129165173246,0.5889648282180621,4.89207194095852,217.44158773422788,34.980758241140336,0.3975071027561502,1.5319634703196345,7.111940963354517,6.5206993202273225,0.047236953638004904,2.383333
AM606.jpg,0.9457455838021536,1.2473822581039473,0.8645743475042431,5.687201613602043,0.29961645413474425,1.342049983595881,0.9254274335917676,143.27127174619292,2.4361312086410405,1.120288016654513,0.7853541152697611,0.3037294112254921,0.3605566397631944,0.629933800096901,1.1751834240833658,0.5167449715308416,5.936767485190083,213.30025187157898,47.227060382217275,0.3973786771352236,1.2677556818181819,10.907524890723652,7.966969636697513,0.03857299461990358,2.583333
AM607.jpg,0.7325189105362248,1.1705308815333775,0.86655858961853,1.747839282291375,0.27698847878420807,1.240284810692874,0.8095492446652215,146.23266481996063,2.319520633249392,1.3498386991559508,0.7523566240624887,0.3337172489911707,0.23707979167440663,0.6447167309351163,1.1975152374733555,0.5370557048908167,5.730434833519796,212.17386822099596,29.79278713991488,0.5413700924745566,0.0,8.922683288583242,-3.0356998936242974,0.06924590805518081,2.0
AM608.jpg,1.0401538085987014,1.2590000160704866,0.8397422677308372,9.637021282793185,0.37988771724111525,1.2444603950130002,0.7539781350487769,144.1953744842615,1.9029459616064244,1.1901590861541145,0.7991376621334918,0.32002313808983923,0.3561679285552627,0.5183721520930942,1.1486881003297011,0.46715712240001256,3.47213300102646,113.55848740621502,38.471887588530436,0.5548230038604115,0.0,4.04119425547997,16.446305061977775,0.08392924763425257,2.833333
AM609.jpg,0.8747103094364,1.2298243233086887,0.8597364728299487,7.841424588694132,0.3644932822339595,1.3331637327914805,0.7844013994162329,145.1390355966232,1.9841895288545839,1.1728004540834924,0.7662235498506602,0.31034231287071207,0.38269359024471095,0.7361578784743847,1.1629084929437241,0.5020362554270317,4.866144610766524,198.61253029456904,56.15213059064604,0.4181468728232659,0.18345323741007194,11.746019293646054,21.052433803142293,0.03429398817121422,2.433333
AM61.jpg,0.6571175091662299,1.1926408272576856,0.7970092211378186,2.9140772642153676,0.3240794118172611,1.4486445180109346,0.7733637925808221,142.78401523501728,1.962327973142353,1.2085992443541604,0.7269447079888579,0.2973726707059211,0.4258044640891043,0.8004754586213816,1.273823359715994,0.4924355413909179,7.2298363410706665,169.83483906956656,48.90702990446924,0.40847260818387776,5.06454816285998,15.009961361989859,-3.470625903524734,0.08985362932694387,1.666667
AM610.jpg,0.8702707092961977,1.2857776112071917,0.7912098261819209,4.468694933348733,0.34037502643261663,1.2651761653207514,0.9315342506830726,140.53159646403634,2.2270094588666267,1.2400259529351614,0.7615354013960969,0.3209394951641424,0.3012272722006208,0.5933730696781737,1.1991446857416652,0.5338519324621568,4.082633718995949,162.7702788486548,51.15471555016468,0.47993803725306056,0.6239804241435563,22.220651893009432,8.478804346499857,0.05560833827526942,2.933333
AM611.jpg,0.9329308999619479,1.2650394495911974,0.8514004899672825,4.199904711648927,0.26840094289840943,1.2882461874536317,0.8737647443278335,143.38951612148693,2.7636135516794873,1.2018244813366004,0.775325963088911,0.32191299508635024,0.3311226216686688,0.7352438251643796,1.2080228471518493,0.5363086285695376,4.598920838113538,218.66610346198468,54.99378707780389,0.38860413563719054,1.3602995442720345,13.262816308395397,8.941073049233353,0.013916151359825966,2.95
AM614.jpg,0.9953461925959016,1.2884185258064904,0.8725131588183896,6.4874157378861685,0.3485088111328154,1.2687476931277872,0.8394632303885033,144.73764099251662,2.0150650047718957,1.187334465787964,0.7972174286698878,0.31678800775344723,0.3007311813859088,0.4909667981288881,1.1432833541182452,0.5234349970051578,4.18357318025955,186.52845428820595,43.739594184579005,0.45854853000705337,0.6830357142857143,21.686486486486487,15.748326243350363,0.061698125780182876,3.133333
AM624.jpg,0.7754832375450571,1.2342915358263231,0.8541555286928045,1.8137022844690929,0.2468008651126531,1.4330243249893695,0.9107261215284342,140.59091219503,2.724062171076985,1.1554713171329754,0.7511061228295272,0.2972448703020222,0.34411082166190876,0.8031614559582312,1.1261458124671226,0.5112574537791641,6.571201162773686,185.2585441574948,45.03060298102423,0.4889621665774261,3.2832618025751072,13.526119402985074,14.563643107163315,0.05190982777842414,2.3
AM625.jpg,0.9949860244263761,1.2514582295672332,0.8462777671672724,6.543518888666057,0.32823009869578806,1.2782082600437576,0.7647327620558159,146.8949372165329,2.1176312512927065,1.2333974888032009,0.8017067230927306,0.3156892003380041,0.31501498115235427,0.6987624890581631,1.1808086879283675,0.535353689930186,4.743926145514244,159.77607128932786,56.85913139861748,0.3804956138611978,1.2426900584795322,17.93117798892713,9.565636085493367,0.021330185623117018,3.05
AM627.jpg,0.9580655445153007,1.2634823543493825,0.796253019041744,4.544866037006096,0.31610834326438775,1.3167459149751577,0.8681198907173575,143.45105364105837,2.3084949285061143,1.2656430405492642,0.7874321890111079,0.31568345705800177,0.2408416733536852,0.827229085469612,1.2276310653517652,0.59591534240655,6.696362747434126,224.221646097936,35.6722067503315,0.35487079219993617,3.8484493891904474,21.68811560205152,5.880460939159363,0.06348046884004557,2.616667
AM628.jpg,0.9064998719055676,1.292991368144008,0.853208648386663,3.9433772362001953,0.266308176477469,1.2976492108289661,0.8058382632688584,147.68810443871752,2.707715920503309,1.2771889978153763,0.7796370296461439,0.3264968712069561,0.28038425189740634,0.629947556772739,1.1593389174984805,0.5635903065999627,5.01133479364834,206.4192344727973,42.67001490984205,0.3939368359714332,0.0,13.212369848370878,14.587176508927882,0.06320391518786496,2.666667
AM629.jpg,0.9617098304400216,1.2423496349316456,0.8677939840857298,6.311161259075248,0.3428754143803794,1.3352228424314845,0.7133251871618955,145.72681883471688,1.933831507654089,1.1681509049671086,0.7860891241484823,0.30446397399606806,0.2912808358432794,0.7423043618360747,1.1875392705087688,0.5537730742458937,5.269804999425367,184.57677863594745,43.26557080134461,0.37996450094674444,0.0,7.699227967579768,10.302947556190432,0.01785458289367063,2.9
AM63.jpg,0.8726975577480094,1.271679701523644,0.8284873450132447,4.455523848315396,0.3282247774805779,1.2490327924982043,0.7623517335728424,147.2172454959756,2.1549236773166114,1.1957057606265635,0.7815582964243093,0.3188357455060103,0.31046822827019677,0.5944967880257028,1.1422380687663034,0.5370635886372463,4.749044742507388,207.74364502190647,57.980587697065715,0.47059351368317626,5.6958931043950365,15.034461152882205,17.36628216770619,0.016565803054202154,4.15
AM631.jpg,0.9977132461644685,1.2913219819539794,0.8540992141148864,5.292359424505281,0.27666979253244817,1.4099627313636396,0.8900930102621676,145.31931010454147,2.684862181336251,1.0932005346041223,0.7734931119289566,0.29108775400945375,0.3292483835897208,0.7155711777553269,1.2118193431640356,0.5222264225433118,3.602740745689916,202.59280894466474,50.83481807708483,0.40059424398400434,0.0,12.245560248226688,17.11906527501145,0.044908956015088514,2.916667
AM632.jpg,0.9080302306415189,1.2729788903602417,0.8198112955826361,3.6584474088504924,0.3004557008286019,1.277060356224517,0.8634072278335652,145.13347426146842,2.5304501138865407,1.2429846269863059,0.7750930499352495,0.32239330357962964,0.31399176354815045,0.6638726569752184,1.2124776097419798,0.5553171263426364,3.2351300645198187,179.95870267716157,53.26556962995127,0.3724619216175151,1.7525773195876289,18.477733286908077,18.604293043595902,0.0945620009740751,2.766667
AM634.jpg,0.9222576159995988,1.2187814626014968,0.8645850334781238,6.333706153952306,0.28678949252165153,1.4612397223227935,0.9160544505390843,143.16272885118673,2.5639274988308394,1.1358644152451094,0.7451541118149188,0.2981778616318895,0.3286447477422852,0.5711166343547791,1.2054651539620946,0.4837874409078907,5.7214243810914205,134.23918080980263,36.564777199228814,0.5323618716835227,1.6358639930395285,4.74619926199262,3.842457134633328,0.047840278844951394,2.1
AM635.jpg,0.9749445532218136,1.2878505552908008,0.8323927032082425,7.5035099189598,0.3406801681584506,1.3648061656920958,0.8489143502377656,144.7038949613627,2.2776029231700963,1.1502253179639017,0.7878803671695856,0.3023311751608545,0.28990413921506736,0.5739411377379725,1.3284453472310072,0.5195533615487704,4.800823923624287,171.47662137377847,45.65175748993093,0.4678376288381031,5.471350714390927,23.03192502798352,6.073278607595228,0.013249199171078063,2.7
AM636.jpg,0.7159832969872486,1.217388366681706,0.9003015119934512,1.6001941578851697,0.22153392126973181,1.4807792847774577,0.8515567763729637,142.6528305771024,2.853693587486877,1.1915972245076398,0.7162532178572074,0.2907710637296512,0.36235541072088595,0.8478555830761878,1.18530634791243,0.4960576496447034,8.991546661435056,187.23290874524713,77.40176839436994,0.46682179903351256,6.82586250117507,19.21985494955038,21.102400230015675,0.060323051644844736,1.883333
AM637.jpg,1.0121561221451607,1.2899048660541708,0.8239713034176257,3.64650264786657,0.33146066808439023,1.3389888650563775,1.0272058557489867,141.9708624898107,2.455355473017954,1.1666289462626052,0.771136726594426,0.30868960943125034,0.361527107494656,0.5991495071863919,1.0589059264350338,0.5088162196906565,3.7154896981794643,196.9024135608442,48.046686688597475,0.48655933963519843,0.0,9.779789205114966,12.915332521531909,0.0214000206774857,2.933333
AM638.jpg,0.833316607873124,1.241463254230707,0.8797067378418485,6.329357787429532,0.31764257614972824,1.5325125658930012,0.7597939139144572,144.34658814499994,2.041226554241336,1.0943810751940284,0.7630918516663967,0.28807947257812616,0.36273493693932746,0.819760517678842,1.1628984748926972,0.49403445457315537,5.526530403305427,163.46558226311078,71.76657954325583,0.4489676217700465,1.6352110537503797,18.32118515713745,-3.7583815832655176,0.013232301606502869,2.166667
AM639.jpg,0.9213511534268654,1.3138422252867161,0.825250649730437,4.451828852075003,0.2920568172632422,1.3830260652731208,0.9640702462804686,143.80304283204373,2.7194038418257747,1.1287644510221637,0.7611297299391558,0.2966053659282669,0.3997514440865325,0.7483485734930609,1.1128750212955139,0.4926405887697033,6.139504452948186,176.85701195076888,31.21733583740854,0.5066120517062027,5.748792270531401,11.819122516556291,13.129958235510074,0.08355639993631239,2.55
AM640.jpg,0.9612596563052904,1.2779870453690854,0.8639844246205645,7.645284042525915,0.3584358234041293,1.3499763268979474,0.8084734093024657,143.4535866962134,2.054904870463168,1.1710372238466846,0.7812765495326163,0.3096200697023137,0.30198691039361114,0.5863761584636898,1.277981254361699,0.4919379405002281,3.841807253009379,177.54558970396477,34.17038309239453,0.4995198522571072,0.39291217257318956,11.697484798231066,9.628160587431822,0.03831102232466164,2.85
AM641.jpg,0.9437766609368347,1.271142133898641,0.8359011034009101,4.399819821912514,0.3163718296134831,1.2299514501376263,0.8567299171490607,145.81765908120298,2.282932225353698,1.1764489694003173,0.7666395125205104,0.31483324183134265,0.3604873531170298,0.6085340050392456,1.16702403735172,0.49276401302464645,4.657324201569062,193.40229182617358,52.56895849284024,0.511332517604467,0.24285714285714285,29.766865079365076,10.298056999694452,0.00819016474895225,2.6
AM644.jpg,0.9800414841944701,1.2793640177739998,0.806077190697775,8.37296489079929,0.38439155723156404,1.4591470025665867,0.7729877956980254,143.6327942179741,1.8702814262405674,1.0562368208202548,0.7926207431139118,0.28452269181049594,0.3665530191835979,0.5558616413480761,1.1767834140339266,0.49712468556111544,3.425517689060068,196.6017179513376,46.935406650697956,0.47372056041380106,0.22686832740213522,11.848828847339224,7.711398237487899,0.031121402186776743,2.8
AM646.jpg,0.844431549982621,1.249941251552188,0.8792998284057613,7.1632418357995356,0.3553485693050951,1.3094395128552927,0.7458637580149998,146.67165258650107,1.8953982331649195,1.1357942496505535,0.7813591562752692,0.30661025870880726,0.4101228179260878,0.5730655621786332,1.0793228442644576,0.4496039614265189,5.654622334694152,213.23627799797754,45.29682079547234,0.6147994309060005,1.2009419152276295,4.941547118966474,8.254311601528116,0.06718163799824368,2.166667
AM648.jpg,0.9454317176840066,1.255059253047054,0.9169442575511888,6.940225761060101,0.30268789080488745,1.3497159193580637,0.8103017359227449,144.56765692842202,2.3934236551090375,1.17350343869251,0.7940237754787414,0.3097697352010699,0.3121710781177237,0.6478398050032321,1.1888025488802825,0.5110524330843954,3.6008960663140117,202.60134784668577,51.4524615629812,0.45698642984758475,10.506935066173083,12.136132033673018,7.344078720190396,0.02346161269282644,2.583333
AM650.jpg,0.8852261747686292,1.2669456092697706,0.8398298514957839,6.850641565056706,0.38448930346625576,1.4030902170995776,0.7893534911825872,143.63362794789228,1.832323656883264,1.1218192266870246,0.7715204099193758,0.295272898933301,0.30579989297933796,0.6031246424286243,1.2576631173471053,0.5234584504700671,5.064010336890874,194.3179377045348,38.14757480130902,0.4581138990492884,0.0,5.291018094955582,2.033426740028176,0.0871301827253222,2.65
AM651.jpg,0.874155383144573,1.2887985207954664,0.8633137127825062,6.322715165478936,0.3344499251419988,1.3104972646674231,0.7914737938952313,145.53778705678357,2.033428385513245,1.1332798549044123,0.7881410846787703,0.3091713748810463,0.3783468817696573,0.5462790126201219,1.148815935725443,0.4754627181135342,5.319923387448712,151.78144889610854,44.144615849636935,0.541007234886877,1.2018078060667996,13.085844803037492,6.488607857365878,0.09665335525431953,2.85
AM652.jpg,0.8896335336017197,1.2355654137240515,0.8589768801872718,7.2861653677033935,0.34539139596227647,1.2942457638529998,0.8701128474421542,141.21637190414538,2.0655279177307295,1.2059232151270916,0.7750669289807536,0.31212348447728655,0.333998783174263,0.6425782642075756,1.2790995391367257,0.48567459543154223,3.662313394498801,183.45855423045765,43.61076661983819,0.486736108003579,6.061120543293718,14.804114736070382,16.204730882425267,0.06493134255152669,2.566667
AM653.jpg,0.8942942872260781,1.266987874032174,0.8699241289205469,8.460758518704333,0.3973044693250646,1.3017158518999983,0.6744070775438087,148.06727521225883,1.7297269363561323,1.1362952726698825,0.7980851218875239,0.30453265096008963,0.3896982645275904,0.6896085691693146,1.1430436524522185,0.5106540094296805,3.6712133773157687,216.8725250378014,66.4004388477916,0.3989774096715399,1.3212435233160622,19.813722350854725,15.341203266992835,0.04896684860103164,2.766667
AM655.jpg,0.9448759904394329,1.2668511560355804,0.8872125735583303,5.820464242443084,0.33158866430730954,1.3523598673118278,0.7985966115023472,145.9746451944637,2.149557562702819,1.1582593406016908,0.7873603884793655,0.3089503687290741,0.279637837245612,0.538091909414149,1.1944002062199153,0.5645142801224388,3.7737746884399264,207.69513817246326,49.967433059502525,0.38287280146076447,1.439516129032258,19.990369799691834,11.947352771759512,0.07037811875899,2.85
AM656.jpg,0.8635275483242388,1.2749992666435344,0.8376994396011417,4.771943960727818,0.3585971806876013,1.255914314717498,0.73153496931192,146.01716015578398,1.8273437159877457,1.1920652709202118,0.7694189798389647,0.31058790336534164,0.3348736187064765,0.7120915871412596,1.1372883146478008,0.5423317694135824,4.60446134928265,178.44687507709767,36.18487891586926,0.4125731950499231,4.473684210526316,23.732633086655525,15.357071313991042,0.05433951665992991,2.983333
AM658.jpg,0.940393926183199,1.2577442588675356,0.8789275669551908,4.57441481550307,0.3054589983638514,1.33058580556792,0.7857416746669363,146.61820038560376,2.3688716874508033,1.150323352429723,0.7779464435361964,0.31127740176047053,0.41982044023662823,0.7481212814694119,1.2601391270125906,0.42939300966691935,4.418634566374082,182.55992485086944,70.32463073322238,0.5369807312882792,0.0,16.32369332493703,9.043702694454112,0.022475842849887108,2.55
AM659.jpg,1.017078734985069,1.278558823675697,0.8557660241634583,6.823211560012574,0.3492089631060796,1.3575407742494667,0.9913728946871067,139.15571348340464,2.2172222717848586,1.1209327916190774,0.7755832498321276,0.2992162441031644,0.3377818110766975,0.7829391386170088,1.0740097971113245,0.5031997552189855,2.2622148675276623,220.47148922164172,42.57563482325952,0.5072406372965926,0.0,5.849927325581396,14.366894401257397,0.011471716330733954,2.7
AM66.jpg,0.810095273670345,1.2756434787302549,0.8717769681714401,3.2508664782134558,0.292899415992645,1.2774410591659362,0.7555672089994179,148.87722048109347,2.449653961944778,1.1876939818458119,0.7702304603841188,0.3207443969445672,0.39758284294247637,0.7185153883539473,1.0943715978013984,0.5171915242168891,5.111960394051257,193.69480300401352,61.19025754946807,0.44373523379179,6.2917271407837445,16.761437378325763,16.521645122234077,0.04005270986350256,3.15
AM662.jpg,0.907353814373701,1.3035956286969397,0.8433113669759524,6.829827297533094,0.3384184557294942,1.2754152621728287,0.8061081540212716,144.60755895883028,2.0602264478555945,1.1589607907101012,0.7795980736245814,0.3150841434119604,0.4249988529832989,0.49479496891483055,1.2029909965203607,0.44965505524072724,4.871795710756701,191.78867317998606,35.98357449577554,0.5157240490781718,4.396551724137931,17.038738606292267,17.261073383393153,0.02595340855892528,2.6
AM666.jpg,0.891046411619294,1.2524835754033856,0.8283056919380002,5.412327911996597,0.33807587022720426,1.3303041892998297,0.8511675444240033,144.47586358577894,2.1906442982621126,1.175265262824751,0.7847753739082921,0.3105721108819296,0.3366427802481657,0.6016705915973046,1.1661498151335312,0.5276527106596985,5.493747117007073,197.6150830011759,53.24568409407206,0.4509643985033762,0.0,13.671257556670632,5.469767553680626,0.04526309644490262,2.816667
AM667.jpg,1.163204507183776,1.2993899750548332,0.8739340070717562,8.968351170362954,0.3483956527272241,1.2368068173892388,0.8520265326000619,144.73308146913848,2.1001313052975514,1.1898364394343446,0.8108395052190687,0.31757542756674034,0.3345412721102261,0.6064436013884557,1.1809259131402834,0.4823189439224605,4.9174846374981955,177.2220901985636,45.032181941682865,0.46944272283583577,0.18451519536903038,4.289604182896866,9.913645457030611,0.027504386953658776,2.966667
AM67.jpg,1.012849510634878,1.2944914479491407,0.8248072866014298,7.289508599968549,0.3302548667888646,1.26555875323612,0.8774909778713808,141.9316414697026,2.2932458524901485,1.2172671520001044,0.7778189916499945,0.3179959746562654,0.29123267971219224,0.5142632675846761,1.2896879010629205,0.48200582862016056,4.985528933003227,193.2066839880332,39.11992091795534,0.5713738083170605,0.0,10.140094269040851,11.805041716165405,0.013442490049362465,3.45
AM672.jpg,0.9172932431728379,1.258532192114256,0.8537009496746271,5.659632426341388,0.3256377287522141,1.3148890985156276,0.9255537103623669,143.0954596682853,2.350543078614699,1.1955449288219615,0.7599116735326613,0.31752452995002023,0.3413856782435294,0.7456404459564077,1.2484565796211349,0.490254211241458,3.704685742050187,199.11876284706864,39.29493902324481,0.5055296336362075,5.331108720683595,15.531496062992126,5.967401309707569,0.02918798097075965,3.033333
AM673.jpg,0.9291077881137618,1.272124699523865,0.8440377357270864,4.964698475690973,0.30335625538142214,1.2522802224964973,0.8179751522787873,141.25392683329548,2.238880220240721,1.1836608134884676,0.7733241560061996,0.31187294714679276,0.2722301438407324,0.6055046289601,1.2411005891725897,0.5068003260510184,4.381506740153318,187.33921495328184,52.51752569363637,0.5410075080287833,0.0,12.003248872537384,12.798064694010165,0.07295342342104187,2.9
AM674.jpg,0.9763395247767805,1.294143671177406,0.8228426165866062,5.72456419725087,0.31381070004677725,1.4465989310502048,0.8418989304069857,142.85059968065303,2.2957667694267263,1.0541842763521898,0.7766439827320715,0.29032608697678325,0.41115368414965925,0.6183355666707084,1.1981778341477707,0.41901306435159524,3.407426781959446,151.26421448186153,45.77259437012968,0.6238171415523723,0.0,19.917109634551494,6.0739314160334885,0.04979557851481492,2.433333
AM675.jpg,0.9196939728540586,1.2804069137336842,0.7970670887743317,5.975790234432843,0.2993504562116497,1.374667871406983,0.8893211069054032,140.66737111204176,2.499908561057953,1.1659053629187928,0.7818576951662572,0.3112146877072641,0.38403900688158743,0.6576535853732847,1.0547948214521057,0.4855047091747446,2.9154215213092547,147.48319949667302,41.964970330006366,0.5506358055899715,0.0,8.09439178515008,9.343781205601374,0.05249745146968302,2.733333
AM677.jpg,0.9369665597601345,1.2957816575701793,0.8404497392488299,5.57500376925346,0.30699685080480965,1.3075091448112561,0.8783317313542032,143.0008661312061,2.429397307771771,1.1525891670492667,0.7683328689751442,0.30696677650381016,0.38223566119287083,0.6265260663713313,1.1192733122715943,0.4824557621237467,3.0916952825212647,172.19585351021155,42.740407965657084,0.5284119440614478,0.0,6.786216643002163,5.947330777868714,0.03813382954148461,2.6
AM678.jpg,1.1108512204679062,1.3232518768952382,0.8678138061661904,9.812055600499264,0.381697859571008,1.3326992384221235,0.7708788881068652,142.69787834960854,1.790069505454887,1.0877663221057003,0.795697130068538,0.29297355084362575,0.2844845316327724,0.579626304078453,1.1358858674614216,0.49842408850537556,4.62443006827699,198.00534263134293,53.3705908582933,0.541010197459574,0.0,14.566006930561109,13.403027027335298,0.05035861091711854,3.1
AM679.jpg,0.8554393626827717,1.2599208405698494,0.8755447182115211,6.961181878429503,0.3397113241114105,1.2956141297119514,0.6339969842460408,147.99963749658968,1.9210298420806933,1.1823370357555654,0.7997869119068515,0.30643889690508097,0.36386612341854874,0.6775480291128868,1.3360274020370937,0.47600803067213443,5.325075780966676,177.09834897285097,48.06459369858939,0.4325134700784142,1.5038038668391314,11.827118214104516,11.954880499470676,0.05530562904965984,2.283333
AM68.jpg,1.0223260729665518,1.2967128273013273,0.8305482646116992,6.584894845773306,0.35074913707759825,1.386140084094868,0.7199334500377489,146.08009291514486,2.033701274028569,1.121069345090554,0.808583896591757,0.301311569334332,0.3166448026281619,0.48633046586071155,1.1773065181259073,0.5197245580185044,4.795941380875315,213.63047365708346,38.011756152750706,0.4261353733952176,0.0,4.8758958479395496,11.4000164791088,0.06953793869474838,4.033333
AM680.jpg,1.00905534673049,1.3091690100770297,0.8309242135510865,3.3478610826895308,0.29510143327575145,1.2756168745732697,0.9113155267917044,142.9560860278866,2.495747616548014,1.1718530089583956,0.793863276258366,0.31558078886015006,0.3742682110128273,0.6561264203522387,1.103025964568847,0.5062956254623534,6.731532266574321,206.80250665028217,38.87323356580282,0.4600375829153783,0.41195476575121165,11.591051544871323,5.661321909072996,0.03939752434789916,2.433333
AM681.jpg,0.8930550917066584,1.2852542330237249,0.85419988068333,6.202726777925207,0.32222323082375864,1.3528441276889287,0.6797677716019148,148.46849507163074,2.014768680528242,1.1477551121221636,0.790718465735632,0.30558410859941276,0.3285925952491193,0.6317570616437017,1.2328358722421773,0.49107187756831616,4.711824333712173,223.42131170539807,56.596764105083366,0.5092051266193729,2.6391987425980776,25.47639014320733,9.20375789097281,0.036831440984689094,2.733333
AM683.jpg,0.7683528132384413,1.2484464984373844,0.8749955336617252,4.308888924636721,0.3116912009154747,1.3770176560261098,0.8271695494385014,143.17181813082948,2.2925102712224508,1.1922510303550364,0.7546827619988437,0.30642111178311965,0.3231013236393052,0.8308410787102255,1.2124649817235191,0.5415271368058121,4.283127252917141,142.27715446651644,36.885336284698255,0.40920720781434483,0.0,6.2959475518137324,14.040467594859336,0.02825068703660063,2.983333
AM684.jpg,1.0021424102734688,1.2868832030074993,0.8501913998282543,6.684989944615387,0.3358981410437102,1.3105478922786327,0.7465167441260848,146.98210928532018,2.1427370699955475,1.1841848012331022,0.7852618780635887,0.31203285294818933,0.274374466644879,0.7116423754785343,1.140788311572643,0.5642890489471294,6.1063723520841355,166.11558127163636,67.19845419981314,0.39772444400040874,0.0,19.161023677205435,2.2429199832016025,0.08492215390946548,3.016667
AM685.jpg,1.104741018420648,1.2867240397886681,0.8469421338519392,4.949003052319128,0.27071580766332703,1.3963421304290335,0.7530935514973868,149.6602629225343,2.6426160087047212,1.2018222010182307,0.8168320118670732,0.31280668584923554,0.2974839112309605,0.6049987856591882,1.0931416692148146,0.5199445360790751,4.819328401263784,160.63854496077582,43.94561418021617,0.4343702567055325,0.0,12.233022224514,17.245036890238566,0.029884844313320356,2.883333
AM687.jpg,0.9738246874055612,1.2917014602776582,0.8125872221364377,8.609908845513452,0.32861906977044525,1.3118935884827678,0.7570331494923391,144.04211830917535,2.0939448695872325,1.1973923746785469,0.7972998582888241,0.31704065244761814,0.38612256447475884,0.6043322214669973,1.0729009137216614,0.4673756588763634,4.7357933278695095,165.4505732814784,44.35178483786237,0.5462762470455751,0.0,14.245035366655191,-0.33858334502762943,0.0253949053025949,2.616667
AM69.jpg,1.0447885689441734,1.2804387070732106,0.8590227502848259,8.179891050905264,0.3549083657344011,1.344867007975429,0.7820678521849778,144.2632991101478,1.9495061253306254,1.159505494077092,0.8017565554896198,0.306833850773504,0.29454772353249703,0.5133691432561737,1.2190217578214582,0.4746365618627477,4.519307353533813,119.3383513861699,38.63683502543566,0.5253265781311965,0.0,10.02355406860483,17.67912131960452,0.022656891922509137,2.933333
AM691.jpg,0.7969012116425183,1.2560729152284413,0.8106902612902266,5.436312972636161,0.3339022704335569,1.2933157759909821,0.8831515449889865,139.52760110515194,2.10749483678092,1.1784092206405843,0.7562696067813234,0.31020708207522585,0.42255860851248606,0.6784676073405264,1.181895573420244,0.49236630448853463,2.5904604706205676,185.58723688618784,36.072134845371494,0.45245811503679173,0.0,8.473619434931507,8.009044795792377,0.030758667658461046,2.516667
AM692.jpg,0.9974414704269192,1.2967869059055097,0.8443147341315913,7.739361479956974,0.33729448039864485,1.2886042212363544,0.8989252123009638,142.98660584944156,2.1440423142592144,1.1155775283480278,0.7796087917938063,0.30868260211667764,0.4061612739087221,0.6249107600512687,1.1735104931086824,0.4520145712497319,6.514391632168026,180.71225240832348,48.28074555900841,0.5490227196576778,3.4080188679245285,9.334379522735688,3.0531978708564367,0.03862394433520512,2.433333
AM693.jpg,0.8638661252066867,1.276052883514354,0.862957341363248,5.916588081288658,0.38207841005473314,1.3859070167266003,0.7676852344559089,145.45012313303238,1.8556500510973375,1.0709120021407328,0.762066608794721,0.29250668959499065,0.40478410913306107,0.8116041123181995,1.09570323479628,0.5270218115337538,4.043035852950315,228.97869387310465,30.85468034435607,0.4114078510184498,1.6721311475409837,5.316953889147648,8.355209621875161,0.03907380255043574,2.866667
AM695.jpg,0.9247143483382737,1.3097661054449579,0.774984445877925,4.343335445391704,0.3347571468384828,1.336536625194079,0.8962631612700569,144.98102104852939,2.256354639878098,1.1578585304337843,0.772091956843165,0.29890088559763844,0.3943741264203392,0.7334840109040424,1.1316603176274382,0.5408875603071234,3.6242008373833947,194.94448585861193,40.96244993046824,0.370486386761267,0.0,9.389288210042928,9.293204391423572,0.09611829250892964,2.683333
AM697.jpg,0.9962156768623702,1.3119343918817432,0.8430625157784859,6.343216942935706,0.35700852799221433,1.3108140678421347,0.8544146887175906,144.98655135453023,2.0859813666081934,1.1897384430211564,0.7916422193148908,0.31690381051043587,0.37300485416557994,0.6916115345311523,1.1326353556978654,0.49646840229979294,3.8418775902746223,212.43245993751032,44.40881461731328,0.4579320960816554,0.0,12.129507475813543,9.78838161583198,0.021656991072643662,2.966667
AM698.jpg,0.9146551426994862,1.3126541138856413,0.8154926330523881,6.211114198414033,0.33867979761645817,1.3781089190819993,0.8360924915045915,143.7940471794131,2.171551087943759,1.0838678389666667,0.7734021874911311,0.2987579828534395,0.3880590404854665,0.599845918146494,1.1595687436100106,0.49096348867563194,3.0035522259153113,209.61121107176206,35.82739959635222,0.5015965271784869,0.0,8.902745995423341,4.942518252553782,0.05220102758067158,2.666667
AM70.jpg,0.858963584868782,1.2406105876407494,0.8561474847119978,4.741038660657081,0.2983421066110674,1.3886634400899573,0.8088758721829689,147.30982574500513,2.2647362994756595,1.1044065040216464,0.7552178484178248,0.2977568975645667,0.4274183941257128,0.6944314548324139,1.2368148177105371,0.41967605737288866,12.169298604606102,175.18274652266987,14.480133960135134,0.5606473740198484,10.905934146454388,46.733901515151516,17.950075501076682,0.023252583460865433,1.85
AM700.jpg,0.8941100050955195,1.2166025748916134,0.8369004843006852,1.3457145758405122,0.24400537494883423,1.3272987879803722,0.9161164420293649,143.43738485893903,3.0752494864910482,1.2215872182745988,0.7736831043851692,0.32118872681209504,0.29551036133031156,0.4924081617877722,1.1172991520372906,0.47419542067296694,4.62773044263403,197.32413373391006,46.56924186985239,0.6597376065710367,1.7872631350387025,10.799081920903955,9.431785197030266,0.02449221223063857,2.366667
AM701.jpg,0.8947656156894309,1.2199971746904776,0.9017459135792616,4.147606159505689,0.3200764014391109,1.30852711758786,0.8689757171983377,143.65510346227705,2.305971735026217,1.1962918086733916,0.7561012454167249,0.32034977617792026,0.22842197505239087,0.5969632198980211,1.1041735027235307,0.5309583977294076,4.612548159173453,182.49657368244442,33.49432396365924,0.5836699372097379,0.4207920792079208,6.391412994093594,12.71699531551667,0.05346667213425064,1.983333
AM702.jpg,0.8412750179878032,1.2228503975132572,0.865955885435379,5.60142249029858,0.3328906358192999,1.342882151951602,0.7815115948233636,146.6521736054089,2.0720726178717577,1.1986689516986597,0.7834617170942999,0.31144897237842534,0.3677391971382876,0.5914844583172898,1.098986231296585,0.5134029969586789,3.714584324906149,203.79912573261947,60.96006454234285,0.4490273429398693,0.0,5.711732088136583,10.628830023124038,0.03005945916808376,2.6
AM703.jpg,0.9702118923921476,1.3228329722817673,0.8546407449413621,5.378539591005827,0.34901625322989227,1.4745284440778563,0.9721739502816091,140.92297483665476,2.2754490443690294,1.041230155283816,0.763478271748727,0.2857295126036175,0.36556213330061044,0.7101475617290436,1.141196394638658,0.5118156793400838,4.328673963202773,143.58590019884454,44.5084094239368,0.4392595660846234,3.6796536796536796,5.634704027171276,16.702165854093252,0.029022289823217907,2.716667
AM705.jpg,0.9507550007816684,1.2518190675238798,0.8719930731778571,5.674912025956237,0.2930876306595501,1.3273265678944801,0.8335722707956368,144.07696129822926,2.3935005179359417,1.1707137407761805,0.7688225872855051,0.30476203964614784,0.2870207741696224,0.5479010177361157,1.2418467741669057,0.5050066241542209,3.0715462711755026,184.4712580109054,53.92201943222517,0.5034721073466385,0.0,8.040723313329696,16.575255158305296,0.08865874148257044,2.85
AM706.jpg,0.8604588549099597,1.2671719517502809,0.8711115083000265,6.914027607349466,0.342073744857034,1.4505799307992535,0.8244417216424913,145.64770972616571,2.1678349447374954,1.1040208588015694,0.7608976636778314,0.293764747012199,0.40263193660441643,0.8019380809246986,1.1430216240055113,0.5030886686548207,4.988239911647012,194.86446602313646,65.170677746671,0.41803418194484887,4.13290113452188,12.58937168993741,13.215852028633009,0.031008602303564232,2.783333
AM708.jpg,0.8157975922014706,1.208091150430318,0.832033546688314,4.584559914203938,0.26259068787752415,1.3091888950995034,0.9719675496086276,139.36842029714205,2.7081237961276012,1.305700667991322,0.7686303967683046,0.32103731081480097,0.3534260981639056,0.7013923184457771,1.2483713406734072,0.4659405882910351,5.797919093855414,124.87420255116261,44.014400340575065,0.5467902487857049,5.627455814163556,6.999058734939759,9.489973226883848,0.029119085047923626,1.966667
AM709.jpg,0.822375251266924,1.2376179663773748,0.8867069742805711,6.48233970501759,0.3366457518282773,1.3483901191002123,0.666916520315814,147.22133162896205,1.8680923906282154,1.1622025089740347,0.7697580276758381,0.3023247156274043,0.29454263949461035,0.7579014579031776,1.2079319293074549,0.556412309568767,4.48827556753127,205.6292056401693,49.895185021612576,0.3754919473234554,3.030232244732941,20.118992090350623,10.203263471964277,0.0540627725262995,2.8
AM712.jpg,0.7839834785036843,1.2341422985316253,0.8148366635456361,4.095115877532226,0.33573611107329754,1.3636662449886419,0.862345638242879,141.25427196057194,2.042940666668948,1.1706074739952785,0.7592783501454303,0.3022966010466714,0.5085805302085976,0.8116100610499628,1.1403465621532933,0.46615915831088334,5.627869182967453,193.76843629122305,22.20906576189543,0.43154656280909287,0.6606217616580311,3.0420383140459326,6.815461653696843,0.03146611479979502,2.2
AM713.jpg,0.8152009468579613,1.2242886082549647,0.8851076650381444,3.9246674760411278,0.2764459353851146,1.392182301938745,0.8982363442436089,141.9213923900403,2.630623156042195,1.1774497090490748,0.7350679051849749,0.3034734712080323,0.35378055513034523,0.6936810649311949,1.177836533972486,0.5182594880507901,4.453359450209364,165.35195280920527,49.631800717950526,0.42153497420617014,1.4968181274271974,12.06858449920124,16.07628436000742,0.029603616313174885,2.45
AM714.jpg,0.8541296219186548,1.2731622593917853,0.8776863485200427,4.35175383722129,0.3096801527765417,1.3348016439491606,0.6697673615086637,147.77870704034115,2.162279259321195,1.1412160961054671,0.774273432828839,0.30481417281811507,0.29455231492618433,0.676111496392639,1.2787699615195962,0.5274743864937491,5.086881318614476,215.89788103725766,73.96099311560369,0.44378918941072976,7.668579380218268,24.847789824854047,28.80972351867561,0.013969431759872083,2.866667
AM715.jpg,0.9939961614412492,1.2883650446168573,0.8758626571232996,8.125229679430968,0.35568908330974236,1.279178438526164,0.8993455073356004,142.02325791714856,2.105726594480737,1.1425871128807013,0.7823841090515298,0.310387962544448,0.30218251746269054,0.6209995228478365,1.167906440758631,0.4987958779792912,4.994595839488319,202.02573627129726,73.79028653584754,0.5417840100415507,3.0660312293092034,11.995133072704018,9.748279643484864,0.06306047559445101,2.616667
AM716.jpg,0.9206932884248046,1.3300312238618677,0.8396871650170654,5.5705692704522365,0.30230755659235414,1.3071944289443638,0.8202068750245074,144.8008261451834,2.3780492286925026,1.1212953329484536,0.7774463048644868,0.30882634805223214,0.39714039878816293,0.6451921355033855,1.1344976452434914,0.45217146660916685,5.016841188160109,200.1328108706567,39.58442377388252,0.6002412319836551,2.1428697221855324,19.987070476858342,13.047043413742713,0.009436545266122325,2.716667
AM720.jpg,0.9376567724837612,1.2804013878782445,0.8742112340087821,5.939687549640315,0.3230932209203401,1.3170682672248566,0.8632096348310092,143.23972872971916,2.2144412015118897,1.15531312176542,0.7933185789497086,0.30821286796921776,0.30433250161514735,0.4435577531688541,1.2142883120674859,0.5176254439344349,5.176949684225635,198.3707080590014,48.70663686879007,0.4685568139639172,4.3434074729745005,18.36888607418964,11.051072472402652,0.01687732010254223,2.85
AM721.jpg,0.9016861212793024,1.245557542831125,0.8312835323943905,7.460817331052295,0.34765821755575216,1.4157993040248347,0.8422501091256492,141.80191892891924,2.0663573740846557,1.075967776279433,0.7725681115670094,0.28825991878405116,0.3474589246012273,0.7161294325612735,1.1310778575190386,0.5130246804571312,3.3134436368819813,212.45385743698125,49.749568497929346,0.4879294840825775,0.0,7.431122632966575,3.295217330829928,0.010362565799767305,2.833333
AM725.jpg,0.9507677360088636,1.2761285775785034,0.8935317675516838,6.914672581890849,0.33120971293832574,1.3138031372135028,0.7455856565843145,147.52912266425864,2.0359128268250903,1.1689006839757696,0.7769792366753667,0.31202925708747464,0.3198387028985593,0.7098356497457866,1.2262537260428708,0.5084828036139816,4.276505277064456,197.38157085190352,35.74597763156453,0.4604954047718902,3.2738944365192584,14.427695908288541,13.43131445219531,0.022114762095315946,2.95
AM726.jpg,0.9176351280453725,1.2764986650379513,0.8940293841257176,6.122431697064405,0.31003459388503724,1.320759865902553,0.7228472259482827,145.41397960358586,2.126232280050199,1.131515488482672,0.7846068194245955,0.30772388476511503,0.28305086299087534,0.5623392744218788,1.1516405568837003,0.49096535208450676,4.149369400046304,203.48120233824898,42.26540045145654,0.5986221624438939,2.591939232940395,12.78807078872624,19.331594383703518,0.011957906102828004,2.833333
AM727.jpg,0.8960147376520746,1.2685448264024257,0.8250109475251161,6.008395252248846,0.3639093722517806,1.2523791768890957,0.7539634385245729,145.42147505097088,1.9367912728150307,1.1494435159779781,0.7768745408373597,0.30800797351345727,0.38875296714491553,0.7105676329141668,1.1561096305753604,0.5076538239603341,4.131132710466144,227.03635229288017,59.10769449360569,0.45749037450659624,2.903225806451613,18.952865370090635,16.672213509737176,0.040044458750955046,3.05
AM728.jpg,0.9258448590386571,1.2482497603121756,0.8960088685447601,6.598187807837821,0.32225002702818545,1.3652707364101768,0.8384874333997848,144.44590611196503,2.1796289191956877,1.1206511933973646,0.7701064623670638,0.3069897471070339,0.32307329503528603,0.5421667377995376,1.1546697850125092,0.47300000178648327,3.3019618315260857,206.71347588542676,33.90236477431566,0.5940040129412455,0.0,14.586101175268269,7.672569307206757,0.02817813963494024,2.7
AM729.jpg,1.0102684651216314,1.2470933736266456,0.9138189121443951,5.331873830862557,0.2713728004149444,1.3975298721023373,0.9272962305324203,143.69221507830287,2.7411052521802928,1.159754151552357,0.7584919720042019,0.3035583800351855,0.26176162596287544,0.5849448005945287,1.1530323440067374,0.5313351926106343,5.066993551802726,145.3590145083931,47.480858635725696,0.4746515545213841,0.0,6.909295659295659,16.108771399279007,0.10680299623528285,2.516667
AM73.jpg,0.9346856274990787,1.264802408916369,0.802363283851462,6.126108045795927,0.337751130442404,1.3644167227987904,0.831090050949212,142.3080208712317,2.08507985528138,1.1287695227460726,0.7763349311991111,0.3040616749662242,0.515362865456659,0.702485484769876,1.1741780516540188,0.41840083521834665,6.9535668559670665,188.7528172932236,57.829408963879416,0.5014881810880062,2.427211646136618,8.127088554720133,7.784735323593637,0.041112675765995345,1.9
AM730.jpg,0.9206312745860705,1.246985826853608,0.8817851627455563,4.383118396778409,0.3411761858687851,1.2408167191874284,0.7552869481235076,144.78181947354483,2.0145592937300414,1.2043427317980693,0.7669983807300214,0.3203454977566066,0.2736428779276661,0.777462815343519,1.2108017282063732,0.5525304612766763,4.464531764153522,177.94619055303497,56.11843464752316,0.4275917501354692,2.141001844946463,10.863120567375887,11.1220246306479,0.016505607442907484,2.933333
AM731.jpg,0.9609234792890146,1.2892802476634206,0.8516680439165152,5.94520997382013,0.3155739141667286,1.304174584148015,0.9213375705023062,141.68276887416943,2.3365832403212154,1.1982011824070473,0.7721860735729636,0.3131634874533515,0.372830654033972,0.7335357738761696,1.1686716417922487,0.4990786153226904,3.179889113883531,188.1177496372983,56.177979082804995,0.41843194683605267,0.4875717017208413,12.476785714285715,12.622030286795521,0.11819498204417753,2.833333
AM732.jpg,0.9863821551628159,1.2624982556762983,0.8447632578400461,6.139099668023787,0.28401875762363404,1.4699767142904947,0.9413908993866151,142.15641682478832,2.4455488081089687,1.1002381373797874,0.7647998421393025,0.2964212041099578,0.32285437797301425,0.6608475993724003,1.0766348294349386,0.5177221903736842,3.9960210690248426,174.71198963851214,51.09866863943719,0.47407820757933017,0.8789695995039817,8.925641363451266,1.0650177342756422,0.025586024089816146,2.183333
AM734.jpg,0.9653420940216653,1.2658027191036432,0.7818385410720476,8.907194915566606,0.32536276521787777,1.5065076555494326,0.9136860190099741,138.87372744667277,2.3744552420754284,1.0835737443123639,0.7885133141067953,0.2865393357330835,0.47128093142277167,0.7004048467567482,1.1387344418907954,0.42817173256620644,4.226962011755063,171.41194385582992,37.8250657015401,0.5539148232269807,0.0,19.127539053856708,2.068733748784865,0.027028861395879605,2.3
AM736.jpg,1.0183517437607144,1.282085530562195,0.8643806754871246,7.698314923461799,0.3867933924086634,1.3520783086473367,0.7075983398427929,147.68056042834314,1.749787114247847,1.1085015851329592,0.794148304679808,0.2993781853677611,0.3508152479208491,0.8774241737285768,1.2966444363558265,0.464369520392061,4.023027416799858,212.0823954653742,62.588736045084346,0.48728476540000737,3.887797034125424,20.084287572364897,7.195703521204507,0.02402186075287496,2.633333
AM737.jpg,1.0348430389190226,1.2917332659813106,0.8339806391603644,9.135767534851102,0.3678198337092447,1.3513536733027154,0.7241701481934221,144.81693473586148,1.8853500922785345,1.0845814806022323,0.8081435400992429,0.300199530531292,0.2846876025371626,0.47597020508468824,1.131600712757349,0.5074268816661982,3.4962009187540346,211.88654061707274,53.65577138630351,0.5498602617053622,0.0,8.889424883029951,5.783344382026925,0.04855967376289414,2.916667
AM739.jpg,0.6577993075459263,1.22982819229441,0.8748889443379215,1.8298910324282,0.3197781114548549,1.3003439703862787,0.7988640672664145,142.75680249829307,1.968601695813283,1.2131328901570964,0.6987381897605193,0.30793639031836534,0.4469782932813554,0.7999837002134159,1.1261472952317007,0.5231194729356656,3.822690661800701,179.541074721136,43.6295882346495,0.3648219998163046,2.036741214057508,3.8496376811594204,24.21386551232932,0.03253083978109449,1.983333
AM74.jpg,0.8131165593480264,1.2003062091182202,0.8340591647933219,1.264493038101047,0.2464628317648275,1.4106087756625096,0.879310312310162,143.38033910300118,2.7779456434646117,1.1951341491232839,0.7603718948877061,0.30246096483820656,0.47758045585389863,0.782351594595503,1.0482300903127975,0.5138702104364874,4.308287225672095,180.55236784973079,44.770698264208306,0.33099727650831867,2.029177718832891,13.106414968259273,11.309548399895519,0.022875246814911675,1.6
AM741.jpg,0.9304786157866547,1.2915949141721634,0.8547256927852472,4.183491266824848,0.3132029512503884,1.29928085910819,0.8231261537526711,144.50037507481795,2.274535038135175,1.1287441679524906,0.7676763759433276,0.3083495409032233,0.41713791270807227,0.840175532181866,1.2441513878694872,0.4406987821570293,4.466334989454758,187.90883732681704,45.26114501912474,0.5473445001114204,2.137957317073171,7.707181788417465,10.123610555040997,0.043069761134564524,2.616667
AM742.jpg,0.9268837046332533,1.2484377445283452,0.8859254040884121,7.942743597783572,0.36389647478790477,1.311690780024585,0.6728747452152188,149.03882619261657,1.8797308384134597,1.1203778212995632,0.8111048474249251,0.3010490338740609,0.27225257147305015,0.65303798254289,1.133574977044299,0.5508826096270173,5.686096721756922,190.4285614277447,54.03209272790522,0.4409481609038706,4.080585313304207,14.457993571811201,12.30963778152804,0.040514511251226404,2.683333
AM744.jpg,0.9038484244039835,1.2854619753432255,0.8708844018683884,5.721621605735569,0.3512260741823412,1.3108943188949966,0.8804056199092404,144.60271635099974,2.1572093436159743,1.166231408422534,0.7630991980848493,0.314060397442779,0.3324214894821827,0.5302531348088246,1.1586777086111022,0.5015369929511458,4.449842270821401,171.81783251391016,39.2468754182006,0.5321847090787214,0.0,14.566265060240966,9.954068882757468,0.027679140814129737,2.95
AM746.jpg,0.9133690733650696,1.2357229537812247,0.8836409256267298,6.5938606478032575,0.3377925800615623,1.4144688911324468,0.8611389369143659,144.4051676799374,2.2581191951617625,1.13100227369612,0.7665049100463355,0.30265142697855124,0.25334495866876766,0.8443862000705009,1.1155441649915692,0.5712225548892627,3.479769591544496,182.07594090412164,58.65347254969126,0.42497411552823755,0.0,8.796792306699368,14.74092508070295,0.03475214907023462,2.75
AM747.jpg,0.8931101113356292,1.2858803165885913,0.8269629260446498,6.235546871283653,0.33306882598463383,1.3925291955295858,0.9764068731091642,140.98299968457752,2.2579763233350443,1.1509048526950698,0.782618566191279,0.3024623837255941,0.33542942222885674,0.6946021174138721,1.1793222402187309,0.5227933486539168,4.674490397074177,210.3466699809938,35.37334982289104,0.4429103173229589,0.0,9.144269968292315,9.589578518422883,0.014127534779066064,2.55
AM748.jpg,0.9063719931630407,1.2911882483978727,0.8445248423376287,4.675009822790505,0.36274405101429297,1.3038252296973345,0.6744314231443268,147.3798842665987,1.8306628812297536,1.1342617111015971,0.7904855942701973,0.30773545074915826,0.3670358740893914,0.5301719703479808,1.1333246331865,0.4818751480538682,6.918997730329566,203.4607187219014,33.26383763028349,0.5378504916386976,1.4543269230769231,3.8229466369903915,6.190816836361364,0.02641893967142332,2.95
AM749.jpg,0.8802872010038114,1.2454026482961378,0.8567366286048863,2.2648553870709387,0.2924153676193902,1.351660288559133,0.8275218802932295,146.5399269402763,2.4894936185252186,1.2298627549623287,0.7652946800103642,0.3206778610818589,0.28170041591962014,0.692216593314208,1.1945609595631472,0.5391568254575954,4.764311867542136,190.11424029071088,45.8865074971886,0.4575049019446906,2.8169081386903168,14.9465701926048,8.97300241990898,0.07297334908202202,2.533333
AM750.jpg,0.9321240255947109,1.211692606767246,0.8652652027892751,3.534602910145768,0.22828631085417117,1.3185889222875427,0.9002911930492915,146.81417908989448,3.2637348271426667,1.149977280710718,0.7786085484661869,0.30781541030179904,0.4030372142649085,0.7127074136361845,1.0817915368068542,0.5268353117244866,4.165801373589488,216.40672433148737,61.70405442857475,0.38299323752099645,0.7005494505494505,10.405404336129134,13.367711071204141,0.011698551840556954,2.266667
AM751.jpg,0.8862258765119061,1.2576694353596278,0.8794227238145487,5.835506567587497,0.33440697764148475,1.2702884762536224,0.7703024374373576,148.47642697460634,2.1980265833889963,1.2440475872405252,0.7772930654836175,0.3260526149191892,0.3779352195104621,0.8231061250864617,1.1768386239345818,0.47045230644548125,6.640917202308836,190.12090071692853,41.27776346202657,0.528399331079143,3.51118760757315,3.325693449231882,2.643124881324866,0.04208961741716834,2.533333
AM752.jpg,0.9431472657519769,1.2982322325352076,0.8896683262234686,7.400086528673061,0.328827576396744,1.374325835710914,0.8200875638389141,144.87050989559717,2.13481430449073,1.1701968422687146,0.7787953252556644,0.3132571020781784,0.3406121527998462,0.6212183682619512,1.252578515948578,0.43693797502141524,3.7149876949590714,214.25086329878798,42.58751211286602,0.6140678857298513,0.0,7.074135813300579,5.7540135566518416,0.014270466388967418,2.35
AM754.jpg,0.8648098936471562,1.2689967116667855,0.8710087620661944,4.946302967313813,0.32771203414965855,1.3111759395787668,0.8118282556876564,145.2450562601158,2.2061341475167042,1.107600259500794,0.7761757773860295,0.3105450822487789,0.4772580873347793,0.6135586314784425,1.0942757656406248,0.447127034215671,4.0558106292837035,187.48965917607313,42.90632584273979,0.5421868412616979,3.3601756954612005,3.615405117270789,6.093100249072265,0.04913524970900523,2.65
AM755.jpg,0.8319907662254429,1.2613200727580114,0.8534503499646603,2.760620330115748,0.3013390596504172,1.3239555886488714,0.8873712417673593,142.61616845686262,2.2646371110887675,1.1697206258006285,0.7283284671514094,0.31986743910783827,0.38574850230585944,0.6086523408458137,1.1321939210749943,0.4897109343019003,3.061077487126076,209.72041844589455,50.738246646867,0.513739262206993,0.0,16.53270304824709,10.927358204030057,0.013255931459224147,2.583333
AM757.jpg,0.9309523215446962,1.2610599824069186,0.8476093511400464,7.839030903444226,0.3418854312039825,1.3914724909613974,0.7918349974972156,143.88024144144552,2.1114646032874855,1.0972936822040018,0.7927868305039828,0.2965416479004768,0.34089740909459404,0.6574077963212224,1.156153488181219,0.5011476912633801,5.1869655982422564,199.89128336084468,52.096102637953095,0.4947863567529095,0.7464871194379391,9.061706685001058,7.959485103429955,0.022750188343919397,3.016667
AM758.jpg,0.9294993047522073,1.2663571807832064,0.8468267073287847,4.397567898233501,0.3085198016821981,1.2922962841321952,0.9602293907557917,139.3581830650573,2.410537969862927,1.1356160596595923,0.7653826615910592,0.3080171302740762,0.3462314687839787,0.6188676956451746,1.0790474966537646,0.5395420781908878,4.036444509209723,211.618122778471,56.97071537106359,0.43478422840509257,3.212120014454131,12.327639751552795,15.522330469912717,0.06568561571110129,2.866667
AM759.jpg,0.9105890053468875,1.2777489940970794,0.8223795116381296,4.576843851658531,0.34519464066332,1.3743233095361058,0.9071415130543096,142.76450987741643,2.177620778442939,1.1365925755363875,0.7698769289937728,0.29798986111393366,0.3370678568150461,0.7867643372215914,1.2001819368120952,0.5333728413951235,3.108100635547247,190.30514793876347,33.332889021986716,0.4138133172084385,0.0,15.904194688248033,13.147809326988792,0.01733207005320459,2.983333
AM760.jpg,0.8811588941623334,1.293717258281302,0.8424377463170509,3.648039467906724,0.3010748859298929,1.395266720566067,0.8119193512967093,145.96398314543615,2.231289291183096,1.1265296073421067,0.7558674488938018,0.29756134802647455,0.3168775681672784,0.7873275016468398,1.28380012174239,0.5423489560912732,4.889534846537824,203.58568484365236,44.95185746788948,0.36560359779150253,5.088371941070471,29.86783766227071,13.649846316775012,0.031608191189651844,2.316667
AM761.jpg,0.8961163452517902,1.2914459139062249,0.8681738102532685,6.5466213476383395,0.31640758829586924,1.2921804320967323,0.8262578965593509,145.70965221433187,2.197337745398119,1.229121854407205,0.7838362367914413,0.3161702458191983,0.3409708196642072,0.5716070898109388,1.2298124042531515,0.523045198850629,3.2350801507435554,185.78176776278218,48.52912505665111,0.3824611314308692,0.0,13.468782929399367,15.797291406458356,0.010272897237427471,2.933333
AM763.jpg,0.8349757290231259,1.2465428687485025,0.8840863908545803,3.773549156336685,0.3227953696617895,1.2691140100619427,0.6945808472292221,148.0039699841567,2.0140391680363194,1.1509120097243313,0.7770346495639582,0.3100168351875006,0.3520121393769377,0.7653564974033583,1.1998109563744401,0.526739240178935,6.924134656601739,188.01460982298678,36.06266059361235,0.400525960793454,2.6776516522728446,14.267857142857142,18.68356759239039,0.07936889158389542,2.583333
AM767.jpg,0.8487819699203417,1.217121702038516,0.8143142987702028,5.682250126561154,0.3143882256001066,1.2481896512224069,0.8013629006888995,144.8849723870065,2.2767501243223696,1.2624605230437431,0.7848806653099784,0.3276181462146131,0.2890136278212266,0.7578350767144533,1.1779805904903355,0.5435274252328848,4.409446120544507,220.00504106880857,57.94563512821449,0.46340544703968883,0.0,13.509484923351085,2.3877516097179523,0.030650102849142963,2.633333
AM771.jpg,0.8395624550247986,1.2534464828634553,0.9534416056132663,4.119510525941951,0.28367125671170645,1.4110256335766076,0.7215424808197636,148.62059931965683,2.3245338121898262,1.1319547352272068,0.7525203601739714,0.3046214865473343,0.32446398899785595,0.7119902908702995,1.2588735145549825,0.4841243849638051,4.224572960313846,178.41164625930915,44.16164625930915,0.4771028272455715,0.0,22.694197155574855,11.190421530975954,0.014832063990120391,2.333333
AM774.jpg,1.0441485358218512,1.29739895854022,0.8894700066133909,3.2043351829376534,0.31269670682290945,1.3175692222145414,1.0593385196611904,141.55295096714042,2.5774557909788385,1.1276107500259704,0.744850551302757,0.3090522363827753,0.25713444326316426,0.8047861111846142,1.0441966189506453,0.5901541659448685,5.215394201746628,218.09070496933467,44.17129104992074,0.389989973373433,2.480845626208321,16.474591043175113,14.658240187663239,0.04834707930089878,2.766667
AM779.jpg,0.955996338934455,1.246278877127247,0.8602756145789006,5.407145652879072,0.33403287030419104,1.2833198347376253,0.9556309497708949,141.37569691329793,2.237997576657353,1.215590540371706,0.75231043416985,0.3256510980601023,0.33274488567089705,0.5888039327980287,1.2199512611714187,0.47950102743197454,6.134756590561285,197.57636483688773,41.87493881193231,0.530932301208615,4.308755760368664,7.998447204968944,6.304284266544343,0.019571350261380818,2.4
AM780.jpg,0.8617943078261031,1.2495005577095213,0.8114652633015075,6.83358803567825,0.34021308776034814,1.334319704412236,0.8367354875409037,143.41960383794964,2.094500221110773,1.1699292293315762,0.7675763798882367,0.3074319106316563,0.37909318751826954,0.6291978640380614,1.2526420252765877,0.4407163118119352,5.32093365013162,170.9984878831258,52.37348788312579,0.6163343796035343,1.3121783876500857,12.233054458447368,13.17214502431068,0.037637235449870805,2.8
AM782.jpg,0.8968049615581998,1.2503034601402647,0.9109009822148378,5.2556991611582085,0.3330798458431964,1.3567671794445253,0.831968531062136,143.07939918826582,2.09357129588667,1.108138867194297,0.7513736144448707,0.30118443490904384,0.35321489274172785,0.6990221294839388,1.1570723302098163,0.482432157557542,3.2910286649750953,163.30898003493613,40.887750984656805,0.5361870014786175,0.0,17.16668694349608,9.198826812763969,0.06602262075887097,2.716667
AM783.jpg,1.0342771635915036,1.2993700847629122,0.8625739702431519,7.064519011655902,0.3290655355608145,1.3675883449783324,0.7765437270784123,146.86414977977745,2.193722524477605,1.1591856175200925,0.797562286731379,0.3019398211593924,0.297572160817285,0.707122397083518,1.2315897338695714,0.5188779821635308,8.343291360361983,143.2244463085018,50.166267556393876,0.44195532052055475,2.5319148936170213,16.43846153846154,17.098262325627395,0.05094573510080258,2.65
AM784.jpg,0.8670440280467913,1.271104106087945,0.8558254575770216,6.149938905987277,0.32535183250638566,1.3755954769135137,0.8228541459315966,144.34162307306525,2.1948492642272144,1.130621521569911,0.7646854941508207,0.30505265640927126,0.44789052357189474,0.7733941016071466,1.2102309037631458,0.4695463953912679,4.664614028274555,203.15309312840395,32.15158369444168,0.4348908458500633,3.142104835652786,13.942825484764542,7.744430694774536,0.031584590465850076,2.15
AM785.jpg,1.0185354704487177,1.3353994135208458,0.8341033304473473,6.109775107579505,0.3616113360753771,1.3212237380102638,0.9397545566115639,143.2656085854244,2.1487757672972334,1.1278859273971413,0.7699921784314786,0.312018312423758,0.3979519246600538,0.6354948750381709,1.2258095926202617,0.4422868335249455,3.4297661033597326,181.88882690134784,40.805217629824654,0.5709438206071107,0.0,15.926872127602055,5.563473913969531,0.014874769601900201,2.85
AM786.jpg,0.832347063282488,1.2471832769860434,0.8872004299409189,7.777350924684762,0.31737507144199784,1.3375673092097806,0.665592140187628,148.47833313032726,2.0302614618516737,1.1116476050342745,0.786892244499857,0.29764092858294083,0.35008086393084303,0.7628561488042492,1.1606221221589599,0.5050073031342972,3.7098456778925666,201.50968808751384,56.395958579317096,0.48081502923689484,0.0,13.37962962962963,9.874910601789196,0.05643602958187256,2.916667
AM788.jpg,0.8493957014994411,1.2845490909771968,0.8626855786136407,4.667016808365161,0.2873067865840076,1.3194811252120744,0.8893121705290276,144.15559954593618,2.532946064039377,1.1945013476259354,0.7500204393370346,0.3095918622676439,0.3161516439948588,0.7572938161316679,1.1826823276026555,0.5427828931327218,3.604379494224162,209.40624340670934,55.56923900142297,0.4236914234682697,0.6954545454545454,12.59302035917295,13.565464298800507,0.02053551772086884,2.683333
AM790.jpg,0.8377737274498042,1.2525813195339217,0.8702477173706654,4.632781813223939,0.30260924390567345,1.3219137459633297,0.7299931357394153,149.19897636358957,2.23526319500598,1.202485062526582,0.7750938152883842,0.31644023169202967,0.44943087421141287,0.5414378197473608,1.2386026600109654,0.4050694962428188,3.9422292123481615,225.61319203252512,42.57407222812415,0.6014796311089335,3.881692047990638,17.750900891180976,8.388869529084914,0.02916558377635829,2.266667
AM791.jpg,0.862814201560601,1.2460583125060352,0.8362300304159085,7.091625069008698,0.3528203162187062,1.3826405406505649,0.8566289543244744,143.79988370057637,2.11909757749709,1.1292919988717298,0.7544735045573827,0.29960357007992944,0.3584436356675228,0.7685531644833824,1.2110816113375762,0.5146067418824998,2.7233396848033844,171.63235294117646,45.91035455278002,0.4410442409450285,5.0210970464135025,7.81500017831881,16.933131060785826,0.05073060532007249,2.5
AM793.jpg,0.9761414014834698,1.2795974504177907,0.8759357280656147,7.564634988646439,0.34292649481460724,1.299064028525264,0.8866068825429044,144.88292936814395,2.150160807224764,1.1309677929151263,0.7823920936242241,0.30580388817174925,0.29629123346807984,0.4975112101673419,1.0712121759599496,0.4836414040641061,2.4574949457879525,210.35640731261333,36.656106107794045,0.6483892497378935,0.0,11.979068917844428,5.1105206620488985,0.08841076892467173,2.866667
AM794.jpg,0.9721010552550263,1.2457336120098252,0.8324690264460554,5.895927477667126,0.31997814858241536,1.40277040841843,0.8849177311073784,141.71512482065026,2.337982783104473,1.1365351545634435,0.7767011375201203,0.3046724293558016,0.3923979461105987,0.728716139098427,1.080748527809471,0.5055281204330643,4.8173901395357115,167.01399703250655,54.15301572409534,0.43537556651121145,0.0,18.509050587389112,16.929136998673357,0.014419206594050365,2.55
AM797.jpg,1.004132356935666,1.2826086517944346,0.8705573546081116,8.325861435405859,0.35262601213549843,1.3245761123899957,0.8119740273678292,145.7610539050338,2.0437293695034793,1.1533445071021726,0.7962903669002802,0.30840804039443714,0.3008353848803352,0.6259117935118529,1.1871854166833844,0.5212049588820808,3.9421346773551775,217.2739689143764,46.2194432873317,0.45626326991927724,0.0,18.9252026668687,12.936158077423954,0.04248431515020222,2.6
AM799.jpg,0.7895000615701431,1.2344146149194872,0.9238669679827564,2.9291441818688595,0.28707292107899834,1.439904807894922,0.8141778179565932,146.7532130729793,2.3205220575204075,1.084192286575936,0.7310745184284065,0.2933589450244471,0.36485884652091954,0.789523943158017,1.1939847838949618,0.5467064081277205,7.485101821997558,198.6249231768627,33.422760115298644,0.3472936567141476,1.3633754034144334,5.058306314749613,7.6816574978858085,0.08177309187399964,2.25
AM8.jpg,1.0016553686587346,1.319849432021146,0.8478868359380662,5.450446895515943,0.37589785031354195,1.2821653878257533,0.7326340802057543,146.10447985297645,1.9158091017122556,1.1135637416774724,0.781107393513854,0.30936019676757953,0.28590410109227365,0.7086615939223517,1.2294491461560515,0.5578971193889256,6.852053298599181,191.8732080512248,68.70361226915098,0.4018961126615742,1.3780706479368363,10.178632740649908,7.863744999656475,0.07024444798751847,4.35
AM800.jpg,0.9066409951104695,1.2921294324969563,0.8204888937011392,2.602574041996924,0.251771002717539,1.3483968242601567,0.8469317665008139,145.07176511860607,2.976274853635971,1.1153693792151333,0.7676103329720513,0.3018007303999454,0.3298380378173853,0.6938045420524027,1.1496376348314787,0.5156871347122136,5.144603836630523,116.97882357031153,49.80326801475597,0.5063706529427157,0.19921875,11.061532913270096,12.431630968486601,0.0142070299184337,2.633333
AM801.jpg,0.9051708157021017,1.2946917418395953,0.8619585419795157,6.690851590077717,0.37242298958182857,1.197724419143625,0.6960826754736654,146.53517597536,1.7913584181842477,1.1654048993882686,0.790534067626864,0.31921194606391884,0.35945420614952306,0.5707649538967295,1.1703979704229013,0.48407235200913323,7.492429100808112,175.79431519953835,53.99174009224221,0.5405388071279709,4.354817575634045,13.318731117824774,12.605675901727182,0.0325917747720957,2.816667
AM802.jpg,0.918804701558311,1.2839530123668195,0.8402781013901286,7.306555001290946,0.35436220700763515,1.3677838371570057,0.8151707763030533,143.3701046002187,2.0524546754657234,1.1038661951706346,0.7805086062703288,0.3014586249395152,0.4312701941755036,0.6139835208311337,1.0793793126103215,0.48419602612393464,5.759729888900516,213.74020337410332,40.932249930844335,0.4963892184824319,1.0040850637092968,9.116425350106812,-0.749188447936973,0.01191947089242669,2.85
AM803.jpg,0.929437516274514,1.279620724548971,0.8692074473537864,4.676908443215229,0.3055204850240252,1.3466748149625227,0.7918460220691051,145.12287183431215,2.226512979010187,1.0960627443134776,0.7826942093151502,0.29837078487580276,0.3333089581350993,0.6499606303178126,1.1173896354744075,0.5066730039862093,5.309854478589581,215.13325642979083,53.35508323880623,0.516676588862479,0.0,13.341229838709678,4.799886911770827,0.022911091219980535,2.766667
AM804.jpg,0.8790999561509532,1.2539666021863172,0.8655519535536945,5.328495175066416,0.3563558670548248,1.2845683973668545,0.8207274022874625,144.79802573008374,2.0026296661362544,1.1727322907211846,0.7686634729054335,0.3127310951777257,0.3563975980675287,0.6528604220085945,1.1352040562905663,0.5140055456887046,5.735654521397951,184.67385900893754,49.612870575709366,0.4668785841573277,4.827591560792107,14.146410100395496,12.424978053196568,0.017694646201884028,2.816667
AM805.jpg,0.8377018749476621,1.2283135344833427,0.8557708654740441,4.120063817133684,0.31236654443205714,1.460326127531983,1.0405157135806626,138.22380835527792,2.4009560660009486,1.1162001303260878,0.7387576901849026,0.2937256524972432,0.44394023942566674,0.5701356075983354,1.1057767317455662,0.48326501266064126,6.224902556384185,169.76814309789816,37.765261253517764,0.4720800801308157,3.289618236748146,8.796778952544875,7.592200279414371,0.05512889121829474,2.15
AM806.jpg,0.940368192718276,1.2569151988415512,0.9389587132455143,6.442958165231801,0.32953135929162447,1.4960725807026747,0.8208442372794582,145.73996521110445,2.176446507883934,1.052988706236092,0.7585772458351603,0.2868649258553868,0.3985296451299965,0.6931012937422197,1.146916401771153,0.4319989868505211,2.4299846656809194,196.2198496766013,58.146678944894006,0.5889612998233359,0.0,7.25322556847058,15.877210374361383,0.02087715998540959,2.4
AM807.jpg,0.8444065815632752,1.28072486487796,0.7963226384531151,2.6094970095210304,0.327435994853274,1.362880724833229,0.8635177375344107,141.79248241517928,2.119433248645267,1.0827123819455065,0.7508751609660312,0.29365384309492537,0.5045503196096337,0.7771257315503506,1.1470542646645911,0.5117199208526869,3.826203410326626,195.121466644209,42.204724562761015,0.3186420070210883,1.4739884393063583,20.874638268318094,6.9793346645135586,0.027609696515809957,2.283333
AM808.jpg,0.8898606419856938,1.2174042125772477,0.8081567894984426,1.045971557737091,0.2686441193085023,1.344952666696076,0.7564095372248141,146.43530511496263,2.656279294532925,1.2366934097778526,0.7857133528774825,0.31185282504952605,0.3133836701529657,0.6141552608588989,1.2041004741841184,0.4937869723256475,7.527415013887678,165.9013349556531,54.167515447904705,0.5282557631787269,22.40543486338527,27.20727129888268,11.270956040647903,0.042600910163088736,2.366667
AM809.jpg,0.8655264366438815,1.2589771039801363,0.8626147568358355,4.400591358248803,0.2940423461205206,1.4125959862622588,0.752317128848571,147.29178725701092,2.3259501754271885,1.1357637404195426,0.7743717830655983,0.3001395024773435,0.3471846608835236,0.7874279739262431,1.2010100299687108,0.4844813678356069,3.6296177761582777,189.71486353281347,48.38287158110319,0.5184603317615841,7.974868529705766,15.638435838865998,7.207585261894579,0.02433536343220615,2.316667
AM810.jpg,0.8270652166196956,1.2490310423227209,0.9037733745789073,6.2668012660512105,0.33300696143291664,1.3317438639756543,0.7389945641704975,147.05841924306543,2.060034848608826,1.1322944004360433,0.770920790547198,0.30570499164998766,0.40661728465191127,0.7728020557955643,1.1726811262772487,0.5068778485907031,4.75324182791174,190.85519541242314,68.36830730053504,0.4190622166990624,0.4146341463414634,12.942690261392553,12.8956141387971,0.018268179634021144,2.616667
AM812.jpg,0.8592604511624159,1.2726151139639539,0.8926077909332318,1.3015416072464878,0.2658918545718903,1.2947780841219727,0.965456157061046,143.24021904102452,2.695278793336542,1.1500962655805813,0.7383472208061601,0.3154818465693213,0.44457888131854445,0.7596172143046679,1.1088084554520758,0.47804268548071255,5.714877134469212,170.1935084095322,37.69822943957513,0.49547334042171,0.5649926144756278,15.65566487517337,3.9107956858865833,0.03203460295151824,2.1
AM813.jpg,0.8721256630074766,1.292989140721048,0.8331622259688458,4.397392342507028,0.3134564429142179,1.254339889716181,0.7522642935676224,148.2022889913925,2.192579008314092,1.2025671516159582,0.7789388602739813,0.3120165130162901,0.29990890024150324,0.5667637079031175,1.18007318686659,0.5306671149313432,5.389664318641684,150.82504148630613,37.912277482633044,0.47456303263686106,0.0,10.272346866096866,20.394923615768917,0.02199000430070631,3.8
AM814.jpg,0.8467804587949626,1.2520399912745668,0.844447869298645,6.21507307424862,0.3142875543351631,1.5914338361866494,0.9284518723534645,141.92207100381964,2.4018600000645516,1.1314171804795687,0.7566247426708672,0.28732152421695994,0.39734035425570663,0.6465257600654699,1.1237957815753437,0.4391237640954365,3.6925522927969183,167.74446520543762,47.54944112839107,0.6342744032710891,5.439419795221843,8.461069873429144,15.451877659704763,0.007509562581755244,2.383333
AM815.jpg,0.8515124017044265,1.2536581916248435,0.841965956750272,5.8113910127592305,0.2970396410941316,1.26577326781652,0.9484924341077431,142.82715701665882,2.5256174074891917,1.2389000055798285,0.7835305200027183,0.32809597467133045,0.2888493786303805,0.8216574360142279,1.1526474204750852,0.5733804062178314,5.692709150881571,212.31498786360828,31.17885554808663,0.40231470289706633,1.6845754751776538,11.603510340162352,2.1979999138691824,0.023997842460906613,2.433333
AM817.jpg,1.0560361440386596,1.2916216688081372,0.8394880427003548,6.10859168087521,0.3363916475382804,1.3418914553506305,0.940118098341715,143.4054104801885,2.237797627252578,1.1439636584236343,0.7722531644653344,0.3040675462549682,0.3284055977083696,0.5546497008648132,1.2912273163471177,0.4389871632038521,6.784026630448398,155.3472957675831,39.5458251793478,0.6214982744624153,1.769917289600091,5.4203614236790605,10.856335503271666,0.022231338044136587,2.0
AM819.jpg,0.9198101521617621,1.261349374495235,0.8734020403280872,6.825261892468195,0.32226672475001417,1.3651222147247546,0.8553426080786335,140.2241320042622,2.254051233971669,1.0897262017632534,0.7729963297721464,0.2979399035261531,0.38990877790113065,0.7160327689964513,1.1233357370757342,0.5033850551634687,3.9507330628156874,180.86637566483813,42.438127077267495,0.43872296071815214,2.338611572928916,15.662108613745616,9.224104077627047,0.017908163445819525,2.866667
AM82.jpg,0.8603615036413335,1.237558612546345,0.8500129989826501,5.80045402510065,0.2996371147983439,1.289290841439429,0.9290461140329598,143.10099441019779,2.475138384930985,1.1664690582066088,0.7566000239328979,0.3076085944385605,0.3453825322083895,0.81635107992934,1.168759829895467,0.5614883883326848,3.4503129092475477,190.1702045781526,38.3699788445183,0.36242254832197157,0.0,11.041935335298453,10.505947642208099,0.06335673745014585,2.916667
AM820.jpg,0.8103487873853072,1.2366712301799507,0.8549721199052388,5.737860826223695,0.31898457437657196,1.3933545682038235,0.8456549014839482,142.81781515687715,2.235163772422251,1.146738182655344,0.7633450092872396,0.2986040543339543,0.3424756409506481,0.6949851472085152,1.1683152977160958,0.5247530403668141,3.829990710041412,198.3199926256861,53.70760924994394,0.4424296350254569,3.7390029325513194,14.643980233602875,16.52019270487682,0.020971540948034897,2.85
AM821.jpg,0.832248567071655,1.2301809933766212,0.8339897651185065,7.968046453580746,0.27664904020312714,1.4642279224312975,0.7351879265531374,144.28562011279453,2.415345138579232,1.1351224356341343,0.7830433151534799,0.2915179186349089,0.33557048081344654,0.8094920419221097,1.2164492010756967,0.5318372521407319,5.9054861826724085,169.00568208079127,62.04071392792504,0.3954290072890842,1.3093709884467264,15.531639470641139,22.270630976827263,0.02400439948628718,1.916667
AM822.jpg,0.8824809234881607,1.291056225123499,0.8444508902186262,3.8536285184797445,0.3072074447399917,1.436437615164292,0.8626558658098921,142.6211595472429,2.4256807427418763,1.1126899100657839,0.7751207738882622,0.29886846041745463,0.4262518341504212,0.6786940069228083,1.1588881379409819,0.4916974100248247,5.741868104756943,167.40892336117776,48.98107101218447,0.41452704454774153,0.0,16.484148550724637,13.763832097665428,0.09626927298299749,2.8
AM823.jpg,0.8949902990235625,1.2936518812797537,0.8720156369076026,5.1901221805908495,0.3096377580959068,1.3749545015810394,0.6978418229246229,147.12886207374595,2.2424578511206485,1.0968517377606088,0.782606205442976,0.3065625369241905,0.42249226797248496,0.5773739025905238,1.084925809689839,0.46693830169910405,4.102470466895448,196.68661062647374,41.99862310697296,0.5233527946306186,0.0,11.299343312055177,10.497234804723831,0.05859887213212274,2.666667
AM824.jpg,0.88935658334212,1.2796490579473458,0.8502091392721773,5.041250106720555,0.3410711866620997,1.3256317005842457,0.7959055974159187,144.85096745666567,2.1155905705771434,1.1463445352817898,0.7674396662654165,0.3089332100468638,0.376786665820297,0.7995574772929913,1.116198213014667,0.49611989034830467,4.939102429958815,156.14054984658338,49.24740468529306,0.49205528652472147,2.2533136966126657,15.239118270114712,20.561751053440005,0.045104380282338166,2.45
AM825.jpg,0.9076881335580471,1.2815830371245551,0.8243070428448025,6.2249547989560385,0.3381244620559429,1.313935439852273,0.9027083006225339,141.87987449346213,2.183402170243305,1.1408326020827404,0.7759744965390636,0.30397467689968016,0.3717645962002061,0.7495127749063437,1.2082349879092589,0.4840648755070576,4.528741750167768,196.42959760986645,51.032493163123945,0.5035927181730789,1.7465753424657533,7.96875,16.01118671340221,0.017872136157013493,2.816667
AM826.jpg,1.0224001633142505,1.2833832155394727,0.9169657205853949,8.053014098124704,0.35540762626610006,1.312646502400192,0.8577392086751092,142.7961889164208,1.9853328330629947,1.0772110538248902,0.7772942010884547,0.3005518611037312,0.27845963352959835,0.5820476184306809,1.1282308812484991,0.5041450313730401,4.835339514292164,211.9402026187998,55.53940368404611,0.558453856859639,1.1299852289512555,8.478145833956173,5.41063821430879,0.02237598554015296,2.5
AM827.jpg,0.9302435997552989,1.2748158141176584,0.848778092830192,7.192645003667252,0.3509478627611609,1.3470220929022139,0.8015111193491257,145.0671315328808,2.0153350700704835,1.1093952949988413,0.781438832532137,0.3013012174417538,0.34247505845724047,0.6587973695240273,1.1607967135719577,0.49274078487049777,5.489339257730601,214.29299448715577,55.705945654884005,0.5327555349796591,0.8121019108280255,16.672496318114874,14.109532948694223,0.024504460763897153,2.8
AM828.jpg,0.9115273677658613,1.267525342145878,0.8745553998781185,6.795252754943194,0.3474762540389823,1.2289003037078772,0.752147517474255,144.17732501342414,2.0422978694876295,1.2147717686718367,0.7921746868254015,0.32932050588283773,0.322459279743731,0.7329877978181235,1.1952653521134735,0.5175417873165599,7.247927769113348,200.81396426640993,39.66607694246625,0.4610269169134909,0.0,13.162037037037038,5.726185016961807,0.04694322504578576,2.583333
AM829.jpg,0.8876798999405453,1.2376912722563425,0.8780749517486758,5.7479206568760715,0.3198154070883262,1.3318370713655114,0.9328652566625381,141.49527086777687,2.2191000950203974,1.112914895107561,0.7318572929904089,0.3072025325548502,0.5082985350172105,0.7616023215143866,1.0177902141130013,0.4569135742195024,4.702086581073087,191.57379041292828,62.37365333273635,0.49548160406260766,0.6097095620707101,19.189851097178682,12.571849884954673,0.024344292691614634,2.516667
AM830.jpg,0.9068441595347891,1.2494245386632632,0.9701224756294243,6.339288671658894,0.32720736661865,1.4365391631198234,0.6719990323353396,152.92796722924308,2.1244489267910884,1.1517619771937406,0.7973048940299995,0.308773882330495,0.23335073837466008,0.5321051698215598,1.1499556260165065,0.5472414450232936,5.115113529437677,187.04820942815294,54.87232290333023,0.4718452992979039,8.542642140468228,12.881987577639752,2.814802754152211,0.027615372768883355,2.483333
AM831.jpg,0.872236954027972,1.2715234660785262,0.8582739326030817,4.537132938978517,0.3434267883427792,1.2913282989366293,0.7391435974081463,148.81553339767265,2.0471152387687668,1.1471668943146769,0.7853087640139607,0.31566506193351723,0.3591283113835892,0.7138981064818569,1.0832387627035496,0.5196644700266588,5.011103292899958,208.7670334764798,37.98975563620982,0.4835817973492391,1.4613180515759312,12.507024908069104,11.849966876449685,0.015034853796835553,2.883333
AM832.jpg,0.9198386763170511,1.2465753448199441,0.8814594384509602,4.31803747562797,0.2866757277703744,1.3996901573715435,0.7888323932147535,149.06907341526977,2.382879318971653,1.1347479475888662,0.7900365666323294,0.299137667044719,0.4062919044993004,0.7808264494394768,1.303515980127463,0.4497074844126866,5.142870064923226,187.0712225748077,60.94233091851879,0.4175131051592848,4.1847003058022585,10.940294219055282,11.79226446470004,0.0270355717182168,2.1
AM833.jpg,0.9642397898815487,1.2931527701790893,0.8349227339967316,4.157523305401346,0.30777625847814,1.3607594576757427,0.9039722644494875,141.88623403327762,2.473208735539512,1.1522261089307915,0.7702620334336389,0.307967875372613,0.37220989847458374,0.6638030037937092,1.1655348439809496,0.466470809755548,5.347027011484004,197.47153063595664,39.781157695800545,0.5492899151150561,2.6903400235807506,25.586734693877553,5.1563616349798025,0.03286474498501629,2.266667
AM834.jpg,0.8871815426113433,1.270008454284921,0.8748302687312276,7.575466629485508,0.3462046070330457,1.5223157848504794,0.8150838176425947,142.05476504714431,2.0394104964400026,1.0596189392996815,0.7697184726548185,0.28278225004403873,0.3186277524303111,0.7005842806645819,1.1033038605728938,0.502775934577829,3.374119430901358,200.49267251722603,42.58081179905409,0.5361586188891662,0.0,16.341242545792852,14.870335158323229,0.027753120216998085,2.766667
AM835.jpg,0.8444019065530725,1.2395333952216736,0.8448156661946875,3.3888903815718328,0.30859687513376055,1.3993335926009791,1.0262648289392167,139.4098354517388,2.3813233647445506,1.1258296589481358,0.73554017512293,0.3000616644919564,0.36646742952630984,0.6974962826224198,1.0492342273726323,0.5379393334204622,4.481833274501721,185.1798141824474,38.008130793372686,0.4306820584724029,0.0,10.980495753505828,11.215192497263715,0.06384324946839634,2.566667
AM836.jpg,1.0024238503760128,1.2795202298419392,0.8403389856683613,3.78223168628573,0.3499119583287742,1.22020767770191,0.9030828751203335,144.59700716924795,2.1911959362356552,1.1876823766040157,0.7791289626327353,0.32317356441551076,0.2657621145641968,0.5934973932277802,1.2530595650403313,0.5359123389553716,5.2525258358872975,176.0459629184868,46.72616596417208,0.4793527654079733,1.0548315958299919,14.182704568780519,19.486204536162347,0.08184919352198616,2.816667
AM837.jpg,0.9295240698147021,1.268713196323282,0.8557921010507038,4.957279211524739,0.3123461886125348,1.2779944401749674,0.9561406265406869,139.50578177426968,2.3812196332251587,1.1583704294339303,0.7662309237677297,0.3162299348932607,0.35306005307145794,0.6305985548342264,1.0726271454538174,0.5421060489367308,4.058847088663431,211.38318964631412,55.807592829338006,0.4201605246041299,2.5602510873863187,18.930310728119913,15.4815065883962,0.05334294297426656,2.8
AM838.jpg,0.9270147442452806,1.2772340170602139,0.8705337170034594,5.9625956575805095,0.32283293561637894,1.4757946752315503,0.866201868801835,144.3781910038747,2.3767981786059034,1.0812552293735331,0.7759515078211814,0.2918171181037978,0.3784179577889102,0.8789038552785488,1.0029171154760694,0.5799925904204747,5.101834648554101,190.98780173140113,39.49568816673238,0.3258206127641895,0.0,2.980254120879121,12.310350949172104,0.038854962058809464,1.916667
AM839.jpg,0.9359634193731539,1.2468914442858774,0.8304386109828815,6.265489913809068,0.3070091497738405,1.321464480055077,0.8878706964924329,142.3941431737466,2.427382144178585,1.1542687766274664,0.7777687540407185,0.3162497020541278,0.3472611195607082,0.5688049349141134,1.1995029076601702,0.48515773617929786,3.917913700210698,192.18795004432138,42.59508540633607,0.5388612309911088,0.0,13.210863133521997,7.29029970360304,0.016978209332505278,2.716667
AM84.jpg,0.9752366727791684,1.2945882102150648,0.8713852978965354,6.0061199421478815,0.34090085364278766,1.1968834224834222,0.851948233515612,144.38126499964284,2.1395352121787297,1.2531646130305996,0.7816857924135698,0.33414052104577685,0.2994607630440318,0.7397243535304494,1.1735352468898737,0.5262422521713765,4.5989349653634655,182.22102925295815,34.923281946395946,0.4524511793101239,0.0,6.050204356099446,4.66113538514351,0.05213549058389285,3.566667
AM841.jpg,0.919835370250322,1.2322911145147817,0.7974141810641214,8.100990206753645,0.37498624130705327,1.4575744905680674,0.8477659087305134,142.45069700908923,1.9368783714825633,1.1552740663586605,0.7905478072863747,0.2952572149398503,0.3105808371111567,0.5768152330176224,1.2548283223029937,0.5333556309546582,3.4478325134915826,194.73645076807517,45.36669552331992,0.40278082603832094,0.0,10.416572871108825,1.82809272989968,0.03888112095821163,2.516667
AM843.jpg,0.9243062868835348,1.2706806886221258,0.8651784566978088,4.7315637047906645,0.30928505513359256,1.3795298756755978,0.791933953911525,145.94861073646757,2.306556630795019,1.1278117468812408,0.7818893618302404,0.3057256900715979,0.4050079506172063,0.6658349581964436,1.1138793259087412,0.4813529323663085,5.069848941809654,183.37372333869746,58.558800858077305,0.4850234093843965,4.098984771573604,15.864793388429753,13.816207762062021,0.02246885017599736,2.466667
AM844.jpg,0.9817003101132707,1.2708593373072974,0.8333688110127336,8.95430770255878,0.364059956593793,1.2547571735151297,0.7365025838050911,145.41719286329533,1.8293667183882618,1.1955343983647233,0.8033107615464635,0.31276048618790225,0.39031372619559945,0.7445773455080674,1.2001731486861553,0.48272171540972186,3.2275356868581158,202.37590393235675,48.10848397002155,0.4477535081105006,7.255480739116818,5.224665482758948,7.444977809809913,0.06183873142785572,2.533333
AM846.jpg,0.9006958570983205,1.2679753140561336,0.8123488560006936,3.184793845633531,0.2902567678478444,1.3043644335491078,0.7851210508575677,144.8012633375105,2.404144974783847,1.2178457238110212,0.7903704398758721,0.3134494311359279,0.35687328433783155,0.7463239149464459,1.1142499568654753,0.5028956884548492,3.9010428429352793,175.58625271972932,41.35201848549508,0.4755806809082629,0.0,21.743445692883896,14.275325472731183,0.020945767794945506,2.566667
AM847.jpg,0.9741370731538989,1.3132189747073075,0.8347683157548628,6.048583854516005,0.36003773170261205,1.4544916749813348,0.7462711903328356,146.68408305488668,2.016648263586648,1.0685618670206,0.7816422396573327,0.29425955935446685,0.3653679141508499,0.725790206459966,1.1257067330567656,0.47107342965656235,4.031473632906451,193.6976782771645,56.22483482668525,0.5524610668073351,0.0,20.024752891339432,18.446736570012433,0.05972145321931943,2.916667
AM848.jpg,0.8360928035594284,1.287375747914097,0.8160116998266335,2.957678953782828,0.3148132025301422,1.4380305403526696,1.0388305943813332,139.88243581780722,2.457613839580702,1.1611116816662919,0.7638050477683783,0.2993489395059575,0.4300170047282671,0.6041731339859421,1.1254385482265772,0.4858932943872777,5.367700624512452,217.78266306020058,44.956982126348436,0.4846589822772211,0.0,2.3857242552449076,17.022293789241218,0.027015342522917502,2.516667
AM849.jpg,0.9376407089913839,1.2744880079323753,0.8663825622273305,6.731590958036369,0.3497907301606211,1.3938829463001317,0.7505481975507036,148.58657289767092,2.0227789628676676,1.1184188052914126,0.7798286647490017,0.2984130917757725,0.3364503137088796,0.6578541584093591,1.181434593275663,0.5472137688975223,4.917343711411844,190.0134952334622,31.536880534130376,0.37178737155236335,3.260950515111157,21.584612034307156,0.9110528751870959,0.02919077985870876,2.416667
AM850.jpg,0.8388427378509233,1.225651586173938,0.8398554916516199,5.972575025910704,0.34359580639891935,1.3835601584935657,0.8368088737979505,143.8184474837271,2.2159894496054173,1.2284772673599427,0.7680813560115655,0.3081457609960982,0.3949772422563684,0.7700789299192647,1.2312564681733378,0.5144001705644466,4.449263361030264,109.56324705940523,36.21923822450738,0.3558638585109096,0.0,8.264615384615384,18.591112640414423,0.04999225145409274,2.516667
AM851.jpg,0.9170976917162563,1.2908341980835512,0.8411063640921486,4.478311423838617,0.31234521354884837,1.3159549136412025,0.756836194555274,146.56777970562487,2.0899254898135204,1.1290759080622423,0.7942175363920351,0.2999032057924031,0.371429217938831,0.7023949208280469,1.194285158432391,0.5063878473522722,6.053654196548132,156.41297064326704,44.725470643267045,0.4088839310569398,1.5994623655913978,19.12126696832579,6.228797841272552,0.04087809049422002,2.45
AM853.jpg,0.9731413470993205,1.351710054095985,0.8112791020995792,5.814736126664929,0.3465434139477196,1.3707841966902299,0.8918265034867874,142.02528254430774,2.1842229010870375,1.1027590508123057,0.7722662551975044,0.3016633754466193,0.4928216904320649,0.6662397384260484,1.1380981500720009,0.3538146080487867,3.3132199249755936,180.29416102397528,30.162483070626905,0.8486817240753399,0.0,6.081645479796444,8.015833289372992,0.04198952053431709,2.233333
AM854.jpg,0.9517455020430057,1.2462754390611603,0.8333234392576494,1.0224950161568251,0.22592214075461867,1.3303685353656518,0.9674241278614643,140.98797702542635,3.2826864132166342,1.1377612452056767,0.7558248034120397,0.30589629572217636,0.38128898271090567,0.6302515117187025,1.1352911225402542,0.4730161289534531,7.5936546146940636,192.8613531207443,60.67232275835448,0.5382599455428222,1.3312479651267952,10.96921651461746,13.853543021389584,0.06274711211318343,2.5
AM855.jpg,1.0344700536261202,1.2397889085032583,0.8621878794761458,6.978259727984373,0.3204101864006259,1.3298483459324806,0.9893266553510726,140.81956831870627,2.389547358399932,1.2103223654058508,0.7894079033472127,0.3174015250725844,0.2926756135298242,0.591957594764852,1.080399229685637,0.5012462042233297,6.787147721328735,185.84282841823057,40.566470590754534,0.541144211354382,1.9670980378836769,16.69732069388235,5.0358914527570136,0.024593024588510714,2.8
AM856.jpg,1.2050898649225468,1.3276030205957312,0.8610424351158444,6.9088021765952625,0.3139742862301319,1.3066848956318986,0.8723088687078674,143.84510264211258,2.35171898101935,1.1545383491411199,0.8020640058592111,0.31536464006358295,0.25278276751218465,0.5283382113258427,1.0925022805152709,0.4615842720881419,3.1611676382204994,177.78523078030184,41.28582958269706,0.7110811434538765,0.0,12.71676605440072,4.020924701838354,0.022691565686917402,2.216667
AM857.jpg,0.9198640551837565,1.264574223964116,0.8122608576792198,5.928135028147058,0.3145173522999437,1.3757122960783967,0.8213847091808301,143.8623830762195,2.254127282822484,1.1422977898041449,0.7880830122307732,0.2995098254948616,0.3375866633825586,0.6319121576841892,1.299249005039432,0.4958572830198994,3.55885304049169,208.41971401934472,40.463157301726056,0.451593872834009,0.819935691318328,7.901570242615355,13.358158846365555,0.08990442680173111,2.75
AM858.jpg,1.0080284266446962,1.3097755997729827,0.8321559670465184,7.3273860137513624,0.319911584801867,1.3769380481676334,0.8970479386048628,142.1084401768449,2.3496859691745042,1.0988713158572436,0.7823805194565401,0.2992681326077906,0.28956204486665865,0.5699040010786617,1.1146357020721807,0.49800378877114093,7.713434448146893,178.90629713423832,67.94440488719495,0.5881060501678131,2.236842105263158,10.95086763518967,15.290312184352672,0.045888334812955504,2.833333
AM859.jpg,0.9307538364484857,1.3155742502947252,0.8429446261822793,6.009754956715052,0.41634810904560743,1.354458378179539,0.881733604496889,141.03977533746172,1.7211829808525323,1.069144441561017,0.7446545712309045,0.297047430590542,0.3325679699463318,0.6544566734287124,1.2098958566260203,0.5009561428871698,4.320763957573413,210.12805080790642,47.712984338187056,0.5099435305921912,4.962361993977919,13.005270604881499,15.333015178821896,0.03981122924485506,2.866667
AM860.jpg,0.9311926725758046,1.2767349749926322,0.8509468054875738,6.76037147451478,0.3790651384274182,1.4275649828752868,0.8969450822494873,140.94328806036307,1.9291676974761505,1.0446905473530568,0.7592253465957142,0.2909360131812155,0.3334113620930127,0.7556804586185674,1.1762534186989466,0.518459602035082,5.974881309482505,204.0637004717989,35.77939886487681,0.4659608858222701,0.0,5.4568614130434785,3.05850748469625,0.03697404135389519,2.833333
AM861.jpg,0.8291974939717451,1.2486463621636468,0.8805589330917772,4.22106799884346,0.3202359772121479,1.3326630602003926,0.7201569672037055,147.50070740453532,2.079878816463899,1.1292960224140223,0.7807296825954394,0.30294791046977554,0.34648466448772636,0.7690380830132938,1.1976408322585,0.5262099737575386,7.122582388108719,187.45701341386294,35.80536176221128,0.4057179472123878,2.0557539719934415,14.680348049913267,17.78256534496316,0.08781360136320271,2.6
AM862.jpg,1.0078732391983978,1.2776251914663048,0.8086109752979179,7.086984146507474,0.35936365773320633,1.2835753374949188,0.9129536739711205,141.37056398113458,2.1406264460256055,1.1876831693046528,0.7791125179945093,0.3166082580506348,0.41119092650620565,0.5948429926921819,1.2275182297035012,0.3935219615619211,3.8283460519542705,169.7951130633067,41.75990179570107,0.7215342807854552,1.0297619047619047,12.310957497524662,11.702092097753223,0.023362610140470124,2.483333
AM863.jpg,1.036001816856168,1.289046925775639,0.8293208054734127,8.248202517805845,0.4086764609205862,1.2831523477468088,0.8054992005273827,144.4564404673064,1.7814705077147663,1.1367613390541143,0.7895195051721088,0.30808403264830636,0.38804848104710205,0.6884227348520614,1.173229687091844,0.4797636683730296,4.209017176283146,213.27441365082205,52.70934917251023,0.4746560357447265,0.0,10.42408471533885,4.187004863366681,0.027634472688906026,3.533333
AM864.jpg,0.9300046486543727,1.3269285521008936,0.8671419312728972,6.700900805804453,0.36362380666275573,1.338217183942399,0.7942784546044829,145.30547242244765,1.974974179765567,1.1123409756180627,0.7759523728723874,0.3039912270024381,0.4002393549243461,0.6973394006694439,1.0349539378814685,0.4784528325354077,2.816622990323844,219.1766484662344,29.004321422209273,0.541644285747588,3.020304568527919,4.383954154727793,3.206564929861287,0.056188132563034864,2.85
AM865.jpg,0.9116837092304809,1.240563271862068,0.8484936180812579,3.660419792500577,0.28153902537213865,1.3627636873712563,0.8231509503244476,147.04674709675788,2.5806825126839383,1.2106872550502477,0.7693340380412033,0.31229621188564566,0.23495272977100132,0.8338342137014036,1.1111857113500616,0.596806900200001,3.0442196187237553,187.642339221616,58.29433922161601,0.38412618192479137,2.61986301369863,13.678071142693785,11.023812179038302,0.0422628422131046,2.716667
AM866.jpg,0.9083033255200734,1.2620296279621446,0.8303131144629384,5.503816242326721,0.3199007452214866,1.3499300392936147,0.9100365586801415,139.81854261593116,2.2495404269508636,1.1620230301223429,0.759473659883568,0.30758921660867516,0.26908763338604275,0.44371258462194385,1.236550648770499,0.5360235918000813,4.267637804522453,214.67085438184367,38.819092534942115,0.47181118444097864,0.0,11.267902871776112,11.31057666142243,0.05341251035134874,2.95
AM867.jpg,0.9086921499241457,1.2725341448302714,0.8384210381036852,4.489491513975244,0.37385073440169514,1.1905997870519005,0.7856643946724264,145.6661465606659,1.9140278670108222,1.255800259504926,0.7810031945791119,0.3318693879724841,0.38195640777372675,0.6506040533405317,1.2996511858890583,0.4912806982763261,3.891758587133757,176.77884708731662,54.56916966796177,0.4173361269963432,0.9568480300187617,13.284638836772984,13.524797362851658,0.04011275124711219,3.516667
AM868.jpg,0.9879218600668408,1.3036164865700894,0.8041375923046757,6.978204918120097,0.3157983685063551,1.2703352085819568,0.9198101656735496,138.46860440530673,2.1897865584572687,1.139679978451909,0.7780460898857972,0.3142533268062869,0.40760694420992444,0.5790329723698608,1.16227024691578,0.42430564816252,5.926260267383009,155.74202994216927,47.1639187329901,0.6515345415856855,4.100284586196287,11.465042507873514,12.532339791828278,0.03062414607689899,1.816667
AM869.jpg,0.8422463808838696,1.2576421009353271,0.8264390623622997,5.567812910040459,0.2639819868505252,1.4108773901191813,0.8272338036753499,144.65759567977295,2.5260059181421965,1.1087207277889526,0.7630040205157665,0.2885669551059744,0.3920340433600271,0.6135271100308944,1.1632414941677052,0.4760437536460008,6.149872332344858,150.34034454240532,51.75116048168425,0.49894588228756054,5.198408593594589,10.240839995926057,19.315925245204603,0.07363056337021946,2.15
AM87.jpg,0.9042966679275951,1.2998177348378708,0.8492394229956114,5.713196818462686,0.313197622128342,1.4473341881601853,0.7656363767650821,146.06716792808828,2.3279773986433185,1.0947115877409561,0.7956992896074581,0.2978088651414202,0.37496436015582696,0.541985949456366,1.0833402797059908,0.4857748337081656,3.7437462474967678,178.41632118753193,47.20105699966501,0.5199522764850991,1.405511811023622,18.234581313722213,13.288643013370546,0.050307219919401104,3.633333
AM870.jpg,0.908238127703885,1.2636933265799406,0.7822789749891511,6.503487931312064,0.3387203287708449,1.375844116634414,0.9730374018974545,137.67122854425034,2.141507371527835,1.1937183561070597,0.7576671899686748,0.3039528398791382,0.3923876993676876,0.8269598026016507,1.3673256267714826,0.4652865731057838,6.137461754660299,216.72673997853008,58.70276737579036,0.4287722430507485,0.0,13.894548003959088,9.100524729368473,0.020338846298488266,1.6
AM871.jpg,0.8038158702754106,1.2796446480302517,0.8368682916420113,3.6543047195032834,0.273057862463575,1.3127475189454008,0.8749914116994618,143.74658845456716,2.619156685641364,1.1976215743834904,0.7625474861722313,0.3113551661751845,0.3814917711894283,0.6993793540783173,1.1701794745286,0.4638813271224411,5.619977327956294,177.56381116536846,76.7974246107466,0.5862830942854752,12.976431546930273,17.283836200727105,15.221370696032679,0.03407895635403288,2.3
AM872.jpg,0.8157936690909442,1.2440481220604942,0.8381929819792814,9.676027593344804,0.33080137395435616,1.3933335256637434,0.7777923388215456,141.01125807350192,2.0129755283089,1.1171298782477754,0.7778424582634264,0.29231012899812303,0.4343941198882709,0.6154461240651025,1.2826279504457503,0.42257977842567274,7.223214514413055,207.0988320777339,56.371716360980855,0.5629348167862498,1.5810893512851898,16.12467167829001,11.549573518525804,0.013843760848967462,2.1
AM873.jpg,0.8600485163163769,1.2536330053785472,0.878236950499874,5.885356795132118,0.35415007119533554,1.3177109964435179,0.7102197151040586,146.63575112741012,1.8822051808157043,1.2090040864060976,0.7778809282988677,0.31020469738283685,0.4168142844752121,0.6315134225164521,1.206789642633031,0.4379828644770804,4.975408972133085,185.7584469178422,49.26482650316916,0.5330052002622345,9.692982456140351,6.923763736263735,7.647887612152687,0.007500402669789176,2.35
AM874.jpg,0.8802097509508083,1.2780328245747303,0.8655478214802326,4.7048261206302175,0.2721077590031459,1.3845613667107912,0.8504220592551874,143.42760069857226,2.502158338108113,1.155537532492443,0.7865344961450997,0.3042742170491761,0.404781558019275,0.5658228387939043,1.1509789687555916,0.42916677017904514,2.4951838959622985,196.15864817650888,36.906110105442906,0.5754725422949926,0.0,13.873740948280904,6.174492371441872,0.018327765236221674,2.3
AM875.jpg,0.9530962569463428,1.2878829209026978,0.8138006383336143,4.781836521819039,0.36167656907544066,1.3269118154336348,0.858488952516561,145.40600599839314,2.101747350822781,1.1399151330850816,0.7943532653678483,0.30569942202178624,0.4358676203346842,0.5507728790820391,1.1258059230126156,0.47985430736629947,3.849809585152892,185.32709618781672,38.55566761638815,0.4730505212624544,0.9604519774011299,1.0991379310344827,5.629160672676363,0.05109445646804632,2.916667
AM878.jpg,0.9855347943282985,1.2915654067089875,0.840757478171763,4.857660476200513,0.2778938185729124,1.3508452204314065,0.8877704942736124,143.11825151056397,2.6101464496133326,1.0894647745412558,0.772360528259465,0.29989674756822937,0.368910795387778,0.74459575307821,1.1847540293142487,0.5168240220047792,2.88671870536456,219.73799362638806,44.98954642141911,0.3977801757041174,0.0,12.338198757763974,5.46531370214565,0.040784585216349076,2.566667
AM879.jpg,0.9228354217805623,1.28051460418479,0.8905221358766141,7.395956396132654,0.33064127007848243,1.303310508769874,0.7482344925686015,145.86857866261596,1.9951246253255779,1.1559925661924344,0.7915229250335079,0.30647220173566314,0.3443964227755175,0.6398884114519755,1.1040947625454693,0.5206486235247454,2.859213944777978,192.24269475906306,37.36857711200426,0.4282435781059772,0.0,13.98625549780088,8.407649096962587,0.04887294473818948,2.816667
AM880.jpg,0.9078874890842694,1.3317222347429072,0.8141042591577516,6.921809494391756,0.390355748587921,1.3718442889393039,0.8390911865858852,142.3641371743612,1.9469058447137335,1.1099105293820855,0.7805269217037405,0.30489224318641867,0.4019337475498655,0.6298050949604934,1.1250310775833845,0.4529395206287182,2.9683138993592917,194.18147110525157,41.978292898668144,0.6119975375129914,0.0,11.982467082467082,11.368145565721562,0.03336381610478948,2.666667
AM881.jpg,0.9025764365715666,1.264658491173024,0.7923752994518211,5.395355129363126,0.34863789545897617,1.4281658112481577,0.8758924049256166,142.0137864782581,2.0434114745827756,1.19079787306152,0.7562992892658695,0.2991028580352669,0.36237340112426497,0.6615007232794212,1.1927601768899938,0.4276865885323415,4.319771345043501,131.93694140032846,38.835881329657084,0.6773024098137581,0.0,6.4906191369606,17.035224587634772,0.02380210549066277,2.483333
AM882.jpg,0.9116275249865541,1.271317352289942,0.8842788631228427,5.8142244089297845,0.32830732858451656,1.2688168024055388,0.8223491315758337,144.35475668643693,2.141653570439934,1.1947431079992175,0.7677040211475171,0.3155678074428768,0.38325221694750516,0.7768319485325859,1.1244829055211392,0.4821298950545968,4.7763107255988215,105.53990544873827,41.67845966560574,0.5080119796288919,0.0,9.408396946564887,11.601920882347763,0.015532763726140103,2.783333
AM883.jpg,1.1152024195153014,1.3164686425017158,0.8371582027489795,5.7647572338615785,0.3460582414284415,1.395192660925231,0.812521287942905,144.34472405094246,2.0794343027685707,1.1206017256305159,0.7847040241502775,0.2951554233725801,0.3531697423547439,0.7449266372651857,1.1907133021409222,0.41479529852490055,4.996683439366873,179.71627476802462,56.64695868669375,0.6710448400407786,0.7846153846153846,23.957296919721955,-0.116260183362769,0.03421766333733144,2.283333
AM884.jpg,0.8529166786769035,1.2826878605626835,0.8317551763648652,4.115838236499014,0.3513514998368682,1.2191186851572944,0.7965609349539293,146.8655868414578,2.0062917313578987,1.2242538315018605,0.7654391747357662,0.32642707800709947,0.32227864710004467,0.6441952102269812,1.301140213060281,0.5198151247564495,10.482703050843028,229.53717829208517,69.32496607987295,0.44602948390639485,20.33440605615954,16.114028213166144,17.253608033903518,0.017364050619057457,2.7
AM885.jpg,0.9098205398719914,1.2726298335928412,0.8750063470089152,5.647059843228141,0.2709918257784816,1.491496839088192,0.8458789652658851,145.26915794686076,2.681887598025604,1.0364293610558972,0.7763303407728165,0.28404610306136907,0.3468019459205429,0.774904810419346,1.2156756941419253,0.5009097678973066,4.000512284536022,205.74624312872194,51.767222149700956,0.4589410651734965,3.3243865030674846,11.464860224123388,11.432377466932977,0.012863570045293954,2.383333
AM887.jpg,0.9447766091194422,1.3057136888647702,0.7970109978363601,4.288504977206779,0.38075358831347805,1.3004384108767169,0.8451670962311943,145.51348118024447,1.9785288214778263,1.1557282712037225,0.7814292190180135,0.3088099203803014,0.5323697014302148,0.7989621596764993,1.1232586522825594,0.4431606515007589,5.4022809362908735,213.9651731326831,31.792482369630903,0.47423423293203315,10.009340411113621,10.590277777777779,5.873080099272443,0.024609770481918126,2.366667
AM888.jpg,0.8482142583266752,1.2779059672087805,0.8974496600662224,4.931682123207549,0.3378161843828815,1.335261109953107,0.6942301193490557,147.08830994655347,1.8924196120233658,1.138198458311318,0.7602913997549976,0.3051658872531011,0.31033387810790863,0.6403531219067045,1.1863702085057353,0.5053167150172406,3.1339656653082946,162.18970983257134,57.82445370784974,0.5093531425966689,4.403710247349823,17.441037735849058,11.548208613483908,0.08069557679831432,2.533333
AM891.jpg,0.8448868921859841,1.2058175801321793,0.8147689869580994,5.646478236642523,0.31346980896398874,1.3309174032994853,0.8288606217112777,144.18442105594244,2.3177902676020588,1.2192151477757125,0.7899184288495129,0.31703532333682233,0.2993817736637671,0.8385463977659969,1.1789547383425025,0.5418231405733543,4.381084318268569,220.02136917224638,56.71099089872553,0.45354219938917684,2.181181959564541,13.603607949064248,2.4784182375907164,0.041717448690922004,2.716667
AM892.jpg,0.8966487047670848,1.2452564251809843,0.868581190283666,2.8938601849023873,0.2928268249832805,1.4001579049432598,0.9187357904949618,142.63838572393118,2.47465939930242,1.1024257362147676,0.7498445931742392,0.2976590355127238,0.47669967652738543,0.7192074796226995,1.112595426459446,0.48741454558085,7.225192017244008,225.34830805069777,50.739162235339705,0.37578361679754657,0.22972972972972974,10.693427985948478,12.955282547068919,0.009730515058929922,2.35
AM893.jpg,0.8124038506813697,1.2273473857873873,0.8746892941219667,2.8432886553308956,0.2648872878428802,1.3703539213721903,0.8897593867816627,143.5194434543386,2.64446630743059,1.1929125449087181,0.7484686253023822,0.3106688295631261,0.40888992706740807,0.7746534983412144,1.0763611076276507,0.5108818868312357,6.0006457690543815,196.1139882988873,39.74613820026798,0.4281734898738024,2.1573738761238763,8.46931990881459,7.099020438464919,0.007975098263364216,2.1
AM895.jpg,0.8827364086500897,1.2850173876274895,0.8351565467309219,3.9589344259056976,0.3678357200073221,1.2807196081373657,0.7321367297691783,147.25581002393037,1.8661302445560164,1.1425662107307717,0.7682872851316246,0.3106707560414458,0.3986510398348725,0.6700273800598374,1.222291456309047,0.4752392688702787,2.4638137815267287,206.52824561408863,47.59407068171714,0.49998381175251283,2.8288431061806656,18.87412398921833,13.17588422587609,0.04318216172931113,2.616667
AM896.jpg,0.9174746643626756,1.2449662226554243,0.8860554882214144,6.95898705287824,0.28654105238081884,1.2552912796531586,0.7808464809506316,146.38260430336277,2.307469904726391,1.2050969201922368,0.7861495868212302,0.32549123398873053,0.2890949001960719,0.727615543919237,1.1755659352612964,0.5292392436458325,5.551674900887036,215.07716248663263,48.424417856561035,0.4695737571158974,8.772762770224698,18.556830124076207,1.5577224527594211,0.011932901578842687,2.3
AM897.jpg,0.9589205772630234,1.266062723839998,0.828270858456711,6.999103069892335,0.31010887329600045,1.3508227743953118,0.8334743954981607,146.4969740911558,2.430038547986126,1.1499789870260946,0.7898857653947332,0.3128414729352516,0.3607985154313765,0.7634601199464565,1.055010933385854,0.4937253981103777,3.3283078816690788,189.32224233712458,42.826970469512275,0.5188416338283216,0.0,10.074690721649485,9.689187975154553,0.04461609870711446,2.516667
AM899.jpg,0.9281437834485627,1.299934328918298,0.802353033421294,6.650520042946891,0.3198367241188741,1.3112388748395016,0.8965922704956554,140.7808673049303,2.2246532171649203,1.1240619473639624,0.7739508983104129,0.29791926258798984,0.40564110830962496,0.5951838961438382,1.1823587958997859,0.4910800103242698,4.056677737377908,202.34449334013127,52.35501965592073,0.45229898416101166,0.0,16.501543003871248,11.598402305749445,0.06246378463673623,2.666667
AM900.jpg,0.8840164416854884,1.2735245599414513,0.8763326616652723,2.4527690481208246,0.31606064110027937,1.435672644629568,0.8005621028207995,145.94156690116432,2.148820270886714,1.0838927481771354,0.7517747870662969,0.293254013401284,0.3717063449864196,0.5896341386311831,1.1751591342693308,0.5028786522375035,3.1265069320094145,172.81543251642978,46.653025261689464,0.4115042606416113,0.0,11.889357648339686,10.036134720964526,0.053420516881334645,2.516667
AM901.jpg,0.9470487784407078,1.3218701015036436,0.8546726407582401,5.71762759170227,0.31907160745611785,1.348674983139478,0.8502996827785868,143.1767577110586,2.252816457970336,1.0711471356777742,0.7561315695055857,0.300878195694901,0.3215042018037283,0.7900526641433351,1.0860415434748933,0.5309553937298042,5.542910639789211,213.8082040291738,79.59657236519962,0.483255062072533,3.540623670691404,19.06493664717349,8.667007429505162,0.029209196819471102,2.533333
AM904.jpg,0.8491553534870573,1.282897664868194,0.8589038251678336,4.390421422094834,0.3256870495818181,1.2195059062388711,0.7514831648186645,146.81713424668067,2.055466700219777,1.2227845873676824,0.763907286603433,0.32476789413933216,0.4228002405474192,0.7811328574756543,1.1287397583585725,0.5189198739735723,3.6032179288439306,183.92027957617526,53.456200302847435,0.37572018972926513,4.305564994457737,16.97978417521565,11.0974747007388,0.0860680956798485,2.55
AM905.jpg,1.038748143285338,1.334331281894951,0.8944867878365134,5.969261223668755,0.3425022247964515,1.38800514234245,0.8872892793996705,143.9662849621325,2.244598982028608,1.1031624304691598,0.7833217581735397,0.30269421865072227,0.3491629040858429,0.6080999909465656,1.1199361108970738,0.45623978942385346,4.2654735050804575,210.38089366856332,48.87788162037057,0.5910898271122261,0.3772189349112426,12.981758552687989,4.084347333061999,0.019237610948652024,2.883333
AM906.jpg,1.0043948231150612,1.291345456036003,0.8452473459598276,7.012207887472583,0.3797452723456334,1.4118184943207928,0.7943118818830287,144.03804614994604,1.9214147191067321,1.0954878493236717,0.7900211835239505,0.2900137212883743,0.25647880547617774,0.49849072306304726,1.2230228522983682,0.5269632967111669,3.695005222924455,208.20218635531137,45.233215974493305,0.49112436566388573,0.0,15.56997599781246,8.884051174435541,0.10847733742874828,2.733333
AM907.jpg,0.9149637077597116,1.2917487685692668,0.8314846060903455,6.605201227727275,0.3618362708215823,1.3949513185765476,0.7873309197560366,144.07579772810794,2.049611681708717,1.1134896664229146,0.7844415420161787,0.2996453143494294,0.3671537312803379,0.6319792366001536,1.117390259451811,0.4851559152346866,5.771399654904793,156.96265511333928,43.53362285527477,0.5323705721026404,0.0,6.1985571899365,16.121049372286436,0.07021856162046773,2.783333
AM908.jpg,0.8536599834418462,1.2359055549588533,0.8381238021224168,0.292150641322497,0.2797296208471991,1.3525356422683363,0.9354954213328087,143.11186044950125,2.686858415353998,1.2348126798951915,0.7509458829383507,0.3151759483155078,0.2831119893361047,0.7870059987111169,1.0707871205619934,0.5794676321234122,7.073642237402828,169.1166073225413,51.75797946391344,0.40189788740114346,0.3622159090909091,16.32107204861111,8.932412313135458,0.048009767356646325,2.366667
AM909.jpg,0.8541660510792193,1.1971171682614101,0.873559873026955,4.785571796697187,0.28401999240220704,1.310221643297489,0.6770533782977853,148.84966269168206,2.3641895824254133,1.2714824081979665,0.7817224621769885,0.3151427451729838,0.2432053833095049,0.7508180569547103,1.2622465969438894,0.5666871760926775,9.022922410559302,162.6877662414567,73.50965863477767,0.40008334085585734,5.223823975720789,19.786466165413533,36.44061948828221,0.05672128053895135,2.533333
AM91.jpg,1.1126036867967852,1.2837637652292437,0.8770754626932521,8.620653551554426,0.4033619999645588,1.3946798348828302,0.7604209828843581,146.8944858173616,1.7597685471191318,1.087812965772387,0.8020270736521626,0.29711230116583637,0.3205188092209159,0.6747727703846349,1.2009016380819793,0.46413117883394595,4.142696671453388,192.93731758962446,60.34235634931437,0.5360505496232216,0.612,14.268295570234628,16.251457013448032,0.017570940576366694,2.983333
AM910.jpg,0.7830603875159,1.2367038279637514,0.879261047005513,3.859486430287715,0.28524910590785935,1.385575992800031,0.9298054174250772,142.911460517314,2.5335011475077276,1.1591184527593426,0.7537314089552546,0.29906137343485334,0.36228161855996444,0.5748139721713635,0.9991905892648122,0.5336204419891198,3.674309870788505,206.6492985624589,51.95984543745891,0.47179537364267915,0.0,6.612880811920601,11.533029002027988,0.09139935815129496,2.1
AM912.jpg,0.9148059266413845,1.2847337026545365,0.9028190892216894,5.977627863758219,0.3150026393354952,1.3570726838673686,0.830211120294565,142.8994783826313,2.1136943674342015,1.0707843257908622,0.7551324802322851,0.2931886867519321,0.3111408909298578,0.6892392789375815,1.222320552259263,0.5071536933523789,4.765056739451296,204.36839469049977,51.80971866241552,0.48982288951452774,2.073546440473725,21.75875045850851,12.796475761790646,0.10094169511959421,2.65
AM913.jpg,0.963540758552223,1.286530449275733,0.8698691205385403,5.864683211788152,0.3048319041595658,1.362305028467909,0.7886741957532096,145.5645050127891,2.2944733828005304,1.1002305674299606,0.7816011061179254,0.3005771591454111,0.4168365367271863,0.7511496698233066,1.1377667839190073,0.4251060807249532,7.010558454269619,171.7849163160163,72.46132081039832,0.6142518359988669,4.571482163563195,22.994757030210906,23.194482266290223,0.0812714018404681,2.383333
AM914.jpg,0.8945539355683106,1.269500187925,0.8815346259587632,5.452688297296291,0.32234270791598885,1.3534185671540822,0.8101116076096987,143.6458059950658,2.148125982061987,1.0787941021252403,0.7542532650827363,0.29808184785978764,0.44844317905608344,0.7576717794269748,1.1906658854040562,0.42763694061422297,6.601023223564708,193.74702118237508,56.949782183237886,0.5628414671623216,8.43151132404181,23.382225609481118,13.042375137156256,0.035475243379541485,2.483333
AM915.jpg,0.9565166453517159,1.3256069027279647,0.8493570324517036,5.62372110965382,0.31774142167113806,1.3605054355818913,0.7997031808207009,145.96910659010018,2.186134440894669,1.105435624543587,0.7886034178824043,0.3029178580657938,0.34470559915064214,0.6529742617854472,1.1575171682201162,0.43091552467733424,2.4454196984960377,219.5084885193384,47.18862708746775,0.718542430660739,0.45373665480427045,10.461858315196775,6.415450017677969,0.005927936148322489,2.666667
AM916.jpg,0.9090639167804893,1.2804290019917217,0.8663952453855442,3.695071911353296,0.3084146399035602,1.3950924847855017,0.8564717986682894,144.26741737654527,2.3550668795870076,1.1227678704164767,0.7529867390350888,0.30454087284328707,0.3567030912176156,0.7271687236433235,1.0721214976026534,0.5034585580803144,5.951773966432249,188.6606453201859,50.555019602619865,0.5011121380403231,4.656521739130435,19.952916876099522,8.469026409011093,0.03763691961342276,2.666667
AM917.jpg,0.9816434937520023,1.2872270198018099,0.8599466116348389,5.306650479003846,0.3081358815390388,1.3547463827564885,0.7597137746833281,147.2644358769959,2.2636431557555072,1.1304991343282513,0.7899816811835404,0.30502700552925727,0.38441682855016707,0.5336874582900959,1.1649330253571384,0.45683315361005467,2.4417394854174748,205.3987181696537,47.36973266240733,0.5354527882198803,0.0,15.93762862884676,9.527845778349757,0.03982457578454525,2.816667
AM918.jpg,0.8132717969494303,1.2281992611439503,0.8440311312426474,5.0047430943488065,0.32278687892961033,1.4343890006598357,0.7570353354349204,143.8345679228011,1.9737919405973259,1.0935927786277264,0.7603241599485848,0.2855089826184607,0.3569386168615841,0.8895451734520136,1.0872730078193553,0.5319586097802225,3.2988010081057406,198.04922105944547,54.49624092699514,0.4264836884912342,5.123289832742394,13.663465023559262,21.72057117653172,0.02451474029757451,2.416667
AM919.jpg,0.8780212147333357,1.2659236055067713,0.807613019753276,5.720742454033234,0.32689008627389055,1.3692580390461089,0.8995563969733882,139.18084479674113,2.178949034288441,1.0999211699062559,0.7539494524810995,0.29066995363409925,0.3334348813739609,0.7176484300562103,1.284201025474886,0.48482028690442874,3.6871320070040534,193.32329722924123,47.732699775764246,0.5435715731424775,0.0,4.855509184261827,16.05483632251665,0.04405271925992525,2.583333
AM92.jpg,0.8947687084961246,1.2475326574031418,0.8533194877331725,6.723412288117684,0.34328584616666175,1.3340035623122732,0.8411546638413562,144.1098499517928,2.0829504085542903,1.1629960502242944,0.7827067527150477,0.3093552538717298,0.3113034174971541,0.5506944554143088,1.2624823977436996,0.5199035808628291,5.55975365408415,195.91451140648724,70.02436319375838,0.4614312673466326,0.5649926144756278,11.12100737100737,19.675263519464664,0.028979673870985316,2.916667
AM920.jpg,0.8552761923929549,1.223095827227963,0.875746965410269,4.935038366258382,0.3312521463251306,1.4028991142476352,0.9544634367870736,143.01873248232735,2.163354534856195,1.1009256589856238,0.7064923243445573,0.29717824443378404,0.43309389139424503,0.7315482054791818,1.2823068499867523,0.43705984144548027,5.36963634669666,164.41704163424225,35.51016185661891,0.5323642426843301,0.0,10.708652750440276,18.69620237392931,0.013154139490794877,2.233333
AM921.jpg,0.9341496645781294,1.3305148324306324,0.8311830340537004,3.5836255966446053,0.30609557478884797,1.1687443971624085,0.8655664154292845,146.6293805177705,2.482662185031116,1.2780034852916256,0.7634391870848773,0.33986194367914263,0.37097410451824997,0.5993443915068566,1.2403122672464837,0.4806691342105503,3.5515302366664008,175.78820677481764,40.338414243697315,0.49944723492501497,3.8270142180094786,12.684763331702543,17.56600025270616,0.037194494700649505,2.366667
AM922.jpg,0.8506554573897427,1.2269231216006544,0.8593156273834814,6.875699517357731,0.3294293927473777,1.4406562008689276,0.788438572642045,143.50165502159925,2.0288468777029895,1.1407666795479514,0.7716919162276067,0.2992032549434358,0.3047730578192817,0.7099994165834146,1.2048249813369583,0.5389107926594666,3.172504996090956,115.75186460363182,39.95607971991089,0.4029783692948289,0.0,1.7,15.459715067186806,0.11532414897636008,2.633333
AM923.jpg,1.0096781590216886,1.3076562405238727,0.8094270860388022,6.975608391239417,0.3228401209137829,1.2490414005188426,0.8083680682248034,144.41365487863175,2.200573268426305,1.2082715172969272,0.8032911440301865,0.32215520563469713,0.3214230048958406,0.4731460591488932,1.2579734992946532,0.44378389358760806,8.384348832497212,182.53929007023595,29.7093885483022,0.644394885196379,3.125,6.246753246753247,0.3982511944176821,0.0341801465900582,2.083333
AM924.jpg,0.8873441727834944,1.2483641838580402,0.8337625778208856,6.23977115137437,0.34556802569723144,1.427639722305564,0.8856020921438215,140.392193013205,2.1635749493268146,1.1213451829105374,0.7691309335742813,0.29263146177832233,0.3617613032623577,0.5975343641717554,1.2059698901923854,0.490016098183773,5.4559427221964105,200.16351347996732,54.42288847996733,0.49482779652644415,2.1448598130841123,11.200137686860739,3.3092683472988114,0.061322771315980594,2.9
AM925.jpg,0.9135914866495917,1.2795167067267956,0.8315720726210754,6.676928842073454,0.3363843145770775,1.4520866545218172,0.8810083004860066,145.56437253586878,2.2650925472950876,1.078892007481854,0.7665372741702693,0.29196526974881215,0.4494561295849048,0.7712753832824203,1.2525184768160813,0.44243712302830107,3.6277295111185968,209.24424924644308,56.4187343723012,0.4640606981232171,0.0,9.70686659192825,18.04343550322426,0.03240119750826821,2.633333
AM926.jpg,0.8949707331731527,1.2734264990527782,0.8975460088854804,3.088887868413885,0.29870543790799375,1.4021615274432788,0.9004747846857932,144.63158542125512,2.474968792754364,1.0852759532988576,0.7485035225934057,0.30344729546791854,0.3117538454778407,0.7154646612284221,1.0636073544739606,0.5564552412219896,4.89245600799277,200.9547120246389,51.779641996627674,0.4205378776244914,7.753378378378379,19.013493842279168,21.23719224290774,0.018516166248120712,2.35
AM928.jpg,0.9202702037352264,1.2933617638011936,0.8310396687189656,5.4388000770129254,0.3264420843507182,1.4059216830729735,0.8940544035018346,144.58736342957468,2.377648557924243,1.1230917762351849,0.7726034540647889,0.30613844791801625,0.4722705711534232,0.8265159901759905,1.099320795882901,0.4651782640110354,3.625620130363072,178.26885564117381,47.47060412806016,0.47665174193260545,0.0,10.571623222748816,10.720482902247738,0.11375181733396353,2.55
AM929.jpg,0.828325382137843,1.2716245448551728,0.9180460805346005,7.7745234318061875,0.34685276545951427,1.3430986544328287,0.6791550790250366,147.92270458568038,1.9184972235315254,1.1111483974426797,0.7719432898699127,0.3095232966054911,0.43178342972640754,0.7259704091042931,1.1370842702883417,0.4552094438245068,5.199461610715497,187.42724225414315,42.22750250137801,0.5199149767561623,0.0,17.635410641989587,10.122493679552107,0.034547111828896804,2.416667
AM93.jpg,0.6594700545253401,1.2371956992513309,0.8656956616597256,-1.3824768547482995,0.25629346857949287,1.4263866479008658,0.8757664976421383,143.09595395799727,2.5982923696375186,1.1031291748723164,0.7128555395293064,0.2925351005471012,0.4268964000672858,0.9631901079269867,1.133868515059383,0.5311452404808863,5.260020628646871,173.28406995347677,70.04952161750212,0.40317243299955063,0.0,15.632647679324894,16.39879343497742,0.030785593082683582,2.133333
AM930.jpg,0.9374998257237601,1.2902304272013323,0.8344548346974653,4.502199798544405,0.2689700152818355,1.2682929142219324,0.9235854106910342,144.8990419344824,2.732347584860802,1.2285161566306546,0.7800053453248184,0.32244780736445505,0.3792816451741546,0.5689755605211623,1.1671777141366522,0.47216312334397803,4.884337554275164,211.72425705782894,51.6995762067651,0.5271471566446033,2.47172859450727,7.583597159236758,5.795930423203615,0.02010513004638184,2.483333
AM932.jpg,0.9361405805544291,1.3544481896230076,0.800742248150435,6.81153226715119,0.37712702817954014,1.1906680418156292,0.7421362703012646,144.01440654578136,1.8232008572242426,1.1751874450380113,0.80047843254975,0.3200736119685985,0.3874981648977759,0.5400419467092809,1.2330448941000298,0.4697720294839238,6.501132614142966,209.20560858399577,79.49656903597318,0.5105209728618022,2.4077596433100172,15.622819413312541,14.593876623196934,0.07588077229285793,2.35
AM933.jpg,0.9497627148976101,1.2683430737649306,0.8714074794110617,5.637932166312838,0.36535672353125415,1.2625904391263851,0.7981074530377481,144.85032923799255,1.9588437863927837,1.2047561865822418,0.7777735666533236,0.32124669717446447,0.3475929712309399,0.5859631179001721,1.1309649926282932,0.474970865987398,6.513405783286574,184.4470880540648,53.240577372477844,0.567678671862738,5.14751552795031,21.29255490956072,15.05096599790538,0.04686794979914774,2.75
AM934.jpg,0.7299152642723058,1.2200796411771178,0.8733230953548643,4.560041980173846,0.29197249396386127,1.288732329892183,0.6966140800591251,147.9521369188472,2.232300769577345,1.2176332521931634,0.7789495093144723,0.31721173771450367,0.32076226835638066,0.8147165825779973,1.060953658920206,0.5588991260453754,5.8161578544946,153.77414129233244,43.58250010986556,0.44623478895457946,6.506929356771347,10.078565024786414,8.123520859673604,0.05467928405620927,2.016667
AM935.jpg,0.8854760388746437,1.269788892803766,0.7773600948446735,6.037008409338245,0.2975137549841765,1.544813795478826,0.7910153168902377,144.9895963470945,2.4127343507481203,1.1256690484158027,0.7913149637963719,0.28921366573142104,0.34573406645361693,0.6009396687454027,1.2158168978846953,0.4838916702820617,4.41876878795799,194.0370574545575,55.71594906009949,0.4819506092424387,0.0,22.467117281695288,8.202971150790319,0.07598292453046403,2.016667
AM936.jpg,0.959200335333487,1.2827761651507206,0.8910258168100795,7.9069262855682005,0.2937974970183307,1.3708970924678467,0.8624191689603506,142.93662688800072,2.3803207603623964,1.0731170693405694,0.7738445284203481,0.2987770859886348,0.41913237496662775,0.6454871923654661,1.1101924499009286,0.42382863004974397,5.793360863092387,211.59543519394512,39.46957482029714,0.6354402914390812,1.488350421845137,11.966750122129946,12.229440971988566,0.03312919725726314,2.283333
AM937.jpg,0.9400282008819598,1.2528560167596854,0.8893085698281077,9.031230700623295,0.3718946700179248,1.3641052724729645,0.670427958424733,148.4253157384382,1.8242735966483883,1.094632278652043,0.8070910784703212,0.2950691915899443,0.2743922181099312,0.5733451855250663,1.1217324846401684,0.5355176380778287,5.513252684088224,190.81559103461518,54.700905719929864,0.4789559669183131,1.4300340594548429,13.627595657215137,11.976143586934981,0.03396609256356532,2.716667
AM938.jpg,0.9051939430769972,1.2896389673767397,0.8743593528065015,5.224556284397025,0.34760367077390353,1.2624360767952287,0.8726094955730239,144.61408313240847,2.122868763839057,1.1747256826159038,0.7646688465787266,0.31966824102783886,0.3294434134685596,0.5445419509181177,1.1530011587587767,0.5078580544983946,4.443856018218064,171.8441086408156,39.79005458676153,0.5257204727133505,0.0,7.550467227041045,9.960519459529038,0.01461928115425842,2.9
AM939.jpg,0.873218757006933,1.2699787982582087,0.8814959656187843,4.4571593550791695,0.32018124558777294,1.3290637827648697,0.7640433147937352,146.45245349213448,2.1739925088593157,1.1351802366679211,0.7672890122202893,0.3118907814988855,0.4138099185118806,0.7906142478038336,1.0988894641986238,0.5248304560572497,5.875403144189761,170.22306278785084,33.851800329379074,0.3621013143050209,7.51204501494637,12.758204633204635,10.843401011110672,0.01087063333441047,2.683333
AM94.jpg,0.916181379273618,1.2800746310889555,0.8904259308318491,5.852706846504272,0.3074312952072372,1.2342070266559735,0.7744499323645206,146.37355369010814,2.3201748928749355,1.2161410891598836,0.7829445692462728,0.32806203425386843,0.3237522418928407,0.6588569846115191,1.187194466763338,0.4952228876489539,4.746585483381475,173.11784517246275,43.14408951635414,0.5107102181037382,0.3834586466165414,40.85629290617849,13.482861061156015,0.01726354575226367,3.3
AM941.jpg,0.9658297839384327,1.2210910743559371,0.8740121514195318,7.668871167218452,0.3451804889528345,1.3327721632085983,0.8731893317135653,140.2097736519983,2.0426978261880415,1.1751272353606048,0.7582921443732585,0.3091748948631135,0.24920887034417621,0.7161518530995294,1.2832055264110642,0.5085809035251433,5.949665567210372,190.91642708267233,51.41589117699172,0.5273579560809173,0.0,25.738181471597407,4.074525753827103,0.040328080851954114,2.4
AM942.jpg,0.9687327301808283,1.2901342291742717,0.889993768310567,7.60218558401106,0.35031395090091133,1.2876340188780624,0.8032446275746891,146.76479353793007,2.084705972321056,1.162581576703861,0.7890721808595691,0.30855213506886064,0.27498622101326065,0.7455869906204619,1.1144521202247426,0.5653006253958492,3.9777704677240955,177.37083319057865,51.15970389434297,0.41123427536048834,0.0,4.124009907376351,17.007297402631878,0.03683989006341639,2.866667
AM943.jpg,0.9113946592247191,1.2628973610329555,0.9047536703762662,3.8718939857278327,0.28296567297168007,1.4347119865775497,0.8958849722737038,143.8350947370111,2.6372740657769085,1.1274732754304533,0.7588668122208503,0.2986536538757791,0.31837639193957107,0.48339458486517956,1.1513446038073432,0.5176083047914583,4.708824704459759,188.12224296443367,36.14533765265537,0.461510437832095,0.7271863117870723,6.485869565217391,13.439346132929856,0.026602792075701275,2.85
AM944.jpg,0.8835415640165608,1.3348617345089893,0.8320630786450246,2.543725174030555,0.2650711100784652,1.3111717896048438,0.9561885562488529,142.46069054421957,2.658953350986102,1.1300908091096842,0.759890634818217,0.31195909424996,0.4084707161045474,0.6899123691601108,1.2168034286809901,0.4579493983731315,6.624554356969368,188.6825450937635,40.38743548162185,0.5385482619277979,3.5284519697170302,10.85092382328654,8.073107342759485,0.01657403513148873,1.783333
AM945.jpg,0.7878737222250678,1.2653012800275036,0.8500382658392733,5.529786261344833,0.3077687996332974,1.3982054315597272,0.8996756236167159,139.58467494228324,2.2683743455716865,1.1200976703864318,0.7472779668707039,0.2932978226211489,0.4116910101529918,0.6727813863991818,1.1293660925378326,0.49466609116128407,3.9755859666291857,193.56537213914322,26.692449362994637,0.4626649581708961,0.0,10.5489837398374,6.172840255668916,0.017961705470481558,2.183333
AM946.jpg,0.9987291773842035,1.2955100425495014,0.8553220050568042,5.6647318911807325,0.35471150441833604,1.3576364401299625,0.8709084226833114,143.10902794048076,2.0801203947579765,1.109154072452947,0.7600897613889546,0.30231298628128195,0.3582559464212301,0.7010553809282897,1.2643376880442303,0.5108440181871842,5.036327585789818,196.32311379181652,52.18678726120427,0.388107833864951,0.18451519536903038,15.556179438305588,17.256340364726682,0.04386627107304147,2.716667
AM947.jpg,0.9488086609183125,1.2899981249289296,0.868371905756625,3.0077353874155732,0.2997879208292321,1.328606311929822,0.848989386224212,144.45186906613034,2.3915639898502117,1.1016904389404474,0.7620540118800814,0.3073846248735926,0.4526866355617442,0.7951189267500842,1.0414461082652726,0.4554673262843831,5.626879220619777,202.493332817853,53.591077178755256,0.5474869663306348,2.578794077875247,16.166161439817166,4.959128837753482,0.029000002581587032,2.016667
AM948.jpg,0.8040783595853797,1.25037469258671,0.829563015648125,5.254141276103548,0.31495587653666335,1.301954635625402,0.8401410279352157,143.46247078258517,2.282328741676913,1.1791323130095865,0.7640893975675871,0.3094571635190788,0.31896221182275963,0.7655500746801626,1.1584336585727733,0.5617481855961719,4.212273454091215,206.3241117120749,44.83998472794792,0.4081138296621934,2.798503906994473,8.798832703604623,11.171875203060978,0.04008770427015591,2.916667
AM949.jpg,0.8505439523674482,1.2664768873313894,0.8338565220545258,5.555497076065299,0.3185553790547117,1.2704933357844599,0.866691099266506,142.3451879277503,2.223144646431741,1.200984234458589,0.779138021870314,0.31753971168571504,0.38164865469300013,0.6246752358399394,1.131431471754642,0.5089656758206829,3.9037834801313944,181.21727339919167,35.62603905214337,0.45562106594722795,0.0,10.025645983077062,3.7926224844324707,0.10360152483723387,2.9
AM95.jpg,0.7986669960133375,1.2260660607038458,0.876358386305237,4.726118432888693,0.3036561812793368,1.3283448383655607,0.772944105678652,146.67493747823906,2.2370261194430445,1.213138794373375,0.7719204968409373,0.3167924302074781,0.24665330688092846,0.5630555979587594,1.0644470369367565,0.5921034177633785,4.751249610878686,164.91482112088116,46.26865176604245,0.41798585468553534,1.3484136310223267,12.10510902865381,12.04151837236239,0.014678959337098164,2.333333
AM950.jpg,0.9425384587931184,1.2880793346984176,0.8632532535824361,5.215567016420289,0.3042262820201267,1.2876034218807393,0.970420921898343,142.6304754290961,2.4802827057675128,1.1776855678774012,0.7743768193258326,0.3161022751948314,0.35730269490443617,0.6594993452033842,1.1639258578563207,0.48961365729035783,4.171401261156191,212.09505931156497,42.072308535970336,0.515653759299808,0.0,10.278743862520457,3.0702598159264625,0.047745059752858234,2.55
AM951.jpg,0.9375377843525882,1.249379507665151,0.8844783368599606,3.317306120075151,0.2519556949177435,1.3230357088842368,1.0285458483290866,143.95274413603966,3.1405765790852893,1.2358474223090243,0.7496745521858661,0.3248480689071756,0.3839610297162345,0.5611214764735567,1.0578015048834437,0.4599857772830846,6.566965156873117,217.52932181823275,62.62388703562405,0.61037325719801,3.217665615141956,12.267409347774901,3.7655625826544394,0.015099509311659298,2.2
AM952.jpg,0.8940450106057549,1.2502094539326765,0.8313548350014811,1.1814437711510404,0.3144667680476355,1.4998067854398165,1.0661616732812447,136.7846931622582,2.537920207739525,1.1272894515548453,0.7536368612277328,0.2932312849125092,0.3405175505050046,0.8761237396904298,1.1639628732673315,0.5188944854061547,5.4824202129002995,204.16354449557272,66.99974359059533,0.44580188359163364,0.6179321486268174,10.750480433263451,10.086784003874456,0.010537642612977965,2.266667
AM953.jpg,1.060122775826513,1.2733691572971433,0.9108342619166496,8.368736040056294,0.3108136772412113,1.3771558629016942,0.7674031891008424,143.7564399065203,2.1950752138264926,1.120323471487195,0.796477260914017,0.29998151909735926,0.29710723932493627,0.6709192418213766,1.1717212690700014,0.5320255711102918,5.683619699175445,174.81779609252698,34.69629071618289,0.39013556543985534,2.679509632224168,14.484957829753935,6.009411909590227,0.07715161924310698,2.95
AM954.jpg,0.9638450236996097,1.26087687082104,0.8429964187583908,6.907287578718954,0.360455851344881,1.2664290472708113,0.6829425884089795,147.969100736906,1.9206308541707142,1.2558777600304394,0.8050229662163492,0.3279117440626025,0.2630282217701075,0.6747154391843887,1.220938067407293,0.5334884403773603,3.746706031616747,186.35892302788932,43.39325779183781,0.46196074498699474,0.0,15.964261477827371,12.057130795722045,0.004447197352366215,2.783333
AM955.jpg,0.8724608992186681,1.2542557370853467,0.8405223217567588,3.4311118869198642,0.29400452359724555,1.4026966661730988,0.8571423684086225,145.0592130560457,2.4662886811118763,1.2175506762078647,0.7718290533330696,0.3126405316647766,0.39021335621090864,0.7080173804052436,1.101904841182533,0.5004656195327117,4.24651285484205,189.93439029384456,40.29717476506278,0.44583435033257013,0.0,9.146004741319203,5.336223109446351,0.019121690077222277,2.666667
AM956.jpg,0.8237967157998127,1.2530473415485341,0.866895101781032,4.829006599817736,0.27799635360780384,1.3007715213844908,0.767515491833084,146.52272288798378,2.373679742665291,1.2230556257891565,0.7892822700146774,0.31850560824356716,0.35175590829636816,0.7902394312776194,1.1021088163580441,0.5676425591465829,6.466091325384562,200.86423539490318,49.057783781999944,0.31477774723907637,1.5096408941657944,17.022229755908562,10.0509582036848,0.04812676510212891,2.383333
AM957.jpg,0.9000131632626346,1.3068832105156218,0.8571099558469031,4.763884406030842,0.311881817255367,1.332709993044954,0.8703338989468935,142.3794957662257,2.1666789117386323,1.156031479291226,0.7524293853264549,0.3109527318815841,0.3980326169470415,0.6302144061015635,1.11948874540329,0.4231531436698406,2.08744852354399,222.63052449912476,51.10248308411181,0.6836664786794571,0.6538461538461539,15.29924214280407,9.086917751764446,0.02775843100036147,2.05
AM958.jpg,0.8866306271306025,1.235309288784276,0.8733339445405133,4.878846830428314,0.3023997195026451,1.2492202697003096,0.9257282731882779,142.06322375076496,2.30042969856507,1.193638483093474,0.7541056385504619,0.32165387965607245,0.3138230630548615,0.7747379788827418,1.106709005220549,0.5314649376225692,5.466355447097347,212.41087873957355,43.949839778534596,0.4767467919165864,0.0,9.312013990818524,2.5048681381387894,0.01956842296925804,2.316667
AM959.jpg,0.8973989923962373,1.2757846051492034,0.8141960395966634,3.1125254164343987,0.25439987775798323,1.4764088451129702,0.7772833250088679,147.95306225440675,2.778557718583141,1.0992808385637063,0.7788408192545563,0.2891155646578649,0.4240699579813363,0.6086379964456184,1.1019766183406832,0.4200447912671463,4.51379976336294,159.36688376210435,60.03900459281549,0.6509261392601735,1.59876525443242,32.336630406879735,11.467451846009624,0.036860146796443664,2.083333
AM96.jpg,0.9249924366814514,1.28354795970352,0.8442728703878469,6.123128016109133,0.3483208158376659,1.360007875170869,0.8594107270993059,143.89475007833215,2.0662318934725628,1.135803463657182,0.7790990806993433,0.3053886091805221,0.3683550597228186,0.5718198890338556,1.0282660742909029,0.46640975559073994,4.617874172547788,163.9796457426973,74.47931657877368,0.6168198550208971,1.2051039697542534,10.508241758241759,25.83148177202584,0.007399437858653797,2.316667
AM960.jpg,1.008008007267444,1.290305783675712,0.9004414197082057,8.346779013692883,0.37083492222332604,1.2803140824649748,0.7031919196016058,148.97425740814612,1.8382196208804111,1.1330628837051957,0.8051511616531639,0.31387131729657963,0.4114709328066093,0.6928415901884644,1.0588529582740396,0.46942529655850795,4.753889955181014,193.64109144137961,53.05895252186474,0.47990065594448067,0.0,20.62327188940092,14.702102067464082,0.053544012257101946,2.716667
AM961.jpg,0.8774272889482897,1.2467948950756158,0.8553789400196876,4.935677503438157,0.3670486746973798,1.351210509147295,0.7562495921942279,144.40773069910546,1.8648681887481482,1.09583811914842,0.7598224201047477,0.29910768009839633,0.3515986728971357,0.7024394215855063,1.2211921880181968,0.4815171699009192,5.362246456588448,177.81460175421608,39.508459719667144,0.5359078493887008,0.43739279588336194,6.9973214285714285,6.353510606432295,0.02510297140434617,2.916667
AM962.jpg,0.9416954278663211,1.2676497545396268,0.9059334672284101,7.250873519026584,0.3219390619460346,1.222660092138354,0.6854075148495273,149.06547511820747,2.139957216265962,1.2331405075055162,0.8007409473055119,0.32296102560547135,0.29050334644459447,0.6614770694091913,1.1594262424296706,0.4957035897927671,2.9676043903595533,195.84328830539297,39.75476946227289,0.557086407623825,0.0,3.377963813124494,17.170915807136126,0.027225282371725314,2.716667
AM963.jpg,0.8915959095906093,1.261785367293928,0.8727973050297435,5.897831440437743,0.3441106650782546,1.2489237627144547,0.7509343116962091,147.88663399217194,2.0360346053555243,1.2297642542138991,0.7899496195321762,0.32783356551381654,0.3469728004401314,0.6944462643387833,1.177532244212606,0.516682644405016,3.655012860466348,191.30962995908203,42.128437298531566,0.4205288450599875,5.2814472761281275,16.50423728813559,7.9808820880798095,0.05184384436661155,3.1
AM964.jpg,0.9520728683031455,1.2516507880332062,0.8210024258542321,7.882447824482875,0.3237516448363444,1.4162858320344183,0.6927631902838168,147.49338792306867,2.0325270595777782,1.1243886453960499,0.7972305888755407,0.29863393159198076,0.3805785902593676,0.6520563983687961,1.2080847482496317,0.45323010113549234,4.195548500788576,210.88073781546112,57.40062212493328,0.49518024491767415,0.0,16.08854889042996,11.3755306874815,0.032584214656272016,2.266667
AM965.jpg,1.0257609383302422,1.2636258413999224,0.8830297480566636,7.142808466947454,0.3666721426090138,1.3345013111101502,0.7458110285503574,145.45842885711113,1.979889556113697,1.1107967775962222,0.7843302195658474,0.3058677983165665,0.33615100922531677,0.7831214550380591,1.0590554677606556,0.5251361791878625,3.9690017065339607,191.22934372396216,56.77657499432047,0.4410797811162716,1.4049586776859504,12.840159701255363,5.85366776449348,0.03899490896862314,2.966667
AM966.jpg,1.022763597692917,1.306197299921739,0.8167666196786642,7.582018865056206,0.37529546541600345,1.2900526207707876,0.798768752255417,142.65664168358077,1.8997632409626704,1.1511306826464394,0.8042704273120961,0.3098157239369795,0.2793606989511561,0.4837283864555879,1.172972552000484,0.5116909368568566,4.477747334037641,198.19367015098723,41.672473143505925,0.529774104848684,0.0,14.582854374671573,8.729784668111833,0.02162012351619308,2.9
AM967.jpg,0.9427690431708446,1.2655812140011689,0.8827947363394929,7.081631220026814,0.3335128894787993,1.2243860070044847,0.766012811553024,148.39592875341816,2.1295271145756205,1.2238580078809551,0.8017683201928555,0.3288517085881536,0.37637866072384646,0.6601001667127765,1.1308593927732689,0.49043576254997784,4.49612727737268,197.4236512880174,44.39736112248673,0.47980654909613163,0.0,9.795541911858479,10.41146202417687,0.02283461803844659,3.133333
AM968.jpg,0.857173320420998,1.300696015732563,0.7734830500308799,5.3547907006870235,0.2867717509729877,1.4399554656323907,0.9648086711844159,142.0618856515328,2.6200516157619247,1.1211276912958044,0.7554172843628303,0.2948728619203903,0.3717437005161393,0.8131164517301571,1.0972434072423487,0.49324430421639703,4.899328980121157,191.27784230942757,65.10330036150086,0.5408464785012538,0.0,15.640453472863445,3.9519078807097827,0.0355859866310793,2.233333
AM969.jpg,0.8635304193291579,1.2973062159856885,0.8590749463678954,3.87445289532549,0.32786104393681337,1.5156854413640812,0.816596541710361,146.86742125332478,2.2955198401418677,1.0488305356112937,0.7626658110675428,0.2890674988012606,0.3761868431300199,0.5834542388215416,1.2918226030292443,0.4818335935978216,4.346931283945083,167.91224704231533,49.63812236255444,0.46394756690751693,2.262807614920291,19.745827108340634,8.033468833972506,0.026024857366971473,2.883333
AM97.jpg,1.025129029602511,1.3205552912112968,0.8719793790228431,5.827822426834434,0.35665728088743803,1.2533232456853964,0.7182496793633442,149.22545651134834,1.9692082051214013,1.1910285766361672,0.8050957059433088,0.32589282845546363,0.34421518406526885,0.5994926482477746,1.2347901456807195,0.48946884052960604,3.861753971123301,182.09841280133287,49.321649315855694,0.4504262064404845,0.0,18.35462860310421,11.074031404904218,0.029811195877052443,3.733333
AM972.jpg,0.9349118493055558,1.2356862516526543,0.8414020688920621,7.347407495317386,0.3194056105510712,1.430376241896551,0.8826163987723398,142.74439008071528,2.3531225692599005,1.1489186317546087,0.7740029643014469,0.2997362176639531,0.2770323009124389,0.5909402480496321,1.2028965238449572,0.5190334585014931,4.831747359945892,217.026245793108,51.60349005198066,0.5102960938465574,0.0,19.166231187290972,11.445542856097575,0.056909652656781475,2.583333
AM974.jpg,0.9846198773139072,1.2682170527475198,0.7978916390725107,5.2971421472082465,0.24511464937743366,1.385764545660682,0.8789135852645523,144.92274627412974,3.1187492606380838,1.2260803503633435,0.7885212967019071,0.3131705700675419,0.31630602103206545,0.6135639363715891,1.192244340636926,0.4846262992343816,6.735091276364021,140.19585386531182,40.95937515414957,0.5340978433312802,14.427772894577815,21.442404426559357,26.61063687479681,0.06371561163981433,2.483333
AM975.jpg,1.084114988850841,1.258230730749591,0.8837667571271376,10.733580245465362,0.37710193142727466,1.3201390818398226,0.845991495765971,144.46405450261642,1.9790769703186974,1.1456873520156163,0.7895311217108031,0.30714854528354235,0.2667815536249257,0.5678275481969357,1.1791579774164165,0.5196383372227532,4.415057335539633,199.63116545655805,44.268314484635795,0.49831041020978206,0.0,11.962433417437623,15.872940284727221,0.017102828685368554,2.716667
AM978.jpg,0.9389440687586973,1.23660033186641,0.8809178844858709,3.076145055342799,0.30539470328941853,1.330522653875648,0.7361786265086111,148.1425648370402,2.322471375344387,1.2112319591547154,0.7896552978275158,0.3118381458928943,0.25643378937738315,0.6011937804363143,1.1635150275093025,0.5666245812615868,4.786734173723122,181.21472612764424,44.72434151225963,0.40711668175211524,2.8123789802065406,29.681310608286807,14.268015340835035,0.06372993761290506,2.666667
AM980.jpg,0.8807343196703374,1.2943454240076822,0.8415027762347009,3.6358829327976068,0.30821163350868364,1.3749913328735446,0.7968372664300795,146.18637032829074,2.161012755801865,1.1377576354822914,0.7560775343528163,0.30001575747658854,0.3093152575277886,0.7669267391063181,1.2913654273626958,0.5459224685632319,4.828279017930034,203.61463916113908,45.21929032392978,0.36413047699219625,1.6346153846153846,23.302000418935904,13.171968478408147,0.03311453999374588,2.283333
AM981.jpg,0.7776115318963601,1.235034723580822,0.8813156317792097,2.6185999447309545,0.2716485605455968,1.333260829306359,0.7898501325699955,145.62109110166074,2.5425138388190107,1.2170027506366115,0.7466545447776097,0.3068750638930095,0.340679932118667,0.783092239727612,1.1273423325866287,0.5494213454526373,8.003831352531492,130.81460101379975,41.3780068109012,0.4096836808449813,0.0,31.011072670436583,23.23393011269058,0.053426307182809794,2.566667
AM986.jpg,0.8655348010300905,1.214015525646716,0.874206930222953,3.154534240843661,0.27077351633888097,1.333446555907538,0.9907915721352628,143.91566322107514,2.84542838316974,1.246662092298482,0.7633946184837539,0.31792203163244115,0.3016855771453441,0.7291334274346797,1.1795149009914436,0.5464689074578379,4.445596151173685,204.46887798434423,52.81714510184213,0.4162831829374437,6.6974240017020055,18.71460896519682,11.263417437670682,0.06002023186185408,2.183333
AM989.jpg,0.9570306852324058,1.288036929532986,0.9074707142502393,4.4847728616034255,0.2951726628968631,1.3560256138569324,0.8815948356801024,145.0375684279195,2.409898823100296,1.1302891928385221,0.7905986117917703,0.3031836576083889,0.2552026446183962,0.6007605539938551,1.1907679064321415,0.5574561305005172,5.6578834226509205,173.73783784625545,54.40033784625544,0.4173358334139459,0.20799347471451876,8.109382731321128,18.912771310836703,0.038247115567879617,2.516667
AM99.jpg,1.194262273321993,1.2972253221532322,0.8458669415101986,9.152941846030659,0.390636271184581,1.2835139046834987,0.7413183394089466,146.90102664265862,1.8583340173820997,1.1204733003302778,0.7985649054801228,0.31338002258908343,0.25328022565726616,0.6362330036567878,1.1813876847593552,0.4746277421948902,5.2853753799099294,184.4777781118787,37.38503138179547,0.6417091621014734,2.332317073170732,11.3783638423545,14.552782924212394,0.12985363564520555,3.566667
AM993.jpg,0.8638450531812589,1.2478123732868882,0.7969028555208867,5.352226123814881,0.35196250624943104,1.3451193658846472,0.7827949960511297,142.40621081798363,1.8976419255080699,1.1654955048676636,0.7749336132434637,0.30184067364397854,0.4084318719465408,0.5973224293823749,1.2799490795945176,0.4414697272337595,6.9056220257459255,164.87396357193535,56.74746954803096,0.5381581937573763,2.7695464434043116,16.030810889929743,9.952203878435085,0.047907855696152704,2.283333
AM994.jpg,0.9950993918025668,1.2840224163238005,0.8624671256138302,6.692323866578182,0.30174057791790865,1.3125718180215742,0.7382188829295461,148.62264334314602,2.3808438341475084,1.2045549439580925,0.807595493403512,0.3132859863408528,0.29661005373501975,0.6346059419633676,1.1907017241536602,0.5726041652915611,3.721511404834189,188.8613743149279,53.73144886231873,0.3190301451630283,17.09980829139708,15.887969336310688,6.385840510860419,0.01054480202312055,2.716667
AM995.jpg,0.8986149249737343,1.2599035434960892,0.8733596855275445,7.497808740102089,0.33734159429851,1.278933234671612,0.7291097099936696,144.93199888526897,1.9890091954857243,1.19939624527215,0.7973145141318123,0.3165972983006,0.347294418724106,0.7530365223836554,1.2505002342686744,0.4954556948968546,4.761765170124416,207.45220951386523,57.129132590788316,0.4399211841213278,1.2897398843930634,12.632939213871705,9.856888260666537,0.03757264296966146,2.7
AM996.jpg,0.9057148519497423,1.249149151820137,0.8662737072020689,2.213710883551204,0.23765175760422355,1.3933334607447334,0.8950862161762705,145.89843981809204,2.9675383166513174,1.2406840179609617,0.7761532077652967,0.3115481053525046,0.2901288651727326,0.7394003012549035,1.1778587554651283,0.5440761373593656,4.687760384840109,149.66189578104164,40.260474821894206,0.4073741662998299,0.7846153846153846,13.962382445141067,8.134809920058004,0.0325792848448974,2.05
AM997.jpg,0.9573550172696639,1.2787619423772172,0.8443803322437146,6.513365420761835,0.28932673074567616,1.4805781170834802,0.7363903199020764,146.37932329797465,2.3239944224950837,1.0799355374432151,0.7843644318408783,0.28800517847041696,0.29385684562828407,0.6294366527534567,1.088838348833205,0.5163509095203733,4.82710276200244,206.66638757647107,37.53520478077215,0.5140805400521091,0.17882187938288918,7.5036809423212345,4.885682193144717,0.027314313627981673,2.55
AM998.jpg,0.8840306761416898,1.2468880702675678,0.8190228540393631,2.859091346111061,0.28734563988679707,1.321634786689846,0.8763132962134769,140.81049635843897,2.545803889321655,1.2419368643573618,0.7688618012744334,0.3130968932048757,0.3398976537705976,0.5372735913120343,1.2436481537805724,0.4931909437406986,8.754352532481047,190.00341823099154,49.663282176569766,0.4957888840496515,31.550050112753695,28.261768082663604,17.608633732621385,0.05187728071443021,2.583333
